; external perimeters extrusion width = 0.45mm
; perimeters extrusion width = 0.45mm
; infill extrusion width = 0.45mm
; solid infill extrusion width = 0.45mm
; top infill extrusion width = 0.40mm
; support material extrusion width = 0.37mm
; first layer extrusion width = 0.50mm

; external perimeters extrusion width = 0.45mm
; perimeters extrusion width = 0.45mm
; infill extrusion width = 0.45mm
; solid infill extrusion width = 0.45mm
; top infill extrusion width = 0.40mm
; support material extrusion width = 0.37mm
; first layer extrusion width = 0.50mm

M73 P0 R30
M73 Q0 S30
M201 X2500 Y2500 Z200 E2500 ; sets maximum accelerations, mm/sec^2
M203 X200 Y200 Z40 E100 ; sets maximum feedrates, mm / sec
M204 P2000 R1200 T2000 ; sets acceleration (P, T) and retract acceleration (R), mm/sec^2
M205 X8.00 Y8.00 Z2.00 E10.00 ; sets the jerk limits, mm/sec
M205 S0 T0 ; sets the minimum extruding and travel feed rate, mm/sec

M486 S0
M486 APart for support structure.stl
M486 S-1
M486 S1
M486 APart for support structure_1.stl
M486 S-1

;TYPE:Custom
M17 ; enable steppers
M862.3 P "MK4" ; printer model check
M862.1 P0.4 A0 F0 ; nozzle check
M115 U6.5.7+12836
M555 X107.021 Y51.078 W35.957 H106.823

G90 ; use absolute coordinates
M83 ; extruder relative mode

M140 S60 ; set bed temp
M104 T0 S170 ; set extruder temp for bed leveling
M109 T0 R170 ; wait for temp

M84 E ; turn off E motor

G28 ; home all without mesh bed level

G1 X42 Y-4 Z5 F4800

M302 S155 ; lower cold extrusion limit to 155C


G1 E-2 F2400 ; retraction


M84 E ; turn off E motor

G29 P9 X10 Y-4 W32 H4

M106 S100

G0 Z40 F10000

M190 S60 ; wait for bed temp

M107

;
; MBL
;
M84 E ; turn off E motor
G29 P1 ; invalidate mbl & probe print area
G29 P1 X0 Y0 W50 H20 C ; probe near purge place
G29 P3.2 ; interpolate mbl probes
G29 P3.13 ; extrapolate mbl outside probe area
G29 A ; activate mbl

; prepare for purge
M104 S215
G0 X0 Y-4 Z15 F4800 ; move away and ready for the purge
M109 S215

G92 E0
M569 S0 E ; set spreadcycle mode for extruder

;
; Extrude purge line
;
G92 E0 ; reset extruder position
G1 E2 F2400 ; deretraction after the initial one before nozzle cleaning
G0 E7 X15 Z0.2 F500 ; purge
G0 X25 E4 F500 ; purge
G0 X35 E4 F650 ; purge
G0 X45 E4 F800 ; purge
G0 X48 Z0.05 F8000 ; wipe, move close to the bed
G0 X51 Z0.2 F8000 ; wipe, move quickly away from the bed

G92 E0
M221 S100 ; set flow to 100%
G21 ; set units to millimeters
G90 ; use absolute coordinates
M83 ; use relative distances for extrusion

M900 K0.05 ; Legacy LA


M142 S36 ; set heatbreak target temp
M107
;LAYER_CHANGE
;Z:0.2
;HEIGHT:0.2
G1 E-.8 F2100
G1 Z.8 F720
M486 S0
G1 X120.163 Y95.109 F12000
G1 Z.2 F720
G1 E.8 F1500
M204 P600
;TYPE:Support material interface
;WIDTH:0.37
G1 F1200
G1 X120.163 Y95.211 E.00277
G1 X120.429 Y95.211 E.00723
G3 X120.163 Y94.508 I.331 J-.527 E.02195
G1 X120.156 Y94.193 E.00857
G1 X121.174 Y95.211 E.03915
G1 X121.92 Y95.211 E.02029
G1 X120.113 Y93.405 E.06948
G1 X120.07 Y92.616 E.02149
G1 X122.665 Y95.211 E.09981
G1 X123.41 Y95.211 E.02026
G1 X119.977 Y91.778 E.13204
G1 X119.862 Y91.044 E.02021
G1 X119.988 Y91.043 E.00343
G1 X124.156 Y95.211 E.16031
G1 X124.901 Y95.211 E.02026
G1 X120.727 Y91.037 E.16054
G1 X121.467 Y91.031 E.02013
G1 X125.647 Y95.211 E.16077
G1 X126.392 Y95.211 E.02026
G1 X122.206 Y91.025 E.161
G1 X122.946 Y91.019 E.02013
G1 X127.137 Y95.211 E.16121
G1 X127.883 Y95.211 E.02029
G1 X123.686 Y91.015 E.16141
G1 X124.432 Y91.015 E.02029
G1 X128.628 Y95.211 E.16139
G1 X129.374 Y95.211 E.02029
G1 X125.177 Y91.015 E.16141
G1 X125.923 Y91.015 E.02029
G1 X129.837 Y94.929 E.15054
G1 X129.844 Y94.191 E.02007
G1 X126.668 Y91.015 E.12216
G1 X127.413 Y91.015 E.02026
G1 X129.885 Y93.486 E.09506
G1 X129.921 Y92.777 E.01931
G1 X128.159 Y91.015 E.06777
G1 X128.904 Y91.015 E.02026
G1 X129.989 Y92.099 E.04171
G1 X130.076 Y91.441 E.01805
G1 X129.65 Y91.015 E.01638
G1 X130.148 Y91.015 E.01354
G1 X130.103 Y91.28 E.00731
M204 P1000
G1 E-.64 F2100
;WIPE_START
G1 F9600
G1 X130.148 Y91.015 E-.05586
G1 X129.65 Y91.015 E-.10349
G1 X129.652 Y91.017 E-.00065
;WIPE_END
G1 X132.75 Y92.231 Z.258 F12000
G1 Z.2 F720
G1 E.8 F1500
M204 P600
;TYPE:Support material
;WIDTH:0.5
G1 F1200
G1 X132.75 Y115.445 E.88228
G2 X135.956 Y125.51 I17.499 J-.031 E.40783
G3 X139.944 Y130.396 I-119.569 J101.674 E.23972
G1 X141.58 Y133.623 E.13751
G1 X142.528 Y137.114 E.13749
G1 X142.75 Y140.725 E.1375
G1 X142.235 Y144.305 E.13746
G1 X141.005 Y147.708 E.13752
G1 X139.112 Y150.79 E.13747
G1 X136.633 Y153.425 E.1375
G1 X133.672 Y155.504 E.13751
G1 X130.351 Y156.939 E.1375
G1 X126.809 Y157.672 E.13747
G1 X123.191 Y157.672 E.13751
G1 X119.649 Y156.939 E.13747
G1 X116.328 Y155.504 E.1375
M73 P1 R30
M73 Q1 S30
G1 X113.367 Y153.425 E.13751
G1 X110.888 Y150.79 E.1375
G1 X108.995 Y147.708 E.13747
G1 X107.765 Y144.305 E.13752
G1 X107.25 Y140.725 E.13746
G1 X107.472 Y137.114 E.1375
G1 X108.42 Y133.623 E.13749
G1 X110.056 Y130.396 E.13751
G3 X114.044 Y125.51 I123.548 J96.78 E.23972
G2 X117.25 Y115.446 I-14.224 J-10.074 E.40785
G1 X117.25 Y92.625 E.86734
G1 X119.655 Y92.625 E.09141
G3 X119.75 Y95.625 I-33.809 J2.567 E.11411
G1 X130.25 Y95.625 E.39907
G3 X130.396 Y92.231 I26.386 J-.565 E.1292
G1 X132.682 Y92.231 E.08688
M204 P1000
G1 X124.315 Y137.893 F12000
M204 P600
G1 F1200
G3 X123.698 Y138.207 I.681 J2.099 E.50049
G1 X124.254 Y137.924 E.02371
M204 P1000
G1 E-.64 F2100
;WIPE_START
G1 F9600
G1 X123.698 Y138.207 E-.12965
G2 X123.583 Y138.297 I1.297 J1.785 E-.03035
;WIPE_END
G1 X142.267 Y142.633 Z.535 F12000
G1 Z.2 F720
G1 E.8 F1500
M204 P600
G1 F1200
G2 X142.12 Y137.181 I-54.614 J-1.254 E.20737
G1 X141.76 Y135.853 E.05229
G1 X141.76 Y144.41 E.32522
G1 X141.252 Y145.815 E.05678
G1 X141.252 Y133.983 E.44969
G2 X140.744 Y132.883 I-5.352 J1.803 E.04614
G1 X140.744 Y147.22 E.5449
G3 X140.236 Y148.174 I-3.442 J-1.221 E.04123
G1 X140.236 Y131.881 E.61924
G1 X139.728 Y130.879 E.0427
G1 X139.728 Y149.001 E.68875
G1 X139.22 Y149.828 E.03689
G1 X139.22 Y130.148 E.74796
G1 X138.712 Y129.511 E.03097
G1 X138.712 Y150.615 E.80209
G1 X138.205 Y151.154 E.02812
G1 X138.205 Y128.874 E.84678
G1 X137.697 Y128.237 E.03097
G1 X137.697 Y151.694 E.89151
G1 X137.189 Y152.234 E.02818
G1 X137.189 Y127.621 E.93545
G1 X136.681 Y127.015 E.03005
G1 X136.681 Y152.774 E.979
G1 X136.173 Y153.246 E.02635
G1 X136.173 Y126.409 E1.01998
G1 X135.665 Y125.803 E.03005
M73 P2 R29
M73 Q2 S30
G1 X135.665 Y153.602 E1.05654
G1 X135.157 Y153.959 E.0236
G1 X135.157 Y125.006 E1.1004
G1 X134.649 Y124.192 E.03647
G1 X134.649 Y154.315 E1.14486
G1 X134.142 Y154.672 E.02357
G1 X134.142 Y123.263 E1.19374
G1 X133.634 Y122.12 E.04754
G1 X133.634 Y155.028 E1.25071
G1 X133.126 Y155.292 E.02176
M73 Q2 S29
G1 X133.126 Y120.715 E1.31414
G1 X132.618 Y118.598 E.08274
G1 X132.618 Y155.511 E1.40293
G1 X132.11 Y155.731 E.02104
G1 X132.11 Y92.643 E2.39774
G1 X131.602 Y92.643 E.01931
G1 X131.602 Y155.95 E2.40607
G1 X131.094 Y156.17 E.02104
M73 P3 R29
M73 Q3 S29
G1 X131.094 Y92.643 E2.41443
G1 X130.757 Y92.643 E.01281
G2 X130.662 Y96.036 I35.271 J2.687 E.12906
G1 X130.587 Y96.036 E.00285
G1 X130.587 Y156.389 E2.2938
G1 X130.079 Y156.575 E.02056
G1 X130.079 Y96.036 E2.30086
G1 X129.571 Y96.036 E.01931
G1 X129.571 Y156.681 E2.30489
G1 X129.063 Y156.786 E.01972
G1 X129.063 Y96.036 E2.30888
G1 X128.555 Y96.036 E.01931
G1 X128.555 Y156.891 E2.31287
G1 X128.047 Y156.996 E.01972
M73 P4 R29
M73 Q4 S29
G1 X128.047 Y96.036 E2.31687
G1 X127.539 Y96.036 E.01931
G1 X127.539 Y157.101 E2.32086
G1 X127.031 Y157.206 E.01972
G1 X127.031 Y141.645 E.59142
G1 X126.524 Y142.142 E.02698
G1 X126.524 Y157.261 E.57462
G1 X126.016 Y157.261 E.01931
G1 X126.016 Y142.4 E.56481
G3 X125.508 Y142.552 I-.545 J-.898 E.02037
G1 X125.508 Y157.261 E.55904
G1 X125 Y157.261 E.01931
G1 X125 Y142.632 E.55599
G1 X124.492 Y142.552 E.01955
G1 X124.492 Y157.261 E.55904
G1 X123.984 Y157.261 E.01931
G1 X123.984 Y142.4 E.56481
G1 X123.476 Y142.142 E.02165
G1 X123.476 Y157.261 E.57462
G1 X123.233 Y157.261 E.00924
G1 X122.969 Y157.206 E.01025
G1 X122.969 Y141.287 E.60502
M204 P1000
G1 E-.64 F2100
;WIPE_START
G1 F9600
G1 X122.969 Y142.057 E-.16
;WIPE_END
G1 X127.031 Y138.713 Z.292 F12000
G1 Z.2 F720
G1 E.8 F1500
M204 P600
G1 F1200
G1 X127.031 Y96.036 E1.622
G1 X126.524 Y96.036 E.01927
G1 X126.524 Y137.858 E1.5895
G1 X126.016 Y137.6 E.02165
M73 P5 R29
G1 X126.016 Y96.036 E1.57969
G1 X125.508 Y96.036 E.01931
M73 Q5 S29
G1 X125.508 Y137.448 E1.57392
G1 X125 Y137.368 E.01955
G1 X125 Y96.036 E1.57088
G1 X124.492 Y96.036 E.01931
M73 P5 R28
G1 X124.492 Y137.448 E1.57392
G2 X123.984 Y137.6 I.037 J1.05 E.02037
G1 X123.984 Y96.036 E1.57969
G1 X123.476 Y96.036 E.01931
G1 X123.476 Y137.858 E1.5895
G1 X122.969 Y138.355 E.02698
G1 X122.969 Y96.036 E1.60839
G1 X122.461 Y96.036 E.01931
M73 Q5 S28
G1 X122.461 Y157.101 E2.32086
G1 X121.953 Y156.996 E.01972
G1 X121.953 Y96.036 E2.31687
M73 P6 R28
G1 X121.445 Y96.036 E.01931
M73 Q6 S28
G1 X121.445 Y156.891 E2.31287
G1 X120.937 Y156.786 E.01972
G1 X120.937 Y96.036 E2.30888
G1 X120.429 Y96.036 E.01931
G1 X120.429 Y156.681 E2.30489
G1 X119.921 Y156.575 E.01972
G1 X119.921 Y96.036 E2.30086
G1 X119.413 Y96.036 E.01931
G1 X119.413 Y156.389 E2.2938
G1 X118.906 Y156.17 E.02099
M73 P7 R28
G1 X118.906 Y93.036 E2.39949
G1 X118.398 Y93.036 E.01931
M73 Q7 S28
G1 X118.398 Y155.95 E2.39113
G1 X117.89 Y155.731 E.02102
G1 X117.89 Y93.036 E2.38281
G1 X117.661 Y93.036 E.0087
G1 X117.661 Y115.455 E.85206
G3 X117.382 Y118.623 I-20.492 J-.211 E.12099
G1 X117.382 Y155.511 E1.40198
G1 X116.874 Y155.292 E.02102
G1 X116.874 Y120.715 E1.31414
G1 X116.366 Y122.122 E.05685
G1 X116.366 Y155.028 E1.25064
G1 X115.858 Y154.672 E.02358
G1 X115.858 Y123.263 E1.19374
G1 X115.351 Y124.192 E.04022
G1 X115.351 Y154.315 E1.14486
G1 X114.843 Y153.959 E.02358
M73 P8 R28
M73 Q8 S28
G1 X114.843 Y125.006 E1.1004
G1 X114.335 Y125.803 E.03592
G1 X114.335 Y153.602 E1.05654
G1 X113.827 Y153.246 E.02358
G1 X113.827 Y126.409 E1.01998
G1 X113.319 Y127.015 E.03005
G1 X113.319 Y152.774 E.979
G1 X112.811 Y152.234 E.02818
G1 X112.811 Y127.621 E.93545
G1 X112.303 Y128.237 E.03035
G1 X112.303 Y151.694 E.89151
G1 X111.795 Y151.154 E.02818
G1 X111.795 Y128.874 E.84678
G1 X111.288 Y129.511 E.03094
M73 P8 R27
G1 X111.288 Y150.614 E.80205
G1 X110.78 Y149.828 E.03557
G1 X110.78 Y130.148 E.74796
G2 X110.272 Y130.879 I2.113 J2.009 E.03397
G1 X110.272 Y149.001 E.68875
G1 X109.764 Y148.174 E.03689
G1 X109.764 Y131.881 E.61924
G1 X109.256 Y132.883 E.0427
G1 X109.256 Y147.22 E.5449
G1 X108.748 Y145.815 E.05678
G1 X108.748 Y133.983 E.44969
G1 X108.24 Y135.853 E.07365
G1 X108.24 Y144.41 E.32522
G1 X108.166 Y144.205 E.00828
G1 X107.733 Y141.187 E.11588
G1 X107.733 Y136.938 E.16149
M204 P1000
G1 E-.64 F2100
;WIPE_START
G1 F9600
G1 X107.733 Y137.708 E-.16
;WIPE_END
G1 X115.187 Y107.738 Z.739 F12000
G1 X115.748 Y105.479 Z.773
G1 X116.872 Y100.962 Z.8
G1 X123.176 Y75.613
G1 Z.2 F720
G1 E.8 F1500
M204 P600
;TYPE:Perimeter
;WIDTH:0.499999
G1 F1200
G1 X123.074 Y75.579 E.00409
G1 X121.618 Y74.837 E.06211
G1 X121.444 Y74.711 E.00816
G1 X120.289 Y73.556 E.06208
G1 X120.163 Y73.382 E.00816
G1 X119.42 Y71.924 E.06219
G1 X119.354 Y71.722 E.00808
G1 X119.099 Y70.107 E.06214
G1 X119.099 Y69.893 E.00813
G1 X119.354 Y68.278 E.06214
G1 X119.421 Y68.074 E.00816
G1 X120.163 Y66.618 E.06211
M73 Q8 S27
G1 X120.289 Y66.444 E.00816
G1 X121.444 Y65.289 E.06208
G3 X123.074 Y64.421 I11.618 J19.848 E.07021
G1 X123.278 Y64.354 E.00816
G1 X124.893 Y64.099 E.06214
G1 X125.373 Y64.141 E.01831
M73 P9 R27
G1 X126.722 Y64.354 E.05191
G1 X126.926 Y64.421 E.00816
G1 X128.382 Y65.163 E.06211
G1 X128.631 Y65.364 E.01216
G1 X129.711 Y66.444 E.05805
G1 X129.837 Y66.618 E.00816
G1 X130.579 Y68.074 E.06211
G1 X130.646 Y68.278 E.00816
G1 X130.901 Y69.893 E.06214
G1 X130.901 Y70.107 E.00813
G1 X130.646 Y71.722 E.06214
G1 X130.579 Y71.926 E.00816
M73 Q9 S27
G1 X129.837 Y73.382 E.06211
G1 X129.711 Y73.556 E.00816
G1 X128.556 Y74.711 E.06208
G1 X128.382 Y74.837 E.00816
G1 X126.926 Y75.579 E.06211
G1 X126.722 Y75.646 E.00816
G1 X125.107 Y75.901 E.06214
G1 X124.893 Y75.901 E.00813
G1 X123.278 Y75.646 E.06214
G1 X123.233 Y75.631 E.0018
M204 P1000
G1 X123.317 Y75.178 F12000
M204 P600
;TYPE:External perimeter
G1 F1200
G1 X121.826 Y74.43 E.0634
G1 X120.586 Y73.207 E.06619
G1 X119.828 Y71.718 E.0635
G1 X119.687 Y70.903 E.03144
G1 X119.544 Y70 E.03475
G1 X119.806 Y68.35 E.0635
G1 X120.586 Y66.793 E.06619
G1 X121.804 Y65.581 E.06531
G1 X123.314 Y64.811 E.06442
G3 X125.036 Y64.55 I7.947 J46.549 E.0662
G1 X126.686 Y64.811 E.06349
G1 X127.79 Y65.374 E.0471
G1 X128.232 Y65.612 E.01908
G1 X129.414 Y66.793 E.0635
G1 X130.189 Y68.314 E.06488
G1 X130.45 Y69.964 E.06349
G1 X130.189 Y71.686 E.06619
G1 X129.414 Y73.207 E.06488
G1 X128.198 Y74.418 E.06522
G1 X126.718 Y75.172 E.06313
G1 X125.036 Y75.45 E.06479
G1 X123.373 Y75.198 E.06393
M204 P1000
G1 E-.64 F2100
;WIPE_START
G1 F9600
G1 X123.317 Y75.178 E-.01236
G1 X122.682 Y74.859 E-.14764
;WIPE_END
G1 X119.599 Y87.24 Z.423 F12000
G1 Z.2 F720
G1 E.8 F1500
M204 P600
;TYPE:Perimeter
G1 F1200
G1 X119.595 Y87.24 E.00015
G2 X118.377 Y84.527 I-18.512 J6.688 E.11313
G1 X116.981 Y82.301 E.09986
G3 X113.148 Y77.617 I114.292 J-97.424 E.23005
G1 X111.851 Y75.058 E.10904
G1 X111.099 Y72.289 E.10905
G1 X110.924 Y69.425 E.10905
G1 X111.332 Y66.586 E.10901
G1 X112.307 Y63.887 E.10907
G1 X113.809 Y61.443 E.10903
G1 X115.774 Y59.353 E.10903
G1 X118.122 Y57.705 E.10903
G1 X120.756 Y56.566 E.10907
G1 X123.566 Y55.985 E.10906
G1 X126.435 Y55.985 E.10904
G1 X129.244 Y56.566 E.10902
G1 X131.878 Y57.705 E.10907
G1 X134.226 Y59.353 E.10903
G1 X136.191 Y61.443 E.10903
G1 X137.693 Y63.887 E.10903
G1 X138.668 Y66.586 E.10907
G1 X139.076 Y69.425 E.10901
G1 X138.901 Y72.289 E.10905
G1 X138.149 Y75.058 E.10905
G1 X136.852 Y77.617 E.10904
G3 X132.988 Y82.338 I-119.09 J-93.517 E.23188
G1 X132.1 Y83.762 E.06378
G2 X130.911 Y85.972 I12.216 J7.998 E.0955
G2 X130.405 Y87.239 I15.81 J7.053 E.05187
G1 X119.659 Y87.24 E.40842
M204 P1000
G1 X119.275 Y87.697 F12000
M204 P600
;TYPE:External perimeter
G1 F1200
G2 X117.989 Y84.769 I-18.751 J6.492 E.12167
G1 X116.631 Y82.595 E.09742
G3 X112.762 Y77.865 I115.371 J-98.326 E.23227
G1 X111.422 Y75.223 E.11259
G1 X110.646 Y72.364 E.11259
G1 X110.464 Y69.407 E.1126
G1 X110.886 Y66.474 E.11262
G1 X111.893 Y63.688 E.11259
G1 X113.444 Y61.164 E.11259
G1 X115.473 Y59.006 E.11258
G1 X117.898 Y57.304 E.1126
G1 X120.618 Y56.128 E.11263
G1 X123.519 Y55.528 E.11259
G1 X126.481 Y55.528 E.11257
G1 X129.382 Y56.128 E.11259
G1 X132.102 Y57.304 E.11263
G1 X134.527 Y59.006 E.1126
G1 X136.556 Y61.164 E.11258
G1 X138.107 Y63.688 E.11259
G1 X139.114 Y66.474 E.11259
G1 X139.536 Y69.407 E.11262
G1 X139.354 Y72.364 E.1126
G1 X138.578 Y75.223 E.11259
G1 X137.238 Y77.865 E.11259
G3 X133.359 Y82.607 I-119.557 J-93.851 E.23286
G1 X132.488 Y84.004 E.06257
G2 X131.332 Y86.149 I11.766 J7.722 E.09272
G2 X130.725 Y87.696 I18.116 J8.005 E.06318
G1 X119.335 Y87.697 E.43289
M204 P1000
G1 E-.64 F2100
;WIPE_START
G1 F9600
G1 X119.275 Y87.697 E-.01247
G2 X119.031 Y87.03 I-18.751 J6.491 E-.14753
;WIPE_END
G1 X137.343 Y63.666 Z.718 F12000
G1 Z.2 F720
G1 E.8 F1500
M204 P600
;TYPE:Solid infill
;WIDTH:0.500016
G1 F1200
G1 X131.804 Y58.128 E.2977
G1 X131.687 Y58.045 E.00545
G1 X130.61 Y57.58 E.04459
G1 X137.485 Y64.455 E.36954
G1 X137.851 Y65.467 E.0409
G1 X129.471 Y57.088 E.45041
G1 X129.126 Y56.939 E.01428
G1 X128.558 Y56.821 E.02205
G1 X138.217 Y66.48 E.51918
G1 X138.289 Y66.68 E.00808
G1 X138.376 Y67.286 E.02327
G1 X127.743 Y56.653 E.57153
G1 X126.928 Y56.484 E.03164
G1 X138.485 Y68.041 E.6212
G1 X138.593 Y68.796 E.02899
G1 X126.171 Y56.374 E.66769
G1 X125.525 Y56.374 E.02455
G1 X138.681 Y69.529 E.70712
G1 X138.644 Y70.139 E.02323
M73 P10 R27
M73 Q10 S27
G1 X124.878 Y56.374 E.73991
G1 X124.232 Y56.374 E.02455
G1 X138.606 Y70.748 E.77262
G1 X138.569 Y71.357 E.02319
G1 X123.589 Y56.377 E.80519
G1 X123.053 Y56.488 E.0208
G1 X138.532 Y71.966 E.83198
G3 X138.436 Y72.517 I-1.679 J-.006 E.02136
G1 X122.518 Y56.599 E.85561
G1 X121.982 Y56.709 E.0208
G1 X138.298 Y73.026 E.87703
G1 X138.16 Y73.534 E.02001
G1 X121.446 Y56.82 E.89839
G1 X120.911 Y56.931 E.02077
G1 X138.022 Y74.042 E.91973
G1 X137.884 Y74.551 E.02004
G1 X130.608 Y67.274 E.39112
G1 X130.18 Y66.434 E.03583
G1 X130.063 Y66.254 E.00816
G1 X128.826 Y65.01 E.06668
G2 X128.564 Y64.819 I-.863 J.911 E.01236
G1 X127.726 Y64.392 E.03575
G1 X120.454 Y57.12 E.39088
G1 X120.002 Y57.315 E.01871
G1 X126.634 Y63.947 E.35648
G1 X125.866 Y63.825 E.02956
G1 X119.551 Y57.51 E.33944
G1 X119.1 Y57.705 E.01868
G1 X125.103 Y63.709 E.32269
G2 X124.513 Y63.765 I-.097 J2.114 E.0226
G1 X118.648 Y57.901 E.31522
G2 X118.215 Y58.114 I.578 J1.718 E.0184
G1 X123.955 Y63.854 E.30853
G1 X123.397 Y63.942 E.02147
G1 X117.836 Y58.381 E.29891
G1 X117.456 Y58.647 E.01763
G1 X122.888 Y64.08 E.292
G1 X122.46 Y64.298 E.01826
G1 X117.076 Y58.914 E.2894
G1 X116.696 Y59.18 E.01763
G1 X122.031 Y64.516 E.28679
G1 X121.603 Y64.734 E.01826
G1 X116.316 Y59.447 E.28418
G2 X115.953 Y59.73 I.879 J1.504 E.01755
G1 X121.206 Y64.983 E.28235
G1 X120.88 Y65.304 E.01739
G1 X115.639 Y60.063 E.28171
G1 X115.326 Y60.396 E.01737
G1 X120.557 Y65.627 E.28117
G1 X120.234 Y65.95 E.01736
G1 X115.013 Y60.729 E.28063
G1 X114.699 Y61.063 E.01742
G1 X119.924 Y66.287 E.28082
G2 X119.687 Y66.696 I1.708 J1.261 E.018
G1 X114.386 Y61.396 E.28491
G1 X114.119 Y61.68 E.01482
G1 X114.083 Y61.739 E.00263
G1 X119.469 Y67.124 E.28948
G1 X119.25 Y67.553 E.01831
M73 P11 R27
G1 X113.837 Y62.139 E.29098
G1 X113.591 Y62.54 E.01788
G1 X119.037 Y67.986 E.29273
G2 X118.923 Y68.518 I2.047 J.717 E.02073
M73 Q11 S27
G1 X113.345 Y62.94 E.29982
G1 X113.099 Y63.34 E.01785
G1 X118.835 Y69.076 E.30832
G1 X118.746 Y69.634 E.02148
G1 X112.853 Y63.741 E.31675
G2 X112.623 Y64.157 I1.534 J1.12 E.01811
G1 X118.735 Y70.269 E.32853
G1 X118.854 Y71.035 E.02946
G1 X112.451 Y64.632 E.34417
G1 X112.279 Y65.107 E.0192
G1 X119.337 Y72.164 E.37935
M204 P1000
G1 E-.64 F2100
;WIPE_START
G1 F9600
G1 X118.793 Y71.62 E-.16
;WIPE_END
G1 X130.788 Y68.101 Z.418 F12000
G1 Z.2 F720
G1 E.8 F1500
M204 P600
G1 F1200
G1 X137.724 Y75.037 E.37282
G1 X137.506 Y75.466 E.01829
G1 X131.174 Y69.134 E.34035
G1 X131.29 Y69.896 E.0293
G1 X137.289 Y75.895 E.32245
G1 X137.072 Y76.324 E.01827
G1 X131.232 Y70.484 E.31391
G1 X131.145 Y71.043 E.0215
G1 X136.854 Y76.753 E.30689
G1 X136.637 Y77.182 E.01827
G1 X131.057 Y71.603 E.2999
G3 X130.92 Y72.112 I-1.503 J-.131 E.02014
G1 X136.386 Y77.578 E.2938
G1 X136.099 Y77.937 E.01747
G1 X130.702 Y72.54 E.29009
G1 X130.484 Y72.969 E.01829
G1 X135.812 Y78.297 E.28639
G1 X135.526 Y78.656 E.01745
G1 X130.266 Y73.397 E.2827
G3 X130.017 Y73.795 I-1.44 J-.623 E.01791
G1 X135.239 Y79.016 E.28066
G1 X134.952 Y79.376 E.0175
G1 X129.696 Y74.12 E.28252
G1 X129.373 Y74.443 E.01736
G1 X134.664 Y79.734 E.2844
G1 X134.369 Y80.086 E.01746
G1 X129.05 Y74.766 E.28593
G1 X128.719 Y75.082 E.01739
G1 X134.074 Y80.437 E.28784
G1 X133.78 Y80.789 E.01743
G1 X128.304 Y75.313 E.29434
G1 X127.876 Y75.531 E.01826
G1 X133.485 Y81.141 E.30152
G1 X133.19 Y81.492 E.01743
G1 X127.447 Y75.75 E.30867
G1 X127.013 Y75.962 E.01836
G1 X132.895 Y81.844 E.31616
G2 X132.612 Y82.207 I2.195 J2.005 E.01751
G1 X126.482 Y76.077 E.32949
G1 X125.924 Y76.165 E.02147
G1 X132.364 Y82.606 E.34618
G1 X132.116 Y83.004 E.01782
G1 X125.366 Y76.254 E.36282
G3 X124.735 Y76.27 I-.354 J-1.498 E.02416
G1 X131.868 Y83.403 E.38341
G1 X131.62 Y83.801 E.01782
G1 X123.967 Y76.148 E.41136
M73 P11 R26
G1 X123.198 Y76.025 E.0296
G1 X131.373 Y84.2 E.43941
G2 X131.139 Y84.613 I3.117 J2.038 E.01805
G1 X121.988 Y75.462 E.49188
G3 X121.299 Y75.097 I3.685 J-7.787 E.02965
G1 X121.174 Y74.99 E.00625
G1 X120.01 Y73.826 E.06257
G3 X119.82 Y73.565 I.918 J-.868 E.0123
G1 X119.538 Y73.012 E.02359
G1 X112.108 Y65.582 E.39937
G1 X111.936 Y66.056 E.01917
G1 X130.92 Y85.041 E1.02044
G1 X130.713 Y85.48 E.01845
M73 P12 R26
G1 X111.765 Y66.531 E1.0185
G2 X111.655 Y67.068 I1.78 J.643 E.02091
M73 Q12 S27
G1 X130.511 Y85.924 E1.01353
G1 X130.318 Y86.378 E.01875
G1 X111.574 Y67.633 E1.00754
G1 X111.492 Y68.198 E.0217
G1 X130.136 Y86.842 E1.00213
G1 X130.133 Y86.851 E.00036
M73 Q12 S26
G1 X129.498 Y86.851 E.02413
G1 X111.411 Y68.764 E.97219
G1 X111.33 Y69.329 E.02169
G1 X128.852 Y86.851 E.94182
G1 X128.206 Y86.851 E.02455
G1 X111.348 Y69.993 E.90613
G1 X111.39 Y70.681 E.0262
G1 X127.559 Y86.851 E.86913
G1 X126.913 Y86.851 E.02455
G1 X111.432 Y71.37 E.83212
G1 X111.474 Y72.059 E.02624
G1 X126.266 Y86.851 E.79508
G1 X125.62 Y86.851 E.02455
G1 X111.667 Y72.898 E.74999
G1 X111.908 Y73.785 E.03494
G1 X124.974 Y86.851 E.70231
G1 X124.327 Y86.851 E.02459
G1 X112.149 Y74.673 E.65458
G1 X112.215 Y74.917 E.00961
G1 X112.697 Y75.867 E.04049
G1 X123.681 Y86.851 E.5904
G1 X123.034 Y86.851 E.02459
G1 X113.362 Y77.178 E.51991
G1 X113.477 Y77.405 E.00967
G2 X115.665 Y80.128 I121.549 J-95.45 E.13277
G1 X122.388 Y86.851 E.36137
G1 X121.742 Y86.851 E.02455
G1 X117.865 Y82.975 E.20837
G1 X118.745 Y84.389 E.0633
M73 P13 R26
G1 X118.866 Y84.622 E.00998
G1 X121.095 Y86.851 E.11981
G1 X120.449 Y86.851 E.02455
G1 X119.043 Y85.446 E.07555
M204 P1000
G1 E-.64 F2100
;WIPE_START
G1 F9600
G1 X119.588 Y85.99 E-.16
;WIPE_END
M486 S-1
M486 S1
G1 X120.163 Y95.109 Z.359 F12000
G1 Z.2 F720
G1 E.8 F1500
M204 P600
;TYPE:Support material interface
;WIDTH:0.37
G1 F1200
G1 X120.163 Y95.211 E.00277
G1 X120.429 Y95.211 E.00723
G3 X120.163 Y94.508 I.331 J-.527 E.02195
G1 X120.156 Y94.193 E.00857
M73 Q13 S26
G1 X121.174 Y95.211 E.03915
G1 X121.92 Y95.211 E.02029
G1 X120.113 Y93.405 E.06948
G1 X120.07 Y92.616 E.02149
G1 X122.665 Y95.211 E.09981
G1 X123.41 Y95.211 E.02026
G1 X119.977 Y91.778 E.13204
G1 X119.862 Y91.044 E.02021
G1 X119.988 Y91.043 E.00343
G1 X124.156 Y95.211 E.16031
G1 X124.901 Y95.211 E.02026
G1 X120.727 Y91.037 E.16054
G1 X121.467 Y91.031 E.02013
G1 X125.647 Y95.211 E.16077
G1 X126.392 Y95.211 E.02026
G1 X122.206 Y91.025 E.161
G1 X122.946 Y91.019 E.02013
G1 X127.137 Y95.211 E.16121
G1 X127.883 Y95.211 E.02029
G1 X123.686 Y91.015 E.16141
G1 X124.432 Y91.015 E.02029
G1 X128.628 Y95.211 E.16139
G1 X129.374 Y95.211 E.02029
G1 X125.177 Y91.015 E.16141
G1 X125.923 Y91.015 E.02029
G1 X129.837 Y94.929 E.15054
G1 X129.844 Y94.191 E.02007
G1 X126.668 Y91.015 E.12216
G1 X127.413 Y91.015 E.02026
G1 X129.885 Y93.486 E.09506
G1 X129.921 Y92.777 E.01931
G1 X128.159 Y91.015 E.06777
G1 X128.904 Y91.015 E.02026
G1 X129.989 Y92.099 E.04171
G1 X130.076 Y91.441 E.01805
G1 X129.65 Y91.015 E.01638
G1 X130.148 Y91.015 E.01354
G1 X130.103 Y91.28 E.00731
M204 P1000
G1 E-.64 F2100
;WIPE_START
G1 F9600
G1 X130.148 Y91.015 E-.05586
G1 X129.65 Y91.015 E-.10349
G1 X129.652 Y91.017 E-.00065
;WIPE_END
G1 X132.75 Y92.231 Z.258 F12000
G1 Z.2 F720
G1 E.8 F1500
M204 P600
;TYPE:Support material
;WIDTH:0.5
G1 F1200
G1 X132.75 Y115.445 E.88228
G2 X135.956 Y125.51 I17.499 J-.031 E.40783
G3 X139.944 Y130.396 I-119.569 J101.674 E.23972
G1 X141.58 Y133.623 E.13751
G1 X142.528 Y137.114 E.13749
G1 X142.75 Y140.725 E.1375
G1 X142.235 Y144.305 E.13746
G1 X141.005 Y147.708 E.13752
G1 X139.112 Y150.79 E.13747
G1 X136.633 Y153.425 E.1375
G1 X133.672 Y155.504 E.13751
G1 X130.351 Y156.939 E.1375
G1 X126.809 Y157.672 E.13747
G1 X123.191 Y157.672 E.13751
G1 X119.649 Y156.939 E.13747
G1 X116.328 Y155.504 E.1375
G1 X113.367 Y153.425 E.13751
G1 X110.888 Y150.79 E.1375
G1 X108.995 Y147.708 E.13747
G1 X107.765 Y144.305 E.13752
G1 X107.25 Y140.725 E.13746
G1 X107.472 Y137.114 E.1375
G1 X108.42 Y133.623 E.13749
G1 X110.056 Y130.396 E.13751
G3 X114.044 Y125.51 I123.548 J96.78 E.23972
G2 X117.25 Y115.446 I-14.224 J-10.074 E.40785
G1 X117.25 Y92.625 E.86734
G1 X119.655 Y92.625 E.09141
G3 X119.75 Y95.625 I-33.809 J2.567 E.11411
G1 X130.25 Y95.625 E.39907
G3 X130.396 Y92.231 I26.386 J-.565 E.1292
G1 X132.682 Y92.231 E.08688
M204 P1000
G1 X124.315 Y137.893 F12000
M204 P600
G1 F1200
G3 X123.698 Y138.207 I.681 J2.099 E.50049
G1 X124.254 Y137.924 E.02371
M204 P1000
G1 E-.64 F2100
;WIPE_START
G1 F9600
G1 X123.698 Y138.207 E-.12965
G2 X123.583 Y138.297 I1.297 J1.785 E-.03035
;WIPE_END
G1 X142.267 Y142.633 Z.535 F12000
G1 Z.2 F720
G1 E.8 F1500
M204 P600
G1 F1200
G2 X142.12 Y137.181 I-54.614 J-1.254 E.20737
G1 X141.76 Y135.853 E.05229
G1 X141.76 Y144.41 E.32522
G1 X141.252 Y145.815 E.05678
G1 X141.252 Y133.983 E.44969
G2 X140.744 Y132.883 I-5.352 J1.803 E.04614
G1 X140.744 Y147.22 E.5449
G3 X140.236 Y148.174 I-3.442 J-1.221 E.04123
M73 P14 R26
G1 X140.236 Y131.881 E.61924
G1 X139.728 Y130.879 E.0427
M73 Q14 S26
G1 X139.728 Y149.001 E.68875
G1 X139.22 Y149.828 E.03689
G1 X139.22 Y130.148 E.74796
G1 X138.712 Y129.511 E.03097
G1 X138.712 Y150.615 E.80209
G1 X138.205 Y151.154 E.02812
G1 X138.205 Y128.874 E.84678
G1 X137.697 Y128.237 E.03097
G1 X137.697 Y151.694 E.89151
G1 X137.189 Y152.234 E.02818
G1 X137.189 Y127.621 E.93545
G1 X136.681 Y127.015 E.03005
G1 X136.681 Y152.774 E.979
G1 X136.173 Y153.246 E.02635
G1 X136.173 Y126.409 E1.01998
G1 X135.665 Y125.803 E.03005
G1 X135.665 Y153.602 E1.05654
G1 X135.157 Y153.959 E.0236
G1 X135.157 Y125.006 E1.1004
G1 X134.649 Y124.192 E.03647
G1 X134.649 Y154.315 E1.14486
G1 X134.142 Y154.672 E.02357
G1 X134.142 Y123.263 E1.19374
G1 X133.634 Y122.12 E.04754
G1 X133.634 Y155.028 E1.25071
G1 X133.126 Y155.292 E.02176
M73 P15 R26
G1 X133.126 Y120.715 E1.31414
G1 X132.618 Y118.598 E.08274
M73 P15 R25
M73 Q15 S26
G1 X132.618 Y155.511 E1.40293
G1 X132.11 Y155.731 E.02104
G1 X132.11 Y92.643 E2.39774
G1 X131.602 Y92.643 E.01931
G1 X131.602 Y155.95 E2.40607
G1 X131.094 Y156.17 E.02104
M73 Q15 S25
G1 X131.094 Y92.643 E2.41443
G1 X130.757 Y92.643 E.01281
G2 X130.662 Y96.036 I35.271 J2.687 E.12906
G1 X130.587 Y96.036 E.00285
G1 X130.587 Y156.389 E2.2938
G1 X130.079 Y156.575 E.02056
G1 X130.079 Y96.036 E2.30086
G1 X129.571 Y96.036 E.01931
M73 P16 R25
M73 Q16 S25
G1 X129.571 Y156.681 E2.30489
G1 X129.063 Y156.786 E.01972
G1 X129.063 Y96.036 E2.30888
G1 X128.555 Y96.036 E.01931
G1 X128.555 Y156.891 E2.31287
G1 X128.047 Y156.996 E.01972
G1 X128.047 Y96.036 E2.31687
G1 X127.539 Y96.036 E.01931
G1 X127.539 Y157.101 E2.32086
G1 X127.031 Y157.206 E.01972
G1 X127.031 Y141.645 E.59142
G1 X126.524 Y142.142 E.02698
G1 X126.524 Y157.261 E.57462
G1 X126.016 Y157.261 E.01931
M73 P17 R25
G1 X126.016 Y142.4 E.56481
G3 X125.508 Y142.552 I-.545 J-.898 E.02037
G1 X125.508 Y157.261 E.55904
G1 X125 Y157.261 E.01931
M73 Q17 S25
G1 X125 Y142.632 E.55599
G1 X124.492 Y142.552 E.01955
G1 X124.492 Y157.261 E.55904
G1 X123.984 Y157.261 E.01931
G1 X123.984 Y142.4 E.56481
G1 X123.476 Y142.142 E.02165
G1 X123.476 Y157.261 E.57462
G1 X123.233 Y157.261 E.00924
G1 X122.969 Y157.206 E.01025
G1 X122.969 Y141.287 E.60502
M204 P1000
G1 E-.64 F2100
;WIPE_START
G1 F9600
G1 X122.969 Y142.057 E-.16
;WIPE_END
G1 X127.031 Y138.713 Z.292 F12000
G1 Z.2 F720
G1 E.8 F1500
M204 P600
G1 F1200
G1 X127.031 Y96.036 E1.622
G1 X126.524 Y96.036 E.01927
G1 X126.524 Y137.858 E1.5895
G1 X126.016 Y137.6 E.02165
G1 X126.016 Y96.036 E1.57969
G1 X125.508 Y96.036 E.01931
G1 X125.508 Y137.448 E1.57392
G1 X125 Y137.368 E.01955
G1 X125 Y96.036 E1.57088
G1 X124.492 Y96.036 E.01931
G1 X124.492 Y137.448 E1.57392
G2 X123.984 Y137.6 I.037 J1.05 E.02037
M73 P18 R25
G1 X123.984 Y96.036 E1.57969
G1 X123.476 Y96.036 E.01931
M73 Q18 S25
G1 X123.476 Y137.858 E1.5895
G1 X122.969 Y138.355 E.02698
G1 X122.969 Y96.036 E1.60839
G1 X122.461 Y96.036 E.01931
M73 P18 R24
G1 X122.461 Y157.101 E2.32086
G1 X121.953 Y156.996 E.01972
G1 X121.953 Y96.036 E2.31687
G1 X121.445 Y96.036 E.01931
G1 X121.445 Y156.891 E2.31287
G1 X120.937 Y156.786 E.01972
M73 Q18 S24
G1 X120.937 Y96.036 E2.30888
G1 X120.429 Y96.036 E.01931
M73 P19 R24
G1 X120.429 Y156.681 E2.30489
G1 X119.921 Y156.575 E.01972
M73 Q19 S24
G1 X119.921 Y96.036 E2.30086
G1 X119.413 Y96.036 E.01931
G1 X119.413 Y156.389 E2.2938
G1 X118.906 Y156.17 E.02099
G1 X118.906 Y93.036 E2.39949
G1 X118.398 Y93.036 E.01931
G1 X118.398 Y155.95 E2.39113
G1 X117.89 Y155.731 E.02102
G1 X117.89 Y93.036 E2.38281
G1 X117.661 Y93.036 E.0087
M73 P20 R24
M73 Q20 S24
G1 X117.661 Y115.455 E.85206
G3 X117.382 Y118.623 I-20.492 J-.211 E.12099
G1 X117.382 Y155.511 E1.40198
G1 X116.874 Y155.292 E.02102
G1 X116.874 Y120.715 E1.31414
G1 X116.366 Y122.122 E.05685
G1 X116.366 Y155.028 E1.25064
G1 X115.858 Y154.672 E.02358
G1 X115.858 Y123.263 E1.19374
G1 X115.351 Y124.192 E.04022
G1 X115.351 Y154.315 E1.14486
G1 X114.843 Y153.959 E.02358
G1 X114.843 Y125.006 E1.1004
G1 X114.335 Y125.803 E.03592
G1 X114.335 Y153.602 E1.05654
G1 X113.827 Y153.246 E.02358
G1 X113.827 Y126.409 E1.01998
G1 X113.319 Y127.015 E.03005
G1 X113.319 Y152.774 E.979
G1 X112.811 Y152.234 E.02818
G1 X112.811 Y127.621 E.93545
G1 X112.303 Y128.237 E.03035
G1 X112.303 Y151.694 E.89151
M73 P21 R24
G1 X111.795 Y151.154 E.02818
G1 X111.795 Y128.874 E.84678
G1 X111.288 Y129.511 E.03094
M73 Q21 S24
G1 X111.288 Y150.614 E.80205
G1 X110.78 Y149.828 E.03557
G1 X110.78 Y130.148 E.74796
G2 X110.272 Y130.879 I2.113 J2.009 E.03397
G1 X110.272 Y149.001 E.68875
G1 X109.764 Y148.174 E.03689
G1 X109.764 Y131.881 E.61924
G1 X109.256 Y132.883 E.0427
G1 X109.256 Y147.22 E.5449
G1 X108.748 Y145.815 E.05678
G1 X108.748 Y133.983 E.44969
G1 X108.24 Y135.853 E.07365
G1 X108.24 Y144.41 E.32522
G1 X108.166 Y144.205 E.00828
G1 X107.733 Y141.187 E.11588
G1 X107.733 Y136.938 E.16149
M204 P1000
G1 E-.64 F2100
;WIPE_START
G1 F9600
G1 X107.733 Y137.708 E-.16
;WIPE_END
G1 X115.187 Y107.738 Z.739 F12000
G1 X115.748 Y105.479 Z.773
G1 X116.872 Y100.962 Z.8
G1 X123.176 Y75.613
G1 Z.2 F720
G1 E.8 F1500
M204 P600
;TYPE:Perimeter
;WIDTH:0.499999
G1 F1200
G1 X123.074 Y75.579 E.00409
G1 X121.618 Y74.837 E.06211
G1 X121.444 Y74.711 E.00816
G1 X120.289 Y73.556 E.06208
G1 X120.163 Y73.382 E.00816
G1 X119.42 Y71.924 E.06219
G1 X119.354 Y71.722 E.00808
G1 X119.099 Y70.107 E.06214
G1 X119.099 Y69.893 E.00813
G1 X119.354 Y68.278 E.06214
G1 X119.421 Y68.074 E.00816
G1 X120.163 Y66.618 E.06211
G1 X120.289 Y66.444 E.00816
G1 X121.444 Y65.289 E.06208
G3 X123.074 Y64.421 I11.618 J19.848 E.07021
G1 X123.278 Y64.354 E.00816
G1 X124.893 Y64.099 E.06214
G1 X125.373 Y64.141 E.01831
G1 X126.722 Y64.354 E.05191
G1 X126.926 Y64.421 E.00816
G1 X128.382 Y65.163 E.06211
G1 X128.631 Y65.364 E.01216
G1 X129.711 Y66.444 E.05805
G1 X129.837 Y66.618 E.00816
G1 X130.579 Y68.074 E.06211
G1 X130.646 Y68.278 E.00816
G1 X130.901 Y69.893 E.06214
G1 X130.901 Y70.107 E.00813
G1 X130.646 Y71.722 E.06214
G1 X130.579 Y71.926 E.00816
G1 X129.837 Y73.382 E.06211
G1 X129.711 Y73.556 E.00816
G1 X128.556 Y74.711 E.06208
G1 X128.382 Y74.837 E.00816
G1 X126.926 Y75.579 E.06211
G1 X126.722 Y75.646 E.00816
M73 P21 R23
G1 X125.107 Y75.901 E.06214
G1 X124.893 Y75.901 E.00813
G1 X123.278 Y75.646 E.06214
G1 X123.233 Y75.631 E.0018
M204 P1000
G1 X123.317 Y75.178 F12000
M204 P600
;TYPE:External perimeter
G1 F1200
G1 X121.826 Y74.43 E.0634
G1 X120.586 Y73.207 E.06619
G1 X119.828 Y71.718 E.0635
G1 X119.687 Y70.903 E.03144
G1 X119.544 Y70 E.03475
G1 X119.806 Y68.35 E.0635
G1 X120.586 Y66.793 E.06619
G1 X121.804 Y65.581 E.06531
G1 X123.314 Y64.811 E.06442
G3 X125.036 Y64.55 I7.947 J46.549 E.0662
G1 X126.686 Y64.811 E.06349
G1 X127.79 Y65.374 E.0471
G1 X128.232 Y65.612 E.01908
G1 X129.414 Y66.793 E.0635
G1 X130.189 Y68.314 E.06488
G1 X130.45 Y69.964 E.06349
G1 X130.189 Y71.686 E.06619
G1 X129.414 Y73.207 E.06488
G1 X128.198 Y74.418 E.06522
G1 X126.718 Y75.172 E.06313
G1 X125.036 Y75.45 E.06479
G1 X123.373 Y75.198 E.06393
M204 P1000
G1 E-.64 F2100
;WIPE_START
G1 F9600
G1 X123.317 Y75.178 E-.01236
G1 X122.682 Y74.859 E-.14764
;WIPE_END
G1 X119.599 Y87.24 Z.423 F12000
G1 Z.2 F720
G1 E.8 F1500
M204 P600
;TYPE:Perimeter
G1 F1200
G1 X119.595 Y87.24 E.00015
G2 X118.377 Y84.527 I-18.512 J6.688 E.11313
G1 X116.981 Y82.301 E.09986
G3 X113.148 Y77.617 I114.292 J-97.424 E.23005
G1 X111.851 Y75.058 E.10904
G1 X111.099 Y72.289 E.10905
G1 X110.924 Y69.425 E.10905
G1 X111.332 Y66.586 E.10901
G1 X112.307 Y63.887 E.10907
G1 X113.809 Y61.443 E.10903
G1 X115.774 Y59.353 E.10903
G1 X118.122 Y57.705 E.10903
G1 X120.756 Y56.566 E.10907
G1 X123.566 Y55.985 E.10906
G1 X126.435 Y55.985 E.10904
G1 X129.244 Y56.566 E.10902
G1 X131.878 Y57.705 E.10907
G1 X134.226 Y59.353 E.10903
G1 X136.191 Y61.443 E.10903
G1 X137.693 Y63.887 E.10903
G1 X138.668 Y66.586 E.10907
G1 X139.076 Y69.425 E.10901
G1 X138.901 Y72.289 E.10905
G1 X138.149 Y75.058 E.10905
G1 X136.852 Y77.617 E.10904
G3 X132.988 Y82.338 I-119.09 J-93.517 E.23188
G1 X132.1 Y83.762 E.06378
G2 X130.911 Y85.972 I12.216 J7.998 E.0955
G2 X130.405 Y87.239 I15.81 J7.053 E.05187
G1 X119.659 Y87.24 E.40842
M204 P1000
G1 X119.275 Y87.697 F12000
M204 P600
;TYPE:External perimeter
G1 F1200
G2 X117.989 Y84.769 I-18.751 J6.492 E.12167
G1 X116.631 Y82.595 E.09742
G3 X112.762 Y77.865 I115.371 J-98.326 E.23227
M73 P22 R23
G1 X111.422 Y75.223 E.11259
G1 X110.646 Y72.364 E.11259
G1 X110.464 Y69.407 E.1126
G1 X110.886 Y66.474 E.11262
G1 X111.893 Y63.688 E.11259
M73 Q21 S23
G1 X113.444 Y61.164 E.11259
G1 X115.473 Y59.006 E.11258
G1 X117.898 Y57.304 E.1126
G1 X120.618 Y56.128 E.11263
G1 X123.519 Y55.528 E.11259
M73 Q22 S23
G1 X126.481 Y55.528 E.11257
G1 X129.382 Y56.128 E.11259
G1 X132.102 Y57.304 E.11263
G1 X134.527 Y59.006 E.1126
G1 X136.556 Y61.164 E.11258
G1 X138.107 Y63.688 E.11259
G1 X139.114 Y66.474 E.11259
G1 X139.536 Y69.407 E.11262
G1 X139.354 Y72.364 E.1126
G1 X138.578 Y75.223 E.11259
G1 X137.238 Y77.865 E.11259
G3 X133.359 Y82.607 I-119.557 J-93.851 E.23286
G1 X132.488 Y84.004 E.06257
G2 X131.332 Y86.149 I11.766 J7.722 E.09272
G2 X130.725 Y87.696 I18.116 J8.005 E.06318
G1 X119.335 Y87.697 E.43289
M204 P1000
G1 E-.64 F2100
;WIPE_START
G1 F9600
G1 X119.275 Y87.697 E-.01247
G2 X119.031 Y87.03 I-18.751 J6.491 E-.14753
;WIPE_END
G1 X137.343 Y63.666 Z.718 F12000
G1 Z.2 F720
G1 E.8 F1500
M204 P600
;TYPE:Solid infill
;WIDTH:0.500016
G1 F1200
G1 X131.804 Y58.128 E.2977
G1 X131.687 Y58.045 E.00545
G1 X130.61 Y57.58 E.04459
G1 X137.485 Y64.455 E.36954
G1 X137.851 Y65.467 E.0409
G1 X129.471 Y57.088 E.45041
G1 X129.126 Y56.939 E.01428
G1 X128.558 Y56.821 E.02205
G1 X138.217 Y66.48 E.51918
G1 X138.289 Y66.68 E.00808
G1 X138.376 Y67.286 E.02327
G1 X127.743 Y56.653 E.57153
G1 X126.928 Y56.484 E.03164
G1 X138.485 Y68.041 E.6212
G1 X138.593 Y68.796 E.02899
G1 X126.171 Y56.374 E.66769
G1 X125.525 Y56.374 E.02455
G1 X138.681 Y69.529 E.70712
G1 X138.644 Y70.139 E.02323
G1 X124.878 Y56.374 E.73991
G1 X124.232 Y56.374 E.02455
G1 X138.606 Y70.748 E.77262
G1 X138.569 Y71.357 E.02319
G1 X123.589 Y56.377 E.80519
G1 X123.053 Y56.488 E.0208
G1 X138.532 Y71.966 E.83198
G3 X138.436 Y72.517 I-1.679 J-.006 E.02136
G1 X122.518 Y56.599 E.85561
G1 X121.982 Y56.709 E.0208
G1 X138.298 Y73.026 E.87703
G1 X138.16 Y73.534 E.02001
G1 X121.446 Y56.82 E.89839
G1 X120.911 Y56.931 E.02077
M73 P23 R23
G1 X138.022 Y74.042 E.91973
G1 X137.884 Y74.551 E.02004
M73 Q23 S23
G1 X130.608 Y67.274 E.39112
G1 X130.18 Y66.434 E.03583
G1 X130.063 Y66.254 E.00816
G1 X128.826 Y65.01 E.06668
G2 X128.564 Y64.819 I-.863 J.911 E.01236
G1 X127.726 Y64.392 E.03575
G1 X120.454 Y57.12 E.39088
G1 X120.002 Y57.315 E.01871
G1 X126.634 Y63.947 E.35648
G1 X125.866 Y63.825 E.02956
G1 X119.551 Y57.51 E.33944
G1 X119.1 Y57.705 E.01868
G1 X125.103 Y63.709 E.32269
G2 X124.513 Y63.765 I-.097 J2.114 E.0226
G1 X118.648 Y57.901 E.31522
G2 X118.215 Y58.114 I.578 J1.718 E.0184
G1 X123.955 Y63.854 E.30853
G1 X123.397 Y63.942 E.02147
G1 X117.836 Y58.381 E.29891
G1 X117.456 Y58.647 E.01763
G1 X122.888 Y64.08 E.292
G1 X122.46 Y64.298 E.01826
G1 X117.076 Y58.914 E.2894
G1 X116.696 Y59.18 E.01763
G1 X122.031 Y64.516 E.28679
G1 X121.603 Y64.734 E.01826
G1 X116.316 Y59.447 E.28418
G2 X115.953 Y59.73 I.879 J1.504 E.01755
G1 X121.206 Y64.983 E.28235
G1 X120.88 Y65.304 E.01739
G1 X115.639 Y60.063 E.28171
G1 X115.326 Y60.396 E.01737
G1 X120.557 Y65.627 E.28117
G1 X120.234 Y65.95 E.01736
G1 X115.013 Y60.729 E.28063
G1 X114.699 Y61.063 E.01742
G1 X119.924 Y66.287 E.28082
G2 X119.687 Y66.696 I1.708 J1.261 E.018
G1 X114.386 Y61.396 E.28491
G1 X114.119 Y61.68 E.01482
G1 X114.083 Y61.739 E.00263
G1 X119.469 Y67.124 E.28948
G1 X119.25 Y67.553 E.01831
G1 X113.837 Y62.139 E.29098
G1 X113.591 Y62.54 E.01788
G1 X119.037 Y67.986 E.29273
G2 X118.923 Y68.518 I2.047 J.717 E.02073
G1 X113.345 Y62.94 E.29982
G1 X113.099 Y63.34 E.01785
G1 X118.835 Y69.076 E.30832
G1 X118.746 Y69.634 E.02148
G1 X112.853 Y63.741 E.31675
G2 X112.623 Y64.157 I1.534 J1.12 E.01811
G1 X118.735 Y70.269 E.32853
G1 X118.854 Y71.035 E.02946
G1 X112.451 Y64.632 E.34417
G1 X112.279 Y65.107 E.0192
G1 X119.337 Y72.164 E.37935
M204 P1000
G1 E-.64 F2100
;WIPE_START
G1 F9600
G1 X118.793 Y71.62 E-.16
;WIPE_END
G1 X130.788 Y68.101 Z.418 F12000
G1 Z.2 F720
G1 E.8 F1500
M204 P600
G1 F1200
G1 X137.724 Y75.037 E.37282
G1 X137.506 Y75.466 E.01829
G1 X131.174 Y69.134 E.34035
G1 X131.29 Y69.896 E.0293
G1 X137.289 Y75.895 E.32245
G1 X137.072 Y76.324 E.01827
G1 X131.232 Y70.484 E.31391
G1 X131.145 Y71.043 E.0215
G1 X136.854 Y76.753 E.30689
G1 X136.637 Y77.182 E.01827
G1 X131.057 Y71.603 E.2999
G3 X130.92 Y72.112 I-1.503 J-.131 E.02014
G1 X136.386 Y77.578 E.2938
G1 X136.099 Y77.937 E.01747
G1 X130.702 Y72.54 E.29009
G1 X130.484 Y72.969 E.01829
G1 X135.812 Y78.297 E.28639
G1 X135.526 Y78.656 E.01745
M73 P24 R23
G1 X130.266 Y73.397 E.2827
G3 X130.017 Y73.795 I-1.44 J-.623 E.01791
G1 X135.239 Y79.016 E.28066
G1 X134.952 Y79.376 E.0175
G1 X129.696 Y74.12 E.28252
G1 X129.373 Y74.443 E.01736
G1 X134.664 Y79.734 E.2844
G1 X134.369 Y80.086 E.01746
M73 Q24 S23
G1 X129.05 Y74.766 E.28593
G1 X128.719 Y75.082 E.01739
G1 X134.074 Y80.437 E.28784
G1 X133.78 Y80.789 E.01743
G1 X128.304 Y75.313 E.29434
G1 X127.876 Y75.531 E.01826
G1 X133.485 Y81.141 E.30152
G1 X133.19 Y81.492 E.01743
G1 X127.447 Y75.75 E.30867
G1 X127.013 Y75.962 E.01836
G1 X132.895 Y81.844 E.31616
G2 X132.612 Y82.207 I2.195 J2.005 E.01751
G1 X126.482 Y76.077 E.32949
G1 X125.924 Y76.165 E.02147
G1 X132.364 Y82.606 E.34618
G1 X132.116 Y83.004 E.01782
G1 X125.366 Y76.254 E.36282
G3 X124.735 Y76.27 I-.354 J-1.498 E.02416
G1 X131.868 Y83.403 E.38341
G1 X131.62 Y83.801 E.01782
G1 X123.967 Y76.148 E.41136
G1 X123.198 Y76.025 E.0296
G1 X131.373 Y84.2 E.43941
G2 X131.139 Y84.613 I3.117 J2.038 E.01805
G1 X121.988 Y75.462 E.49188
G3 X121.299 Y75.097 I3.685 J-7.787 E.02965
G1 X121.174 Y74.99 E.00625
G1 X120.01 Y73.826 E.06257
G3 X119.82 Y73.565 I.918 J-.868 E.0123
G1 X119.538 Y73.012 E.02359
G1 X112.108 Y65.582 E.39937
G1 X111.936 Y66.056 E.01917
G1 X130.92 Y85.041 E1.02044
G1 X130.713 Y85.48 E.01845
G1 X111.765 Y66.531 E1.0185
G2 X111.655 Y67.068 I1.78 J.643 E.02091
G1 X130.511 Y85.924 E1.01353
G1 X130.318 Y86.378 E.01875
G1 X111.574 Y67.633 E1.00754
G1 X111.492 Y68.198 E.0217
G1 X130.136 Y86.842 E1.00213
G1 X130.133 Y86.851 E.00036
G1 X129.498 Y86.851 E.02413
G1 X111.411 Y68.764 E.97219
G1 X111.33 Y69.329 E.02169
M73 P24 R22
G1 X128.852 Y86.851 E.94182
G1 X128.206 Y86.851 E.02455
M73 P25 R22
G1 X111.348 Y69.993 E.90613
G1 X111.39 Y70.681 E.0262
G1 X127.559 Y86.851 E.86913
G1 X126.913 Y86.851 E.02455
M73 Q25 S23
G1 X111.432 Y71.37 E.83212
G1 X111.474 Y72.059 E.02624
G1 X126.266 Y86.851 E.79508
G1 X125.62 Y86.851 E.02455
G1 X111.667 Y72.898 E.74999
G1 X111.908 Y73.785 E.03494
M73 Q25 S22
G1 X124.974 Y86.851 E.70231
G1 X124.327 Y86.851 E.02459
G1 X112.149 Y74.673 E.65458
G1 X112.215 Y74.917 E.00961
G1 X112.697 Y75.867 E.04049
G1 X123.681 Y86.851 E.5904
G1 X123.034 Y86.851 E.02459
G1 X113.362 Y77.178 E.51991
G1 X113.477 Y77.405 E.00967
G2 X115.665 Y80.128 I121.549 J-95.45 E.13277
G1 X122.388 Y86.851 E.36137
G1 X121.742 Y86.851 E.02455
G1 X117.865 Y82.975 E.20837
G1 X118.745 Y84.389 E.0633
G1 X118.866 Y84.622 E.00998
G1 X121.095 Y86.851 E.11981
G1 X120.449 Y86.851 E.02455
G1 X119.043 Y85.446 E.07555
M204 P1000
M106 S127.5
;LAYER_CHANGE
;Z:0.4
;HEIGHT:0.2
;BEFORE_LAYER_CHANGE
G92 E0.0
;0.4


G1 E-.64 F2100
;WIPE_START
G1 F9600
G1 X119.588 Y85.99 E-.16
;WIPE_END
G1 X119.588 Y85.99 Z.2 F12000
G1 X124.143 Y116.535 Z.739
G1 X124.486 Y118.837 Z.773
G1 X125.172 Y123.441 Z.8
G1 X129.734 Y154.032 Z.8
;AFTER_LAYER_CHANGE
;0.4
M486 S-1
M486 S0
G1 Z.4 F720
G1 E.8 F1500
;TYPE:Support material
;WIDTH:0.37
G1 F3000
G1 X129.469 Y154.147 E.00786
G1 X126.511 Y154.759 E.08215
G1 X123.489 Y154.759 E.08219
G1 X120.531 Y154.147 E.08215
G1 X119.888 Y153.869 F12000
G1 F3000
G1 X130.112 Y153.869 E.27806
G1 X132.242 Y152.948 E.06311
G1 X134.246 Y151.542 E.06658
G1 X115.754 Y151.542 E.50292
G1 X115.285 Y151.212 E.0156
G1 X113.406 Y149.215 E.07457
G1 X136.594 Y149.215 E.63064
G1 X136.785 Y149.011 E.0076
G1 X138.09 Y146.887 E.0678
G1 X111.91 Y146.887 E.71201
G1 X111.634 Y146.437 E.01436
G1 X110.955 Y144.56 E.05429
G1 X122.712 Y144.56 E.31975
G1 X123.25 Y144.834 E.01642
G2 X126.426 Y144.94 I1.761 J-5.153 E.0877
G2 X127.288 Y144.56 I-1.111 J-3.693 E.02568
G1 X139.045 Y144.56 E.31975
G2 X139.589 Y142.233 I-6.686 J-2.791 E.06529
G1 X129.588 Y142.233 E.272
G1 X129.834 Y141.75 E.01474
G2 X130.139 Y139.906 I-6.569 J-2.031 E.05099
G1 X139.781 Y139.906 E.26223
G1 X139.639 Y137.59 E.06311
G1 X129.492 Y137.579 E.27597
G1 X129.257 Y137.117 E.0141
G2 X128.158 Y135.943 I-6.839 J5.3 E.0438
G2 X127.422 Y135.508 I-2.088 J2.695 E.02331
G1 E-.64 F2100
;WIPE_START
G1 F9600
G3 X128.088 Y135.89 I-1.353 J3.129 E-.16
;WIPE_END
G1 X122.21 Y144.304 Z.579 F12000
G1 Z.4 F720
G1 E.8 F1500
G1 F3000
G3 X120.743 Y142.883 I3.154 J-4.722 E.05585
G1 X120.412 Y142.233 E.01984
G1 X110.411 Y142.233 E.272
G3 X110.219 Y139.906 I7.722 J-1.806 E.06373
G1 X119.861 Y139.906 E.26223
G3 X120.166 Y138.25 I7.902 J.595 E.04588
G1 X120.508 Y137.579 E.02048
G1 X110.364 Y137.579 E.27588
G1 X110.996 Y135.252 E.06558
G1 X123.081 Y135.252 E.32867
G1 X123.25 Y135.166 E.00516
G3 X126.75 Y135.166 I1.75 J5.092 E.09695
G1 X126.919 Y135.252 E.00516
G1 X139.004 Y135.252 E.32867
G1 X138.847 Y134.674 E.01629
G1 X137.96 Y132.925 E.05333
G1 X112.04 Y132.925 E.70494
G3 X113.621 Y130.598 I7.963 J3.709 E.07684
G1 X136.379 Y130.598 E.61894
G1 X134.469 Y128.271 E.08188
M73 P26 R22
G1 X115.531 Y128.271 E.51505
G2 X117.207 Y125.944 I-8.627 J-7.979 E.07819
G1 X132.793 Y125.944 E.42389
G3 X131.552 Y123.617 I10.971 J-7.345 E.07184
G1 X118.447 Y123.617 E.35641
G2 X119.314 Y121.29 I-25.29 J-10.748 E.06756
G1 X130.685 Y121.29 E.30925
G1 X130.136 Y118.962 E.06505
M73 Q26 S22
G1 X119.864 Y118.962 E.27937
G2 X120.115 Y116.635 I-17.395 J-3.051 E.0637
G1 X129.885 Y116.635 E.26571
G1 X129.837 Y114.308 E.0633
G1 X120.163 Y114.308 E.2631
G1 X120.163 Y111.981 E.06329
G1 X129.837 Y111.981 E.2631
G1 X129.837 Y109.654 E.06329
G1 X120.163 Y109.654 E.2631
G1 X120.163 Y107.327 E.06329
G1 X129.837 Y107.327 E.2631
G1 X129.837 Y105 E.06329
G1 X120.163 Y105 E.2631
G1 X120.163 Y102.673 E.06329
G1 X129.837 Y102.673 E.2631
G1 X129.837 Y100.346 E.06329
G1 X120.163 Y100.346 E.2631
G1 X120.163 Y98.019 E.06329
G1 X129.837 Y98.019 E.2631
G1 X129.837 Y96.546 E.04006
G1 X120.163 Y96.546 E.2631
G1 X120.163 Y97.855 E.0356
G1 E-.64 F2100
;WIPE_START
G1 F9600
G1 X120.163 Y97.085 E-.16
;WIPE_END
G1 X120.079 Y92.777 Z.475 F12000
G1 Z.4 F720
G1 E.8 F1500
;TYPE:Support material interface
G1 F2100
G1 X120.841 Y92.76 E.02073
G1 X120.12 Y93.482 E.02775
G1 X120.156 Y94.191 E.01931
G1 X121.587 Y92.76 E.05504
G1 X122.332 Y92.76 E.02026
G1 X120.163 Y94.929 E.08342
G1 X120.163 Y95.674 E.02026
G1 X123.078 Y92.76 E.1121
G1 X123.823 Y92.76 E.02026
G1 X120.364 Y96.219 E.13304
G1 X121.109 Y96.219 E.02026
G1 X124.569 Y92.76 E.13306
G1 X125.314 Y92.76 E.02026
G1 X121.855 Y96.219 E.13304
G1 X122.6 Y96.219 E.02026
G1 X126.059 Y92.76 E.13304
G1 X126.805 Y92.76 E.02029
G1 X123.346 Y96.219 E.13304
G1 X124.091 Y96.219 E.02026
G1 X127.55 Y92.76 E.13304
G1 X128.296 Y92.76 E.02029
G1 X124.836 Y96.219 E.13306
G1 X125.582 Y96.219 E.02029
G1 X129.041 Y92.759 E.13306
G1 X129.787 Y92.759 E.02029
G1 X126.327 Y96.219 E.13308
G1 X127.073 Y96.219 E.02029
G1 X129.889 Y93.402 E.10833
G1 X129.844 Y94.193 E.02155
G1 X127.818 Y96.219 E.07792
G1 X128.563 Y96.219 E.02026
G1 X129.837 Y94.946 E.04898
G1 X129.837 Y95.691 E.02026
G1 X129.309 Y96.219 E.02031
G1 X129.837 Y96.219 E.01436
G1 X129.837 Y95.854 E.00993
G1 E-.64
;WIPE_START
G1 F9600
G1 X129.837 Y96.219 E-.07585
G1 X129.432 Y96.219 E-.08415
;WIPE_END
G1 X119.824 Y88.772 Z.612 F12000
G1 Z.4 F720
G1 E.8 F1500
;TYPE:Overhang perimeter
;WIDTH:0.449999
G1 F900
G1 X128.669 Y88.772 E.29939
G1 X130.194 Y88.772 E.05162
G1 X129.904 Y89.859 E.03808
G1 X123.504 Y89.859 E.21663
G1 X120.102 Y89.887 E.11516
G1 X120.077 Y89.766 E.00418
G1 X119.814 Y88.809 E.03359
G1 X119.272 Y88.365 F12000
G1 F900
G1 X120.386 Y88.365 E.03771
G1 X130.728 Y88.365 E.35006
G1 X130.399 Y89.566 E.04215
G1 X130.246 Y90.266 E.02425
G1 X123.504 Y90.266 E.22821
G1 X119.767 Y90.296 E.1265
G1 X119.685 Y89.874 E.01455
G1 X119.284 Y88.419 E.05109
G1 E-.64 F2100
;WIPE_START
G1 F9600
G1 X119.272 Y88.365 E-.0115
G1 X119.987 Y88.365 E-.1485
;WIPE_END
G1 X129.93 Y89.122 Z.574 F12000
G1 Z.4 F720
G1 E.8 F1500
;TYPE:Bridge infill
;WIDTH:0.457423
G1 X120.259 Y89.121 E.33332
G1 X120.373 Y89.536 E.01483
G1 X129.816 Y89.536 E.32546
G1 E-.64 F2100
;WIPE_START
G1 F9600
G1 X129.046 Y89.536 E-.16
;WIPE_END
G1 X129.375 Y120.417 Z.939 F12000
G1 X129.4 Y122.744 Z.973
G1 X129.45 Y127.399 Z1
M486 S-1
M486 S1
G1 X129.734 Y154.032
G1 Z.4 F720
G1 E.8 F1500
;TYPE:Support material
;WIDTH:0.37
G1 F3000
G1 X129.469 Y154.147 E.00786
G1 X126.511 Y154.759 E.08215
G1 X123.489 Y154.759 E.08219
G1 X120.531 Y154.147 E.08215
G1 X119.888 Y153.869 F12000
G1 F3000
G1 X130.112 Y153.869 E.27806
G1 X132.242 Y152.948 E.06311
G1 X134.246 Y151.542 E.06658
G1 X115.754 Y151.542 E.50292
G1 X115.285 Y151.212 E.0156
G1 X113.406 Y149.215 E.07457
G1 X136.594 Y149.215 E.63064
G1 X136.785 Y149.011 E.0076
G1 X138.09 Y146.887 E.0678
G1 X111.91 Y146.887 E.71201
G1 X111.634 Y146.437 E.01436
G1 X110.955 Y144.56 E.05429
G1 X122.712 Y144.56 E.31975
G1 X123.25 Y144.834 E.01642
G2 X126.426 Y144.94 I1.761 J-5.153 E.0877
G2 X127.288 Y144.56 I-1.111 J-3.693 E.02568
G1 X139.045 Y144.56 E.31975
G2 X139.589 Y142.233 I-6.686 J-2.791 E.06529
G1 X129.588 Y142.233 E.272
G1 X129.834 Y141.75 E.01474
G2 X130.139 Y139.906 I-6.569 J-2.031 E.05099
G1 X139.781 Y139.906 E.26223
G1 X139.639 Y137.59 E.06311
G1 X129.492 Y137.579 E.27597
G1 X129.257 Y137.117 E.0141
G2 X128.158 Y135.943 I-6.839 J5.3 E.0438
G2 X127.422 Y135.508 I-2.088 J2.695 E.02331
G1 E-.64 F2100
;WIPE_START
G1 F9600
G3 X128.088 Y135.89 I-1.353 J3.129 E-.16
;WIPE_END
G1 X122.21 Y144.304 Z.579 F12000
G1 Z.4 F720
G1 E.8 F1500
G1 F3000
G3 X120.743 Y142.883 I3.154 J-4.722 E.05585
G1 X120.412 Y142.233 E.01984
G1 X110.411 Y142.233 E.272
G3 X110.219 Y139.906 I7.722 J-1.806 E.06373
G1 X119.861 Y139.906 E.26223
M73 P27 R22
G3 X120.166 Y138.25 I7.902 J.595 E.04588
G1 X120.508 Y137.579 E.02048
G1 X110.364 Y137.579 E.27588
G1 X110.996 Y135.252 E.06558
G1 X123.081 Y135.252 E.32867
G1 X123.25 Y135.166 E.00516
G3 X126.75 Y135.166 I1.75 J5.092 E.09695
G1 X126.919 Y135.252 E.00516
G1 X139.004 Y135.252 E.32867
G1 X138.847 Y134.674 E.01629
G1 X137.96 Y132.925 E.05333
G1 X112.04 Y132.925 E.70494
G3 X113.621 Y130.598 I7.963 J3.709 E.07684
M73 Q27 S22
G1 X136.379 Y130.598 E.61894
G1 X134.469 Y128.271 E.08188
G1 X115.531 Y128.271 E.51505
G2 X117.207 Y125.944 I-8.627 J-7.979 E.07819
G1 X132.793 Y125.944 E.42389
G3 X131.552 Y123.617 I10.971 J-7.345 E.07184
G1 X118.447 Y123.617 E.35641
G2 X119.314 Y121.29 I-25.29 J-10.748 E.06756
G1 X130.685 Y121.29 E.30925
G1 X130.136 Y118.962 E.06505
G1 X119.864 Y118.962 E.27937
G2 X120.115 Y116.635 I-17.395 J-3.051 E.0637
G1 X129.885 Y116.635 E.26571
G1 X129.837 Y114.308 E.0633
G1 X120.163 Y114.308 E.2631
G1 X120.163 Y111.981 E.06329
G1 X129.837 Y111.981 E.2631
G1 X129.837 Y109.654 E.06329
G1 X120.163 Y109.654 E.2631
G1 X120.163 Y107.327 E.06329
G1 X129.837 Y107.327 E.2631
G1 X129.837 Y105 E.06329
G1 X120.163 Y105 E.2631
G1 X120.163 Y102.673 E.06329
G1 X129.837 Y102.673 E.2631
G1 X129.837 Y100.346 E.06329
G1 X120.163 Y100.346 E.2631
G1 X120.163 Y98.019 E.06329
G1 X129.837 Y98.019 E.2631
G1 X129.837 Y96.546 E.04006
G1 X120.163 Y96.546 E.2631
G1 X120.163 Y97.855 E.0356
G1 E-.64 F2100
;WIPE_START
G1 F9600
G1 X120.163 Y97.085 E-.16
;WIPE_END
G1 X120.079 Y92.777 Z.475 F12000
G1 Z.4 F720
G1 E.8 F1500
;TYPE:Support material interface
G1 F2100
G1 X120.841 Y92.76 E.02073
G1 X120.12 Y93.482 E.02775
G1 X120.156 Y94.191 E.01931
G1 X121.587 Y92.76 E.05504
G1 X122.332 Y92.76 E.02026
G1 X120.163 Y94.929 E.08342
G1 X120.163 Y95.674 E.02026
G1 X123.078 Y92.76 E.1121
G1 X123.823 Y92.76 E.02026
G1 X120.364 Y96.219 E.13304
G1 X121.109 Y96.219 E.02026
G1 X124.569 Y92.76 E.13306
G1 X125.314 Y92.76 E.02026
G1 X121.855 Y96.219 E.13304
G1 X122.6 Y96.219 E.02026
G1 X126.059 Y92.76 E.13304
G1 X126.805 Y92.76 E.02029
G1 X123.346 Y96.219 E.13304
G1 X124.091 Y96.219 E.02026
G1 X127.55 Y92.76 E.13304
G1 X128.296 Y92.76 E.02029
G1 X124.836 Y96.219 E.13306
G1 X125.582 Y96.219 E.02029
G1 X129.041 Y92.759 E.13306
G1 X129.787 Y92.759 E.02029
G1 X126.327 Y96.219 E.13308
G1 X127.073 Y96.219 E.02029
G1 X129.889 Y93.402 E.10833
G1 X129.844 Y94.193 E.02155
G1 X127.818 Y96.219 E.07792
G1 X128.563 Y96.219 E.02026
G1 X129.837 Y94.946 E.04898
G1 X129.837 Y95.691 E.02026
G1 X129.309 Y96.219 E.02031
G1 X129.837 Y96.219 E.01436
G1 X129.837 Y95.854 E.00993
G1 E-.64
;WIPE_START
G1 F9600
G1 X129.837 Y96.219 E-.07585
G1 X129.432 Y96.219 E-.08415
;WIPE_END
G1 X119.824 Y88.772 Z.612 F12000
G1 Z.4 F720
G1 E.8 F1500
;TYPE:Overhang perimeter
;WIDTH:0.449999
G1 F900
G1 X128.669 Y88.772 E.29939
G1 X130.194 Y88.772 E.05162
G1 X129.904 Y89.859 E.03808
G1 X123.504 Y89.859 E.21663
G1 X120.102 Y89.887 E.11516
G1 X120.077 Y89.766 E.00418
G1 X119.814 Y88.809 E.03359
G1 X119.272 Y88.365 F12000
G1 F900
G1 X120.386 Y88.365 E.03771
G1 X130.728 Y88.365 E.35006
G1 X130.399 Y89.566 E.04215
G1 X130.246 Y90.266 E.02425
G1 X123.504 Y90.266 E.22821
G1 X119.767 Y90.296 E.1265
G1 X119.685 Y89.874 E.01455
G1 X119.284 Y88.419 E.05109
G1 E-.64 F2100
;WIPE_START
G1 F9600
G1 X119.272 Y88.365 E-.0115
G1 X119.987 Y88.365 E-.1485
;WIPE_END
G1 X129.93 Y89.122 Z.574 F12000
G1 Z.4 F720
G1 E.8 F1500
;TYPE:Bridge infill
;WIDTH:0.457423
G1 X120.259 Y89.121 E.33332
G1 X120.373 Y89.536 E.01483
G1 X129.816 Y89.536 E.32546
M106 S255
;LAYER_CHANGE
;Z:0.6
;HEIGHT:0.2
;BEFORE_LAYER_CHANGE
G92 E0.0
;0.6


G1 E-.64 F2100
;WIPE_START
G1 F9600
G1 X129.046 Y89.536 E-.16
;WIPE_END
G1 X129.046 Y89.536 Z.4 F12000
G1 X125.011 Y120.154 Z.939
G1 X124.707 Y122.462 Z.973
G1 X124.098 Y127.076 Z1
G1 X120.531 Y154.147 Z1
;AFTER_LAYER_CHANGE
;0.6
M486 S-1
M486 S0
G1 Z.6 F720
G1 E.8 F1500
;TYPE:Support material
;WIDTH:0.37
G1 F3000
G1 X123.489 Y154.759 E.08215
G1 X126.511 Y154.759 E.08219
G1 X129.469 Y154.147 E.08215
G1 X129.734 Y154.032 E.00786
G1 X130.112 Y153.869 F12000
G1 F3000
G1 X119.888 Y153.869 E.27806
G1 X117.758 Y152.948 E.06311
G1 X115.754 Y151.542 E.06658
G1 X134.246 Y151.542 E.50292
G1 X134.715 Y151.212 E.0156
G1 X136.594 Y149.215 E.07457
G1 X113.406 Y149.215 E.63064
G1 X113.215 Y149.011 E.0076
G1 X111.91 Y146.887 E.0678
G1 X138.09 Y146.887 E.71201
G1 X138.366 Y146.437 E.01436
G1 X139.045 Y144.56 E.05429
G1 X127.288 Y144.56 E.31975
G3 X126.426 Y144.94 I-1.973 J-3.313 E.02568
M73 P28 R22
G3 X123.25 Y144.834 I-1.415 J-5.259 E.0877
G1 X122.712 Y144.56 E.01642
G1 X110.955 Y144.56 E.31975
G3 X110.434 Y142.395 I6.15 J-2.625 E.06085
G1 X110.953 Y135.41 F12000
G1 F3000
G1 X110.364 Y137.579 E.06113
G1 X120.508 Y137.579 E.27588
G1 X120.166 Y138.25 E.02048
G2 X119.861 Y139.906 I7.597 J2.251 E.04588
G1 X110.219 Y139.906 E.26223
G2 X110.411 Y142.233 I7.914 J.521 E.06373
G1 X120.412 Y142.233 E.272
G1 X120.743 Y142.883 E.01984
M73 Q28 S22
G2 X122.21 Y144.304 I4.621 J-3.301 E.05585
G1 E-.64 F2100
;WIPE_START
G1 F9600
G3 X121.601 Y143.834 I3.154 J-4.723 E-.16
;WIPE_END
G1 X127.791 Y144.304 Z.708 F12000
G1 Z.6 F720
G1 E.8 F1500
G1 F3000
G1 X127.883 Y144.257 E.00281
G2 X129.057 Y143.158 I-5.3 J-6.84 E.0438
G2 X129.588 Y142.233 I-3.669 J-2.721 E.02907
G1 X139.589 Y142.233 E.272
G2 X139.781 Y139.906 I-7.722 J-1.806 E.06373
G1 X130.139 Y139.906 E.26223
G1 X129.94 Y138.574 E.03663
M73 P28 R21
G2 X129.492 Y137.579 I-4.497 J1.423 E.02974
G1 X139.636 Y137.579 E.27588
G1 X139.004 Y135.252 E.06558
G1 X126.919 Y135.252 E.32867
G1 X126.75 Y135.166 E.00516
G2 X123.25 Y135.166 I-1.75 J5.092 E.09695
G1 X123.081 Y135.252 E.00516
G1 X110.996 Y135.252 E.32867
G1 X111.153 Y134.674 E.01629
G1 X112.04 Y132.925 E.05333
G1 X137.96 Y132.925 E.70494
G2 X136.379 Y130.598 I-7.962 J3.709 E.07684
G1 X113.621 Y130.598 E.61894
G1 X115.531 Y128.271 E.08188
G1 X134.469 Y128.271 E.51505
G3 X132.793 Y125.944 I8.627 J-7.979 E.07819
G1 X117.207 Y125.944 E.42389
G2 X118.447 Y123.617 I-10.957 J-7.336 E.07183
G1 X131.552 Y123.617 E.35641
G3 X130.685 Y121.29 I25.55 J-10.843 E.06756
G1 X119.314 Y121.29 E.30925
G1 X119.864 Y118.962 E.06506
G1 X130.136 Y118.962 E.27937
G3 X129.885 Y116.635 I20.419 J-3.377 E.06369
G1 X120.115 Y116.635 E.26571
G1 X120.163 Y114.308 E.0633
G1 X129.837 Y114.308 E.2631
G1 X129.837 Y111.981 E.06329
G1 X120.163 Y111.981 E.2631
G1 X120.163 Y109.654 E.06329
G1 X129.837 Y109.654 E.2631
G1 X129.837 Y107.327 E.06329
G1 X120.163 Y107.327 E.2631
G1 X120.163 Y105 E.06329
G1 X129.837 Y105 E.2631
G1 X129.837 Y102.673 E.06329
G1 X120.163 Y102.673 E.2631
G1 X120.163 Y100.346 E.06329
G1 X129.837 Y100.346 E.2631
G1 X129.837 Y98.019 E.06329
G1 X120.163 Y98.019 E.2631
G1 X120.163 Y97.554 E.01265
G1 X129.837 Y97.554 E.2631
G1 X129.837 Y97.855 E.00819
G1 E-.64 F2100
;WIPE_START
G1 F9600
G1 X129.837 Y97.554 E-.06255
G1 X129.368 Y97.554 E-.09745
;WIPE_END
G1 X129.812 Y94.158 Z.66 F12000
G1 Z.6 F720
M73 Q28 S21
G1 E.8 F1500
;TYPE:Support material interface
G1 F2100
G1 X129.837 Y94.929 E.02098
G1 X129.066 Y94.158 E.02965
G1 X128.321 Y94.158 E.02026
G1 X129.837 Y95.674 E.05831
G1 X129.837 Y96.419 E.02026
G1 X127.576 Y94.158 E.08696
G1 X126.83 Y94.158 E.02029
G1 X129.837 Y97.165 E.11566
G1 X129.837 Y97.226 E.00166
G1 X129.153 Y97.226 E.0186
G1 X126.085 Y94.158 E.118
G1 X125.339 Y94.158 E.02029
G1 X128.407 Y97.226 E.118
G1 X127.662 Y97.226 E.02026
G1 X124.594 Y94.158 E.118
G1 X123.849 Y94.158 E.02026
G1 X126.917 Y97.226 E.118
G1 X126.171 Y97.226 E.02029
G1 X123.103 Y94.158 E.118
G1 X122.358 Y94.158 E.02026
G1 X125.426 Y97.226 E.118
G1 X124.68 Y97.226 E.02029
G1 X121.612 Y94.158 E.118
G1 X120.867 Y94.158 E.02026
G1 X123.935 Y97.226 E.118
G1 X123.19 Y97.226 E.02026
G1 X120.156 Y94.193 E.11667
G1 X120.163 Y94.946 E.02048
G1 X122.444 Y97.226 E.08771
G1 X121.699 Y97.226 E.02026
G1 X120.163 Y95.691 E.05906
G1 X120.163 Y96.436 E.02026
G1 X120.953 Y97.226 E.03039
G1 X120.208 Y97.226 E.02026
G1 X120.163 Y97.182 E.00171
G1 E-.64
;WIPE_START
G1 F9600
G1 X120.208 Y97.226 E-.01308
G1 X120.915 Y97.226 E-.14692
;WIPE_END
G1 X120.436 Y91.607 Z.698 F12000
G1 Z.6 F720
G1 E.8 F1500
;TYPE:Overhang perimeter
;WIDTH:0.444873
G1 F900
G1 X120.417 Y91.607 E.00064
;WIDTH:0.444641
G1 X120.364 Y91.205 E.01354
G1 X120.596 Y91.205 E.00775
;WIDTH:0.444873
G1 X122.176 Y91.205 E.05281
G1 X129.643 Y91.204 E.24957
G1 X129.576 Y91.6 E.01342
G1 X122.397 Y91.607 E.23994
G1 X120.496 Y91.607 E.06354
G1 X120.063 Y92.011 F12000
;WIDTH:0.449999
G1 F900
G1 X120.056 Y92.011 E.00024
G1 X119.982 Y91.369 E.02187
G1 X119.881 Y90.801 E.01953
G1 X121.061 Y90.801 E.03994
G1 X130.122 Y90.8 E.3067
G1 X130.002 Y91.507 E.02427
G1 X129.941 Y92.011 E.01718
G1 X122.449 Y92.011 E.25359
G1 X120.123 Y92.011 E.07873
G1 E-.64 F2100
;WIPE_START
G1 F9600
G1 X120.063 Y92.011 E-.01247
G1 X120.056 Y92.011 E-.00145
;WIPE_END
G1 E-.14608 F2100
G1 X120.292 Y122.893 Z1.139 F12000
G1 X120.31 Y125.22 Z1.173
G1 X120.345 Y129.875 Z1.2
M486 S-1
M486 S1
G1 X120.531 Y154.147
G1 Z.6 F720
G1 E.8 F1500
;TYPE:Support material
;WIDTH:0.37
G1 F3000
G1 X123.489 Y154.759 E.08215
G1 X126.511 Y154.759 E.08219
G1 X129.469 Y154.147 E.08215
G1 X129.734 Y154.032 E.00786
G1 X130.112 Y153.869 F12000
G1 F3000
G1 X119.888 Y153.869 E.27806
G1 X117.758 Y152.948 E.06311
G1 X115.754 Y151.542 E.06658
G1 X134.246 Y151.542 E.50292
G1 X134.715 Y151.212 E.0156
G1 X136.594 Y149.215 E.07457
G1 X113.406 Y149.215 E.63064
G1 X113.215 Y149.011 E.0076
G1 X111.91 Y146.887 E.0678
G1 X138.09 Y146.887 E.71201
G1 X138.366 Y146.437 E.01436
M73 P29 R21
G1 X139.045 Y144.56 E.05429
G1 X127.288 Y144.56 E.31975
G3 X126.426 Y144.94 I-1.973 J-3.313 E.02568
G3 X123.25 Y144.834 I-1.415 J-5.259 E.0877
G1 X122.712 Y144.56 E.01642
G1 X110.955 Y144.56 E.31975
G3 X110.434 Y142.395 I6.15 J-2.625 E.06085
G1 X110.953 Y135.41 F12000
G1 F3000
G1 X110.364 Y137.579 E.06113
G1 X120.508 Y137.579 E.27588
G1 X120.166 Y138.25 E.02048
M73 Q29 S21
G2 X119.861 Y139.906 I7.597 J2.251 E.04588
G1 X110.219 Y139.906 E.26223
G2 X110.411 Y142.233 I7.914 J.521 E.06373
G1 X120.412 Y142.233 E.272
G1 X120.743 Y142.883 E.01984
G2 X122.21 Y144.304 I4.621 J-3.301 E.05585
G1 E-.64 F2100
;WIPE_START
G1 F9600
G3 X121.601 Y143.834 I3.154 J-4.723 E-.16
;WIPE_END
G1 X127.791 Y144.304 Z.708 F12000
G1 Z.6 F720
G1 E.8 F1500
G1 F3000
G1 X127.883 Y144.257 E.00281
G2 X129.057 Y143.158 I-5.3 J-6.84 E.0438
G2 X129.588 Y142.233 I-3.669 J-2.721 E.02907
G1 X139.589 Y142.233 E.272
G2 X139.781 Y139.906 I-7.722 J-1.806 E.06373
G1 X130.139 Y139.906 E.26223
G1 X129.94 Y138.574 E.03663
G2 X129.492 Y137.579 I-4.497 J1.423 E.02974
G1 X139.636 Y137.579 E.27588
G1 X139.004 Y135.252 E.06558
G1 X126.919 Y135.252 E.32867
G1 X126.75 Y135.166 E.00516
G2 X123.25 Y135.166 I-1.75 J5.092 E.09695
G1 X123.081 Y135.252 E.00516
G1 X110.996 Y135.252 E.32867
G1 X111.153 Y134.674 E.01629
G1 X112.04 Y132.925 E.05333
G1 X137.96 Y132.925 E.70494
G2 X136.379 Y130.598 I-7.962 J3.709 E.07684
G1 X113.621 Y130.598 E.61894
G1 X115.531 Y128.271 E.08188
G1 X134.469 Y128.271 E.51505
G3 X132.793 Y125.944 I8.627 J-7.979 E.07819
G1 X117.207 Y125.944 E.42389
G2 X118.447 Y123.617 I-10.957 J-7.336 E.07183
G1 X131.552 Y123.617 E.35641
G3 X130.685 Y121.29 I25.55 J-10.843 E.06756
G1 X119.314 Y121.29 E.30925
G1 X119.864 Y118.962 E.06506
G1 X130.136 Y118.962 E.27937
G3 X129.885 Y116.635 I20.419 J-3.377 E.06369
G1 X120.115 Y116.635 E.26571
G1 X120.163 Y114.308 E.0633
G1 X129.837 Y114.308 E.2631
G1 X129.837 Y111.981 E.06329
G1 X120.163 Y111.981 E.2631
G1 X120.163 Y109.654 E.06329
G1 X129.837 Y109.654 E.2631
G1 X129.837 Y107.327 E.06329
G1 X120.163 Y107.327 E.2631
G1 X120.163 Y105 E.06329
G1 X129.837 Y105 E.2631
G1 X129.837 Y102.673 E.06329
G1 X120.163 Y102.673 E.2631
G1 X120.163 Y100.346 E.06329
G1 X129.837 Y100.346 E.2631
G1 X129.837 Y98.019 E.06329
G1 X120.163 Y98.019 E.2631
G1 X120.163 Y97.554 E.01265
G1 X129.837 Y97.554 E.2631
G1 X129.837 Y97.855 E.00819
G1 E-.64 F2100
;WIPE_START
G1 F9600
G1 X129.837 Y97.554 E-.06255
G1 X129.368 Y97.554 E-.09745
;WIPE_END
G1 X129.812 Y94.158 Z.66 F12000
G1 Z.6 F720
G1 E.8 F1500
;TYPE:Support material interface
G1 F2100
G1 X129.837 Y94.929 E.02098
G1 X129.066 Y94.158 E.02965
G1 X128.321 Y94.158 E.02026
G1 X129.837 Y95.674 E.05831
G1 X129.837 Y96.419 E.02026
G1 X127.576 Y94.158 E.08696
G1 X126.83 Y94.158 E.02029
G1 X129.837 Y97.165 E.11566
G1 X129.837 Y97.226 E.00166
G1 X129.153 Y97.226 E.0186
G1 X126.085 Y94.158 E.118
G1 X125.339 Y94.158 E.02029
G1 X128.407 Y97.226 E.118
G1 X127.662 Y97.226 E.02026
G1 X124.594 Y94.158 E.118
G1 X123.849 Y94.158 E.02026
G1 X126.917 Y97.226 E.118
G1 X126.171 Y97.226 E.02029
G1 X123.103 Y94.158 E.118
G1 X122.358 Y94.158 E.02026
G1 X125.426 Y97.226 E.118
G1 X124.68 Y97.226 E.02029
G1 X121.612 Y94.158 E.118
G1 X120.867 Y94.158 E.02026
G1 X123.935 Y97.226 E.118
G1 X123.19 Y97.226 E.02026
G1 X120.156 Y94.193 E.11667
G1 X120.163 Y94.946 E.02048
G1 X122.444 Y97.226 E.08771
G1 X121.699 Y97.226 E.02026
G1 X120.163 Y95.691 E.05906
G1 X120.163 Y96.436 E.02026
G1 X120.953 Y97.226 E.03039
G1 X120.208 Y97.226 E.02026
G1 X120.163 Y97.182 E.00171
G1 E-.64
;WIPE_START
G1 F9600
G1 X120.208 Y97.226 E-.01308
G1 X120.915 Y97.226 E-.14692
;WIPE_END
G1 X120.436 Y91.607 Z.698 F12000
G1 Z.6 F720
G1 E.8 F1500
;TYPE:Overhang perimeter
;WIDTH:0.444873
G1 F900
G1 X120.417 Y91.607 E.00064
;WIDTH:0.444641
G1 X120.364 Y91.205 E.01354
G1 X120.596 Y91.205 E.00775
;WIDTH:0.444873
G1 X122.176 Y91.205 E.05281
G1 X129.643 Y91.204 E.24957
G1 X129.576 Y91.6 E.01342
G1 X122.397 Y91.607 E.23994
G1 X120.496 Y91.607 E.06354
G1 X120.063 Y92.011 F12000
;WIDTH:0.449999
G1 F900
G1 X120.056 Y92.011 E.00024
G1 X119.982 Y91.369 E.02187
G1 X119.881 Y90.801 E.01953
G1 X121.061 Y90.801 E.03994
G1 X130.122 Y90.8 E.3067
G1 X130.002 Y91.507 E.02427
G1 X129.941 Y92.011 E.01718
G1 X122.449 Y92.011 E.25359
G1 X120.123 Y92.011 E.07873
;LAYER_CHANGE
;Z:0.8
;HEIGHT:0.2
;BEFORE_LAYER_CHANGE
G92 E0.0
;0.8


G1 E-.64 F2100
;WIPE_START
G1 F9600
G1 X120.063 Y92.011 E-.01247
G1 X120.056 Y92.011 E-.00145
;WIPE_END
G1 E-.14608 F2100
G1 X120.056 Y92.011 Z.6 F12000
G1 X120.292 Y122.893 Z1.139
G1 X120.31 Y125.22 Z1.173
G1 X120.345 Y129.875 Z1.2
G1 X120.531 Y154.147 Z1.2
;AFTER_LAYER_CHANGE
;0.8
M486 S-1
M486 S0
G1 Z.8 F720
G1 E.8 F1500
;TYPE:Support material
;WIDTH:0.37
G1 F3000
G1 X123.489 Y154.759 E.08215
G1 X126.511 Y154.759 E.08219
G1 X129.469 Y154.147 E.08215
G1 X129.734 Y154.032 E.00786
G1 X130.112 Y153.869 F12000
G1 F3000
G1 X119.888 Y153.869 E.27806
G1 X117.758 Y152.948 E.06311
G1 X115.754 Y151.542 E.06658
G1 X134.246 Y151.542 E.50292
G1 X134.715 Y151.212 E.0156
G1 X136.594 Y149.215 E.07457
G1 X113.406 Y149.215 E.63064
G1 X113.215 Y149.011 E.0076
M73 P30 R21
G1 X111.91 Y146.887 E.0678
G1 X138.09 Y146.887 E.71201
G1 X138.366 Y146.437 E.01436
G1 X139.045 Y144.56 E.05429
G1 X127.288 Y144.56 E.31975
G3 X126.426 Y144.94 I-1.973 J-3.313 E.02568
G3 X123.25 Y144.834 I-1.415 J-5.259 E.0877
G1 X122.712 Y144.56 E.01642
G1 X110.955 Y144.56 E.31975
G3 X110.434 Y142.395 I6.15 J-2.625 E.06085
M73 Q30 S21
G1 X110.953 Y135.41 F12000
G1 F3000
G1 X110.364 Y137.579 E.06113
G1 X120.508 Y137.579 E.27588
G1 X120.166 Y138.25 E.02048
G2 X119.861 Y139.906 I7.597 J2.251 E.04588
G1 X110.219 Y139.906 E.26223
G2 X110.411 Y142.233 I7.914 J.521 E.06373
G1 X120.412 Y142.233 E.272
G1 X120.743 Y142.883 E.01984
G2 X122.21 Y144.304 I4.621 J-3.301 E.05585
G1 E-.64 F2100
;WIPE_START
G1 F9600
G3 X121.601 Y143.834 I3.154 J-4.723 E-.16
;WIPE_END
G1 X127.79 Y144.304 Z.908 F12000
G1 Z.8 F720
G1 E.8 F1500
G1 F3000
G1 X127.883 Y144.257 E.00283
G2 X129.057 Y143.158 I-5.3 J-6.84 E.0438
G2 X129.588 Y142.233 I-3.669 J-2.721 E.02907
G1 X139.589 Y142.233 E.272
G2 X139.781 Y139.906 I-7.722 J-1.806 E.06373
G1 X130.139 Y139.906 E.26223
G1 X129.94 Y138.574 E.03663
G2 X129.492 Y137.579 I-4.497 J1.423 E.02974
G1 X139.636 Y137.579 E.27588
G1 X139.004 Y135.252 E.06558
G1 X126.919 Y135.252 E.32867
G1 X126.75 Y135.166 E.00516
G2 X123.25 Y135.166 I-1.75 J5.092 E.09695
G1 X123.081 Y135.252 E.00516
G1 X110.996 Y135.252 E.32867
G1 X111.153 Y134.674 E.01629
G1 X112.04 Y132.925 E.05333
G1 X137.96 Y132.925 E.70494
G2 X136.379 Y130.598 I-7.962 J3.709 E.07684
G1 X113.621 Y130.598 E.61894
G1 X115.531 Y128.271 E.08188
G1 X134.469 Y128.271 E.51505
G3 X132.793 Y125.944 I8.627 J-7.979 E.07819
G1 X117.207 Y125.944 E.42389
G2 X118.447 Y123.617 I-10.958 J-7.337 E.07183
G1 X131.552 Y123.617 E.35641
G3 X130.685 Y121.29 I25.559 J-10.846 E.06756
G1 X119.314 Y121.29 E.30925
G1 X119.864 Y118.962 E.06506
G1 X130.136 Y118.962 E.27937
G3 X129.885 Y116.635 I20.419 J-3.377 E.06369
G1 X120.115 Y116.635 E.26571
G1 X120.163 Y114.308 E.0633
G1 X129.837 Y114.308 E.2631
G1 X129.837 Y111.981 E.06329
G1 X120.163 Y111.981 E.2631
G1 X120.163 Y109.654 E.06329
G1 X129.837 Y109.654 E.2631
G1 X129.837 Y107.327 E.06329
G1 X120.163 Y107.327 E.2631
G1 X120.163 Y105 E.06329
G1 X129.837 Y105 E.2631
G1 X129.837 Y102.673 E.06329
G1 X120.163 Y102.673 E.2631
G1 X120.163 Y100.346 E.06329
G1 X129.837 Y100.346 E.2631
G1 X129.837 Y98.561 E.04855
G1 X120.163 Y98.561 E.2631
G1 X120.163 Y100.182 E.04409
G1 E-.64 F2100
;WIPE_START
G1 F9600
G1 X120.163 Y99.412 E-.16
;WIPE_END
G1 X120.303 Y95.371 Z.871 F12000
G1 Z.8 F720
G1 E.8 F1500
;TYPE:Support material interface
G1 F2100
G1 X120.163 Y95.371 E.00381
G1 X120.163 Y95.674 E.00824
G1 X120.466 Y95.371 E.01165
G1 X121.212 Y95.371 E.02029
G1 X120.163 Y96.419 E.04033
G1 X120.163 Y97.165 E.02029
G1 X121.957 Y95.371 E.069
G1 X122.703 Y95.371 E.02029
G1 X120.163 Y97.91 E.09767
G1 X120.163 Y98.234 E.00881
G1 X120.585 Y98.234 E.01148
G1 X123.448 Y95.371 E.11012
G1 X124.193 Y95.371 E.02026
G1 X121.33 Y98.234 E.11012
G1 X122.076 Y98.234 E.02029
G1 X124.939 Y95.371 E.11012
G1 X125.684 Y95.371 E.02026
G1 X122.821 Y98.234 E.11012
G1 X123.566 Y98.234 E.02026
G1 X126.43 Y95.371 E.11014
G1 X127.175 Y95.371 E.02026
G1 X124.312 Y98.234 E.11012
G1 X125.057 Y98.234 E.02026
G1 X127.92 Y95.371 E.11012
G1 X128.666 Y95.371 E.02029
G1 X125.803 Y98.234 E.11012
G1 X126.548 Y98.234 E.02026
G1 X129.411 Y95.371 E.11012
G1 X129.837 Y95.371 E.01159
G1 X129.837 Y95.691 E.0087
G1 X127.293 Y98.234 E.09783
G1 X128.039 Y98.234 E.02029
G1 X129.837 Y96.436 E.06915
G1 X129.837 Y97.182 E.02029
G1 X128.784 Y98.234 E.04048
G1 X129.53 Y98.234 E.02029
G1 X129.837 Y97.927 E.01181
G1 X129.837 Y98.234 E.00835
G1 X129.693 Y98.234 E.00392
G1 E-.64
;WIPE_START
G1 F9600
G1 X129.837 Y98.234 E-.02992
G1 X129.837 Y97.927 E-.0638
G1 X129.611 Y98.153 E-.06628
;WIPE_END
G1 X129.387 Y92.933 Z.891 F12000
G1 Z.8 F720
G1 E.8 F1500
;TYPE:Overhang perimeter
;WIDTH:0.588354
G1 F900
G1 X120.626 Y92.934 E.39734
G1 X120.114 Y92.457 F12000
;WIDTH:0.449999
G1 F900
G1 X129.899 Y92.457 E.33121
G1 X129.831 Y93.41 E.03234
G1 X120.173 Y93.41 E.32691
G1 X120.15 Y92.958 E.01532
G1 X120.118 Y92.517 E.01497
G1 E-.64 F2100
;WIPE_START
G1 F9600
G1 X120.114 Y92.457 E-.0125
G1 X120.824 Y92.457 E-.1475
;WIPE_END
G1 X120.677 Y123.34 Z1.339 F12000
G1 X120.666 Y125.667 Z1.373
G1 X120.644 Y130.322 Z1.4
M486 S-1
M486 S1
G1 X120.531 Y154.147
G1 Z.8 F720
G1 E.8 F1500
;TYPE:Support material
;WIDTH:0.37
G1 F3000
G1 X123.489 Y154.759 E.08215
G1 X126.511 Y154.759 E.08219
G1 X129.469 Y154.147 E.08215
G1 X129.734 Y154.032 E.00786
G1 X130.112 Y153.869 F12000
G1 F3000
G1 X119.888 Y153.869 E.27806
G1 X117.758 Y152.948 E.06311
G1 X115.754 Y151.542 E.06658
G1 X134.246 Y151.542 E.50292
G1 X134.715 Y151.212 E.0156
G1 X136.594 Y149.215 E.07457
G1 X113.406 Y149.215 E.63064
G1 X113.215 Y149.011 E.0076
G1 X111.91 Y146.887 E.0678
G1 X138.09 Y146.887 E.71201
G1 X138.366 Y146.437 E.01436
M73 P31 R21
G1 X139.045 Y144.56 E.05429
G1 X127.288 Y144.56 E.31975
G3 X126.426 Y144.94 I-1.973 J-3.313 E.02568
G3 X123.25 Y144.834 I-1.415 J-5.259 E.0877
G1 X122.712 Y144.56 E.01642
G1 X110.955 Y144.56 E.31975
G3 X110.434 Y142.395 I6.15 J-2.625 E.06085
G1 X110.953 Y135.41 F12000
G1 F3000
G1 X110.364 Y137.579 E.06113
G1 X120.508 Y137.579 E.27588
G1 X120.166 Y138.25 E.02048
M73 Q31 S21
G2 X119.861 Y139.906 I7.597 J2.251 E.04588
G1 X110.219 Y139.906 E.26223
G2 X110.411 Y142.233 I7.914 J.521 E.06373
G1 X120.412 Y142.233 E.272
G1 X120.743 Y142.883 E.01984
G2 X122.21 Y144.304 I4.621 J-3.301 E.05585
G1 E-.64 F2100
;WIPE_START
G1 F9600
G3 X121.601 Y143.834 I3.154 J-4.723 E-.16
;WIPE_END
G1 X127.79 Y144.304 Z.908 F12000
G1 Z.8 F720
G1 E.8 F1500
G1 F3000
G1 X127.883 Y144.257 E.00283
G2 X129.057 Y143.158 I-5.3 J-6.84 E.0438
G2 X129.588 Y142.233 I-3.669 J-2.721 E.02907
G1 X139.589 Y142.233 E.272
G2 X139.781 Y139.906 I-7.722 J-1.806 E.06373
G1 X130.139 Y139.906 E.26223
G1 X129.94 Y138.574 E.03663
G2 X129.492 Y137.579 I-4.497 J1.423 E.02974
G1 X139.636 Y137.579 E.27588
G1 X139.004 Y135.252 E.06558
G1 X126.919 Y135.252 E.32867
G1 X126.75 Y135.166 E.00516
G2 X123.25 Y135.166 I-1.75 J5.092 E.09695
G1 X123.081 Y135.252 E.00516
G1 X110.996 Y135.252 E.32867
G1 X111.153 Y134.674 E.01629
G1 X112.04 Y132.925 E.05333
G1 X137.96 Y132.925 E.70494
G2 X136.379 Y130.598 I-7.962 J3.709 E.07684
G1 X113.621 Y130.598 E.61894
G1 X115.531 Y128.271 E.08188
G1 X134.469 Y128.271 E.51505
G3 X132.793 Y125.944 I8.627 J-7.979 E.07819
G1 X117.207 Y125.944 E.42389
G2 X118.447 Y123.617 I-10.958 J-7.337 E.07183
G1 X131.552 Y123.617 E.35641
G3 X130.685 Y121.29 I25.559 J-10.846 E.06756
G1 X119.314 Y121.29 E.30925
G1 X119.864 Y118.962 E.06506
G1 X130.136 Y118.962 E.27937
G3 X129.885 Y116.635 I20.419 J-3.377 E.06369
M73 P31 R20
G1 X120.115 Y116.635 E.26571
G1 X120.163 Y114.308 E.0633
G1 X129.837 Y114.308 E.2631
G1 X129.837 Y111.981 E.06329
G1 X120.163 Y111.981 E.2631
G1 X120.163 Y109.654 E.06329
G1 X129.837 Y109.654 E.2631
G1 X129.837 Y107.327 E.06329
G1 X120.163 Y107.327 E.2631
G1 X120.163 Y105 E.06329
G1 X129.837 Y105 E.2631
G1 X129.837 Y102.673 E.06329
G1 X120.163 Y102.673 E.2631
G1 X120.163 Y100.346 E.06329
G1 X129.837 Y100.346 E.2631
G1 X129.837 Y98.561 E.04855
G1 X120.163 Y98.561 E.2631
G1 X120.163 Y100.182 E.04409
G1 E-.64 F2100
;WIPE_START
G1 F9600
G1 X120.163 Y99.412 E-.16
;WIPE_END
G1 X120.303 Y95.371 Z.871 F12000
G1 Z.8 F720
G1 E.8 F1500
;TYPE:Support material interface
G1 F2100
G1 X120.163 Y95.371 E.00381
G1 X120.163 Y95.674 E.00824
G1 X120.466 Y95.371 E.01165
G1 X121.212 Y95.371 E.02029
G1 X120.163 Y96.419 E.04033
G1 X120.163 Y97.165 E.02029
G1 X121.957 Y95.371 E.069
G1 X122.703 Y95.371 E.02029
G1 X120.163 Y97.91 E.09767
G1 X120.163 Y98.234 E.00881
G1 X120.585 Y98.234 E.01148
G1 X123.448 Y95.371 E.11012
G1 X124.193 Y95.371 E.02026
G1 X121.33 Y98.234 E.11012
G1 X122.076 Y98.234 E.02029
G1 X124.939 Y95.371 E.11012
G1 X125.684 Y95.371 E.02026
G1 X122.821 Y98.234 E.11012
G1 X123.566 Y98.234 E.02026
G1 X126.43 Y95.371 E.11014
G1 X127.175 Y95.371 E.02026
G1 X124.312 Y98.234 E.11012
G1 X125.057 Y98.234 E.02026
G1 X127.92 Y95.371 E.11012
G1 X128.666 Y95.371 E.02029
G1 X125.803 Y98.234 E.11012
G1 X126.548 Y98.234 E.02026
G1 X129.411 Y95.371 E.11012
G1 X129.837 Y95.371 E.01159
G1 X129.837 Y95.691 E.0087
G1 X127.293 Y98.234 E.09783
G1 X128.039 Y98.234 E.02029
G1 X129.837 Y96.436 E.06915
G1 X129.837 Y97.182 E.02029
G1 X128.784 Y98.234 E.04048
G1 X129.53 Y98.234 E.02029
G1 X129.837 Y97.927 E.01181
G1 X129.837 Y98.234 E.00835
G1 X129.693 Y98.234 E.00392
G1 E-.64
;WIPE_START
G1 F9600
G1 X129.837 Y98.234 E-.02992
G1 X129.837 Y97.927 E-.0638
G1 X129.611 Y98.153 E-.06628
;WIPE_END
G1 X129.387 Y92.933 Z.891 F12000
G1 Z.8 F720
G1 E.8 F1500
;TYPE:Overhang perimeter
;WIDTH:0.588354
G1 F900
G1 X120.626 Y92.934 E.39734
G1 X120.114 Y92.457 F12000
;WIDTH:0.449999
G1 F900
G1 X129.899 Y92.457 E.33121
G1 X129.831 Y93.41 E.03234
G1 X120.173 Y93.41 E.32691
G1 X120.15 Y92.958 E.01532
M73 Q31 S20
G1 X120.118 Y92.517 E.01497
;LAYER_CHANGE
;Z:1
;HEIGHT:0.2
;BEFORE_LAYER_CHANGE
G92 E0.0
;1


G1 E-.64 F2100
;WIPE_START
G1 F9600
G1 X120.114 Y92.457 E-.0125
G1 X120.824 Y92.457 E-.1475
;WIPE_END
G1 X120.824 Y92.457 Z.8 F12000
G1 X120.677 Y123.34 Z1.339
G1 X120.666 Y125.667 Z1.373
G1 X120.644 Y130.322 Z1.4
G1 X120.531 Y154.147 Z1.4
;AFTER_LAYER_CHANGE
;1
M486 S-1
M486 S0
G1 Z1 F720
G1 E.8 F1500
;TYPE:Support material
;WIDTH:0.37
G1 F3000
G1 X123.489 Y154.759 E.08215
G1 X126.511 Y154.759 E.08219
G1 X129.469 Y154.147 E.08215
G1 X129.734 Y154.032 E.00786
G1 X130.112 Y153.869 F12000
G1 F3000
G1 X119.888 Y153.869 E.27806
G1 X117.758 Y152.948 E.06311
G1 X115.754 Y151.542 E.06658
G1 X134.246 Y151.542 E.50292
G1 X134.715 Y151.212 E.0156
G1 X136.594 Y149.215 E.07457
G1 X113.406 Y149.215 E.63064
G1 X113.215 Y149.011 E.0076
G1 X111.91 Y146.887 E.0678
G1 X138.09 Y146.887 E.71201
G1 X138.366 Y146.437 E.01436
G1 X139.045 Y144.56 E.05429
G1 X127.288 Y144.56 E.31975
G3 X126.426 Y144.94 I-1.973 J-3.313 E.02568
M73 P32 R20
G3 X123.25 Y144.834 I-1.415 J-5.259 E.0877
G1 X122.712 Y144.56 E.01642
G1 X110.955 Y144.56 E.31975
G3 X110.434 Y142.395 I6.15 J-2.625 E.06085
G1 X110.953 Y135.41 F12000
G1 F3000
G1 X110.364 Y137.579 E.06113
G1 X120.508 Y137.579 E.27588
G1 X120.166 Y138.25 E.02048
G2 X119.861 Y139.906 I7.597 J2.251 E.04588
G1 X110.219 Y139.906 E.26223
G2 X110.411 Y142.233 I7.914 J.521 E.06373
M73 Q32 S20
G1 X120.412 Y142.233 E.272
G1 X120.743 Y142.883 E.01984
G2 X122.21 Y144.304 I4.621 J-3.301 E.05585
G1 E-.64 F2100
;WIPE_START
G1 F9600
G3 X121.601 Y143.834 I3.154 J-4.723 E-.16
;WIPE_END
G1 X127.79 Y144.304 Z1.108 F12000
G1 Z1 F720
G1 E.8 F1500
G1 F3000
G1 X127.883 Y144.257 E.00283
G2 X129.057 Y143.158 I-5.3 J-6.84 E.0438
G2 X129.588 Y142.233 I-3.669 J-2.721 E.02907
G1 X139.589 Y142.233 E.272
G2 X139.781 Y139.906 I-7.722 J-1.806 E.06373
G1 X130.139 Y139.906 E.26223
G1 X129.94 Y138.574 E.03663
G2 X129.492 Y137.579 I-4.497 J1.423 E.02974
G1 X139.636 Y137.579 E.27588
G1 X139.004 Y135.252 E.06558
G1 X126.919 Y135.252 E.32867
G1 X126.75 Y135.166 E.00516
G2 X123.25 Y135.166 I-1.75 J5.092 E.09695
G1 X123.081 Y135.252 E.00516
G1 X110.996 Y135.252 E.32867
G1 X111.153 Y134.674 E.01629
G1 X112.04 Y132.925 E.05333
G1 X137.96 Y132.925 E.70494
G2 X136.379 Y130.598 I-7.963 J3.709 E.07684
G1 X113.621 Y130.598 E.61894
G1 X115.531 Y128.271 E.08188
G1 X134.469 Y128.271 E.51505
G3 X132.793 Y125.944 I8.627 J-7.979 E.07819
G1 X117.207 Y125.944 E.42389
G2 X118.448 Y123.617 I-10.959 J-7.338 E.07184
G1 X131.552 Y123.617 E.35639
G3 X130.685 Y121.29 I25.567 J-10.849 E.06756
G1 X119.314 Y121.29 E.30925
G1 X119.864 Y118.962 E.06506
G1 X130.136 Y118.962 E.27937
G3 X129.885 Y116.635 I20.418 J-3.377 E.06369
G1 X120.115 Y116.635 E.26571
G1 X120.163 Y114.308 E.0633
G1 X129.837 Y114.308 E.2631
G1 X129.837 Y111.981 E.06329
G1 X120.163 Y111.981 E.2631
G1 X120.163 Y109.654 E.06329
G1 X129.837 Y109.654 E.2631
G1 X129.837 Y107.327 E.06329
G1 X120.163 Y107.327 E.2631
G1 X120.163 Y105 E.06329
G1 X129.837 Y105 E.2631
G1 X129.837 Y102.673 E.06329
G1 X120.163 Y102.673 E.2631
G1 X120.163 Y100.346 E.06329
G1 X129.837 Y100.346 E.2631
G1 X129.837 Y99.569 E.02113
G1 X120.163 Y99.569 E.2631
G1 X120.163 Y100.182 E.01667
G1 X120.163 Y98.836 F12000
;TYPE:Support material interface
G1 F2100
G1 X120.163 Y99.242 E.01104
G1 X120.733 Y99.242 E.0155
G1 X120.163 Y98.673 E.0219
G1 X120.163 Y97.927 E.02029
G1 X121.478 Y99.242 E.05058
G1 X122.224 Y99.242 E.02029
G1 X120.163 Y97.182 E.07925
G1 X120.163 Y96.436 E.02029
G1 X122.969 Y99.242 E.10792
G1 X123.714 Y99.242 E.02026
G1 X120.851 Y96.379 E.11012
G1 X121.596 Y96.379 E.02026
G1 X124.46 Y99.242 E.11014
G1 X125.205 Y99.242 E.02026
G1 X122.342 Y96.379 E.11012
G1 X123.087 Y96.379 E.02026
G1 X125.951 Y99.242 E.11014
G1 X126.696 Y99.242 E.02026
G1 X123.833 Y96.379 E.11012
G1 X124.578 Y96.379 E.02026
G1 X127.441 Y99.242 E.11012
G1 X128.187 Y99.242 E.02029
G1 X125.323 Y96.379 E.11014
G1 X126.069 Y96.379 E.02029
G1 X128.932 Y99.242 E.11012
G1 X129.678 Y99.242 E.02029
G1 X126.814 Y96.379 E.11014
G1 X127.56 Y96.379 E.02029
G1 X129.837 Y98.656 E.08758
G1 X129.837 Y97.91 E.02029
G1 X128.305 Y96.379 E.0589
G1 X129.051 Y96.379 E.02029
G1 X129.837 Y97.165 E.03023
G1 X129.837 Y96.419 E.02029
G1 X129.796 Y96.379 E.00156
G1 E-.64
;WIPE_START
G1 F9600
G1 X129.837 Y96.419 E-.0119
G1 X129.837 Y97.131 E-.1481
;WIPE_END
G1 X120.604 Y94.239 Z1.169 F12000
G1 Z1 F720
G1 E.8 F1500
;TYPE:Overhang perimeter
;WIDTH:0.40284
G1 F900
G1 X129.396 Y94.239 E.26312
G1 E-.64 F2100
;WIPE_START
G1 F9600
G1 X128.626 Y94.239 E-.16
;WIPE_END
G1 X120.201 Y93.855 Z1.147 F12000
G1 Z1 F720
G1 E.8 F1500
;WIDTH:0.449999
G1 F900
G1 X129.799 Y93.855 E.32488
G1 X129.776 Y94.622 E.02597
G1 X120.224 Y94.622 E.32332
G1 X120.203 Y93.915 E.02394
G1 E-.64 F2100
;WIPE_START
G1 F9600
G1 X120.201 Y93.855 E-.01248
G1 X120.911 Y93.855 E-.14752
;WIPE_END
G1 X120.716 Y124.737 Z1.539 F12000
G1 X120.702 Y127.065 Z1.573
G1 X120.672 Y131.719 Z1.6
M486 S-1
M486 S1
G1 X120.531 Y154.147
G1 Z1 F720
G1 E.8 F1500
;TYPE:Support material
;WIDTH:0.37
G1 F3000
G1 X123.489 Y154.759 E.08215
G1 X126.511 Y154.759 E.08219
G1 X129.469 Y154.147 E.08215
G1 X129.734 Y154.032 E.00786
G1 X130.112 Y153.869 F12000
G1 F3000
G1 X119.888 Y153.869 E.27806
G1 X117.758 Y152.948 E.06311
G1 X115.754 Y151.542 E.06658
G1 X134.246 Y151.542 E.50292
G1 X134.715 Y151.212 E.0156
G1 X136.594 Y149.215 E.07457
G1 X113.406 Y149.215 E.63064
G1 X113.215 Y149.011 E.0076
G1 X111.91 Y146.887 E.0678
G1 X138.09 Y146.887 E.71201
G1 X138.366 Y146.437 E.01436
G1 X139.045 Y144.56 E.05429
G1 X127.288 Y144.56 E.31975
G3 X126.426 Y144.94 I-1.973 J-3.313 E.02568
G3 X123.25 Y144.834 I-1.415 J-5.259 E.0877
G1 X122.712 Y144.56 E.01642
G1 X110.955 Y144.56 E.31975
G3 X110.434 Y142.395 I6.15 J-2.625 E.06085
G1 X110.953 Y135.41 F12000
G1 F3000
M73 P33 R20
G1 X110.364 Y137.579 E.06113
G1 X120.508 Y137.579 E.27588
G1 X120.166 Y138.25 E.02048
G2 X119.861 Y139.906 I7.597 J2.251 E.04588
G1 X110.219 Y139.906 E.26223
G2 X110.411 Y142.233 I7.914 J.521 E.06373
G1 X120.412 Y142.233 E.272
G1 X120.743 Y142.883 E.01984
G2 X122.21 Y144.304 I4.621 J-3.301 E.05585
G1 E-.64 F2100
;WIPE_START
G1 F9600
G3 X121.601 Y143.834 I3.154 J-4.723 E-.16
;WIPE_END
G1 X127.79 Y144.304 Z1.108 F12000
G1 Z1 F720
M73 Q33 S20
G1 E.8 F1500
G1 F3000
G1 X127.883 Y144.257 E.00283
G2 X129.057 Y143.158 I-5.3 J-6.84 E.0438
G2 X129.588 Y142.233 I-3.669 J-2.721 E.02907
G1 X139.589 Y142.233 E.272
G2 X139.781 Y139.906 I-7.722 J-1.806 E.06373
G1 X130.139 Y139.906 E.26223
G1 X129.94 Y138.574 E.03663
G2 X129.492 Y137.579 I-4.497 J1.423 E.02974
G1 X139.636 Y137.579 E.27588
G1 X139.004 Y135.252 E.06558
G1 X126.919 Y135.252 E.32867
G1 X126.75 Y135.166 E.00516
G2 X123.25 Y135.166 I-1.75 J5.092 E.09695
G1 X123.081 Y135.252 E.00516
G1 X110.996 Y135.252 E.32867
G1 X111.153 Y134.674 E.01629
G1 X112.04 Y132.925 E.05333
G1 X137.96 Y132.925 E.70494
G2 X136.379 Y130.598 I-7.963 J3.709 E.07684
G1 X113.621 Y130.598 E.61894
G1 X115.531 Y128.271 E.08188
G1 X134.469 Y128.271 E.51505
G3 X132.793 Y125.944 I8.627 J-7.979 E.07819
G1 X117.207 Y125.944 E.42389
G2 X118.448 Y123.617 I-10.959 J-7.338 E.07184
G1 X131.552 Y123.617 E.35639
G3 X130.685 Y121.29 I25.567 J-10.849 E.06756
G1 X119.314 Y121.29 E.30925
G1 X119.864 Y118.962 E.06506
G1 X130.136 Y118.962 E.27937
G3 X129.885 Y116.635 I20.418 J-3.377 E.06369
G1 X120.115 Y116.635 E.26571
G1 X120.163 Y114.308 E.0633
G1 X129.837 Y114.308 E.2631
G1 X129.837 Y111.981 E.06329
G1 X120.163 Y111.981 E.2631
G1 X120.163 Y109.654 E.06329
G1 X129.837 Y109.654 E.2631
G1 X129.837 Y107.327 E.06329
G1 X120.163 Y107.327 E.2631
G1 X120.163 Y105 E.06329
G1 X129.837 Y105 E.2631
G1 X129.837 Y102.673 E.06329
G1 X120.163 Y102.673 E.2631
G1 X120.163 Y100.346 E.06329
G1 X129.837 Y100.346 E.2631
G1 X129.837 Y99.569 E.02113
G1 X120.163 Y99.569 E.2631
G1 X120.163 Y100.182 E.01667
G1 X120.163 Y98.836 F12000
;TYPE:Support material interface
G1 F2100
G1 X120.163 Y99.242 E.01104
G1 X120.733 Y99.242 E.0155
G1 X120.163 Y98.673 E.0219
G1 X120.163 Y97.927 E.02029
G1 X121.478 Y99.242 E.05058
G1 X122.224 Y99.242 E.02029
G1 X120.163 Y97.182 E.07925
G1 X120.163 Y96.436 E.02029
G1 X122.969 Y99.242 E.10792
G1 X123.714 Y99.242 E.02026
G1 X120.851 Y96.379 E.11012
G1 X121.596 Y96.379 E.02026
G1 X124.46 Y99.242 E.11014
G1 X125.205 Y99.242 E.02026
G1 X122.342 Y96.379 E.11012
G1 X123.087 Y96.379 E.02026
G1 X125.951 Y99.242 E.11014
G1 X126.696 Y99.242 E.02026
G1 X123.833 Y96.379 E.11012
G1 X124.578 Y96.379 E.02026
G1 X127.441 Y99.242 E.11012
G1 X128.187 Y99.242 E.02029
G1 X125.323 Y96.379 E.11014
G1 X126.069 Y96.379 E.02029
G1 X128.932 Y99.242 E.11012
G1 X129.678 Y99.242 E.02029
G1 X126.814 Y96.379 E.11014
G1 X127.56 Y96.379 E.02029
G1 X129.837 Y98.656 E.08758
G1 X129.837 Y97.91 E.02029
G1 X128.305 Y96.379 E.0589
G1 X129.051 Y96.379 E.02029
G1 X129.837 Y97.165 E.03023
G1 X129.837 Y96.419 E.02029
G1 X129.796 Y96.379 E.00156
G1 E-.64
;WIPE_START
G1 F9600
G1 X129.837 Y96.419 E-.0119
G1 X129.837 Y97.131 E-.1481
;WIPE_END
G1 X120.604 Y94.239 Z1.169 F12000
G1 Z1 F720
G1 E.8 F1500
;TYPE:Overhang perimeter
;WIDTH:0.40284
G1 F900
G1 X129.396 Y94.239 E.26312
G1 E-.64 F2100
;WIPE_START
G1 F9600
G1 X128.626 Y94.239 E-.16
;WIPE_END
G1 X120.201 Y93.855 Z1.147 F12000
G1 Z1 F720
G1 E.8 F1500
;WIDTH:0.449999
G1 F900
G1 X129.799 Y93.855 E.32488
G1 X129.776 Y94.622 E.02597
G1 X120.224 Y94.622 E.32332
G1 X120.203 Y93.915 E.02394
;LAYER_CHANGE
;Z:1.2
;HEIGHT:0.2
;BEFORE_LAYER_CHANGE
G92 E0.0
;1.2


G1 E-.64 F2100
;WIPE_START
G1 F9600
G1 X120.201 Y93.855 E-.01248
G1 X120.911 Y93.855 E-.14752
;WIPE_END
G1 X120.911 Y93.855 Z1 F12000
G1 X125.391 Y124.411 Z1.539
G1 X125.729 Y126.714 Z1.573
G1 X126.404 Y131.319 Z1.6
G1 X129.734 Y154.032 Z1.6
;AFTER_LAYER_CHANGE
;1.2
M486 S-1
M486 S0
G1 Z1.2 F720
G1 E.8 F1500
;TYPE:Support material
;WIDTH:0.37
G1 F3000
G1 X129.469 Y154.147 E.00786
G1 X126.511 Y154.759 E.08215
G1 X123.489 Y154.759 E.08219
G1 X120.531 Y154.147 E.08215
G1 X119.888 Y153.869 F12000
G1 F3000
G1 X130.112 Y153.869 E.27806
G1 X132.242 Y152.948 E.06311
G1 X134.246 Y151.542 E.06658
G1 X115.754 Y151.542 E.50292
G1 X115.285 Y151.212 E.0156
G1 X113.406 Y149.215 E.07457
G1 X136.594 Y149.215 E.63064
G1 X136.785 Y149.011 E.0076
G1 X138.09 Y146.887 E.0678
G1 X111.91 Y146.887 E.71201
G1 X111.634 Y146.437 E.01436
G1 X110.955 Y144.56 E.05429
G1 X122.712 Y144.56 E.31975
G1 X123.25 Y144.834 E.01642
G2 X126.426 Y144.94 I1.761 J-5.153 E.0877
G2 X127.288 Y144.56 I-1.111 J-3.693 E.02568
G1 X139.045 Y144.56 E.31975
G2 X139.589 Y142.233 I-6.686 J-2.791 E.06529
G1 X129.588 Y142.233 E.272
G1 X129.834 Y141.75 E.01474
G2 X130.139 Y139.906 I-6.569 J-2.031 E.05099
G1 X139.781 Y139.906 E.26223
G1 X139.639 Y137.59 E.06311
G1 X129.492 Y137.579 E.27597
G1 X129.257 Y137.117 E.0141
M73 P34 R20
G2 X128.158 Y135.943 I-6.839 J5.3 E.0438
G2 X127.422 Y135.508 I-2.088 J2.695 E.02331
G1 E-.64 F2100
;WIPE_START
G1 F9600
G3 X128.088 Y135.89 I-1.353 J3.129 E-.16
;WIPE_END
G1 X122.21 Y144.304 Z1.379 F12000
G1 Z1.2 F720
G1 E.8 F1500
G1 F3000
G3 X120.743 Y142.883 I3.154 J-4.722 E.05585
G1 X120.412 Y142.233 E.01984
G1 X110.411 Y142.233 E.272
G3 X110.219 Y139.906 I7.722 J-1.806 E.06373
G1 X119.861 Y139.906 E.26223
G3 X120.166 Y138.25 I7.902 J.595 E.04588
M73 Q34 S20
G1 X120.508 Y137.579 E.02048
G1 X110.364 Y137.579 E.27588
G1 X110.996 Y135.252 E.06558
G1 X123.081 Y135.252 E.32867
G1 X123.25 Y135.166 E.00516
G3 X126.75 Y135.166 I1.75 J5.092 E.09695
G1 X126.919 Y135.252 E.00516
G1 X139.004 Y135.252 E.32867
G1 X138.847 Y134.674 E.01629
G1 X137.96 Y132.925 E.05333
G1 X112.04 Y132.925 E.70494
G3 X113.621 Y130.598 I7.963 J3.709 E.07684
G1 X136.379 Y130.598 E.61894
G1 X134.469 Y128.271 E.08188
G1 X115.531 Y128.271 E.51505
G2 X117.207 Y125.944 I-8.627 J-7.979 E.07819
G1 X132.793 Y125.944 E.42389
G3 X131.552 Y123.617 I10.976 J-7.348 E.07184
G1 X118.448 Y123.617 E.35639
G1 X118.669 Y123.116 E.01489
G1 X119.314 Y121.29 E.05267
G1 X130.685 Y121.29 E.30925
G1 X130.136 Y118.962 E.06505
G1 X119.864 Y118.962 E.27937
G2 X120.115 Y116.635 I-17.395 J-3.051 E.0637
G1 X129.885 Y116.635 E.26571
G1 X129.837 Y114.308 E.0633
G1 X120.163 Y114.308 E.2631
G1 X120.163 Y111.981 E.06329
G1 X129.837 Y111.981 E.2631
G1 X129.837 Y109.654 E.06329
G1 X120.163 Y109.654 E.2631
G1 X120.163 Y107.327 E.06329
G1 X129.837 Y107.327 E.2631
G1 X129.837 Y105.469 E.05053
G1 X129.837 Y105 E.01276
G1 X120.163 Y105 E.2631
G1 X120.163 Y102.673 E.06329
G1 X129.837 Y102.673 E.2631
G1 X129.837 Y100.57 E.05719
G1 X120.163 Y100.57 E.2631
G1 X120.163 Y102.509 E.05273
G1 E-.64 F2100
;WIPE_START
G1 F9600
G1 X120.163 Y101.739 E-.16
;WIPE_END
G1 X120.524 Y97.386 Z1.276 F12000
G1 Z1.2 F720
G1 E.8 F1500
;TYPE:Support material interface
G1 F2100
G1 X120.163 Y97.386 E.00982
G1 X120.163 Y97.91 E.01425
G1 X120.687 Y97.386 E.02015
G1 X121.433 Y97.386 E.02029
G1 X120.163 Y98.656 E.04885
G1 X120.163 Y99.401 E.02026
G1 X122.178 Y97.386 E.0775
G1 X122.923 Y97.386 E.02026
G1 X120.163 Y100.146 E.10616
G1 X120.163 Y100.243 E.00264
G1 X120.813 Y100.243 E.01768
G1 X123.669 Y97.386 E.10987
G1 X124.414 Y97.386 E.02026
G1 X121.558 Y100.243 E.10987
G1 X122.303 Y100.243 E.02026
G1 X125.16 Y97.386 E.10989
G1 X125.905 Y97.386 E.02026
G1 X123.049 Y100.243 E.10987
G1 X123.794 Y100.243 E.02026
G1 X126.65 Y97.386 E.10987
G1 X127.396 Y97.386 E.02029
G1 X124.54 Y100.243 E.10987
G1 X125.285 Y100.243 E.02026
G1 X128.141 Y97.386 E.10987
G1 X128.887 Y97.386 E.02029
G1 X126.03 Y100.243 E.10989
G1 X126.776 Y100.243 E.02029
G1 X129.632 Y97.386 E.10987
G1 X129.837 Y97.386 E.00558
G1 X129.837 Y97.927 E.01471
G1 X127.521 Y100.243 E.08908
G1 X128.267 Y100.243 E.02029
G1 X129.837 Y98.673 E.06039
G1 X129.837 Y99.418 E.02026
G1 X129.012 Y100.243 E.03173
G1 X129.757 Y100.243 E.02026
G1 X129.837 Y100.163 E.00308
G1 E-.64
;WIPE_START
G1 F9600
G1 X129.757 Y100.243 E-.02351
G1 X129.1 Y100.243 E-.13649
;WIPE_END
G1 X120.261 Y95.115 Z1.378 F12000
G1 Z1.2 F720
G1 E.8 F1500
;TYPE:Overhang perimeter
;WIDTH:0.521774
G1 F900
G1 X129.739 Y95.115 E.37738
G1 X129.739 Y95.594 E.01907
G1 X120.261 Y95.594 E.37738
G1 X120.261 Y95.175 E.01668
M73 P34 R19
G1 E-.64 F2100
;WIPE_START
G1 F9600
G1 X120.261 Y95.115 E-.01247
G1 X120.971 Y95.115 E-.14753
;WIPE_END
G1 X125.514 Y125.662 Z1.739 F12000
G1 X125.857 Y127.964 Z1.773
G1 X126.541 Y132.568 Z1.8
M486 S-1
M486 S1
G1 X129.734 Y154.032
G1 Z1.2 F720
G1 E.8 F1500
;TYPE:Support material
;WIDTH:0.37
G1 F3000
G1 X129.469 Y154.147 E.00786
G1 X126.511 Y154.759 E.08215
G1 X123.489 Y154.759 E.08219
G1 X120.531 Y154.147 E.08215
G1 X119.888 Y153.869 F12000
G1 F3000
G1 X130.112 Y153.869 E.27806
G1 X132.242 Y152.948 E.06311
G1 X134.246 Y151.542 E.06658
G1 X115.754 Y151.542 E.50292
G1 X115.285 Y151.212 E.0156
G1 X113.406 Y149.215 E.07457
G1 X136.594 Y149.215 E.63064
G1 X136.785 Y149.011 E.0076
G1 X138.09 Y146.887 E.0678
G1 X111.91 Y146.887 E.71201
G1 X111.634 Y146.437 E.01436
G1 X110.955 Y144.56 E.05429
G1 X122.712 Y144.56 E.31975
G1 X123.25 Y144.834 E.01642
G2 X126.426 Y144.94 I1.761 J-5.153 E.0877
G2 X127.288 Y144.56 I-1.111 J-3.693 E.02568
G1 X139.045 Y144.56 E.31975
G2 X139.589 Y142.233 I-6.686 J-2.791 E.06529
G1 X129.588 Y142.233 E.272
G1 X129.834 Y141.75 E.01474
G2 X130.139 Y139.906 I-6.569 J-2.031 E.05099
G1 X139.781 Y139.906 E.26223
G1 X139.639 Y137.59 E.06311
G1 X129.492 Y137.579 E.27597
G1 X129.257 Y137.117 E.0141
G2 X128.158 Y135.943 I-6.839 J5.3 E.0438
G2 X127.422 Y135.508 I-2.088 J2.695 E.02331
G1 E-.64 F2100
;WIPE_START
G1 F9600
G3 X128.088 Y135.89 I-1.353 J3.129 E-.16
;WIPE_END
G1 X122.21 Y144.304 Z1.379 F12000
G1 Z1.2 F720
G1 E.8 F1500
G1 F3000
G3 X120.743 Y142.883 I3.154 J-4.722 E.05585
G1 X120.412 Y142.233 E.01984
G1 X110.411 Y142.233 E.272
G3 X110.219 Y139.906 I7.722 J-1.806 E.06373
G1 X119.861 Y139.906 E.26223
G3 X120.166 Y138.25 I7.902 J.595 E.04588
G1 X120.508 Y137.579 E.02048
G1 X110.364 Y137.579 E.27588
G1 X110.996 Y135.252 E.06558
G1 X123.081 Y135.252 E.32867
G1 X123.25 Y135.166 E.00516
M73 P35 R19
G3 X126.75 Y135.166 I1.75 J5.092 E.09695
G1 X126.919 Y135.252 E.00516
G1 X139.004 Y135.252 E.32867
G1 X138.847 Y134.674 E.01629
G1 X137.96 Y132.925 E.05333
M73 Q34 S19
G1 X112.04 Y132.925 E.70494
G3 X113.621 Y130.598 I7.963 J3.709 E.07684
M73 Q35 S19
G1 X136.379 Y130.598 E.61894
G1 X134.469 Y128.271 E.08188
G1 X115.531 Y128.271 E.51505
G2 X117.207 Y125.944 I-8.627 J-7.979 E.07819
G1 X132.793 Y125.944 E.42389
G3 X131.552 Y123.617 I10.976 J-7.348 E.07184
G1 X118.448 Y123.617 E.35639
G1 X118.669 Y123.116 E.01489
G1 X119.314 Y121.29 E.05267
G1 X130.685 Y121.29 E.30925
G1 X130.136 Y118.962 E.06505
G1 X119.864 Y118.962 E.27937
G2 X120.115 Y116.635 I-17.395 J-3.051 E.0637
G1 X129.885 Y116.635 E.26571
G1 X129.837 Y114.308 E.0633
G1 X120.163 Y114.308 E.2631
G1 X120.163 Y111.981 E.06329
G1 X129.837 Y111.981 E.2631
G1 X129.837 Y109.654 E.06329
G1 X120.163 Y109.654 E.2631
G1 X120.163 Y107.327 E.06329
G1 X129.837 Y107.327 E.2631
G1 X129.837 Y105.469 E.05053
G1 X129.837 Y105 E.01276
G1 X120.163 Y105 E.2631
G1 X120.163 Y102.673 E.06329
G1 X129.837 Y102.673 E.2631
G1 X129.837 Y100.57 E.05719
G1 X120.163 Y100.57 E.2631
G1 X120.163 Y102.509 E.05273
G1 E-.64 F2100
;WIPE_START
G1 F9600
G1 X120.163 Y101.739 E-.16
;WIPE_END
G1 X120.524 Y97.386 Z1.276 F12000
G1 Z1.2 F720
G1 E.8 F1500
;TYPE:Support material interface
G1 F2100
G1 X120.163 Y97.386 E.00982
G1 X120.163 Y97.91 E.01425
G1 X120.687 Y97.386 E.02015
G1 X121.433 Y97.386 E.02029
G1 X120.163 Y98.656 E.04885
G1 X120.163 Y99.401 E.02026
G1 X122.178 Y97.386 E.0775
G1 X122.923 Y97.386 E.02026
G1 X120.163 Y100.146 E.10616
G1 X120.163 Y100.243 E.00264
G1 X120.813 Y100.243 E.01768
G1 X123.669 Y97.386 E.10987
G1 X124.414 Y97.386 E.02026
G1 X121.558 Y100.243 E.10987
G1 X122.303 Y100.243 E.02026
G1 X125.16 Y97.386 E.10989
G1 X125.905 Y97.386 E.02026
G1 X123.049 Y100.243 E.10987
G1 X123.794 Y100.243 E.02026
G1 X126.65 Y97.386 E.10987
G1 X127.396 Y97.386 E.02029
G1 X124.54 Y100.243 E.10987
G1 X125.285 Y100.243 E.02026
G1 X128.141 Y97.386 E.10987
G1 X128.887 Y97.386 E.02029
G1 X126.03 Y100.243 E.10989
G1 X126.776 Y100.243 E.02029
G1 X129.632 Y97.386 E.10987
G1 X129.837 Y97.386 E.00558
G1 X129.837 Y97.927 E.01471
G1 X127.521 Y100.243 E.08908
G1 X128.267 Y100.243 E.02029
G1 X129.837 Y98.673 E.06039
G1 X129.837 Y99.418 E.02026
G1 X129.012 Y100.243 E.03173
G1 X129.757 Y100.243 E.02026
G1 X129.837 Y100.163 E.00308
G1 E-.64
;WIPE_START
G1 F9600
G1 X129.757 Y100.243 E-.02351
G1 X129.1 Y100.243 E-.13649
;WIPE_END
G1 X120.261 Y95.115 Z1.378 F12000
G1 Z1.2 F720
G1 E.8 F1500
;TYPE:Overhang perimeter
;WIDTH:0.521774
G1 F900
G1 X129.739 Y95.115 E.37738
G1 X129.739 Y95.594 E.01907
G1 X120.261 Y95.594 E.37738
G1 X120.261 Y95.175 E.01668
;LAYER_CHANGE
;Z:1.4
;HEIGHT:0.2
;BEFORE_LAYER_CHANGE
G92 E0.0
;1.4


G1 E-.64 F2100
;WIPE_START
G1 F9600
G1 X120.261 Y95.115 E-.01247
G1 X120.971 Y95.115 E-.14753
;WIPE_END
G1 X120.971 Y95.115 Z1.2 F12000
G1 X129.837 Y98.492 Z1.4
;AFTER_LAYER_CHANGE
;1.4
M486 S-1
M486 S0
G1 Z1.4 F720
G1 E.8 F1500
;TYPE:Support material interface
;WIDTH:0.37
G1 F2100
G1 X129.837 Y98.394 E.00267
G1 X129.575 Y98.394 E.00713
G1 X129.837 Y98.656 E.01008
G1 X129.837 Y99.401 E.02026
G1 X128.83 Y98.394 E.03873
G1 X128.084 Y98.394 E.02029
G1 X129.837 Y100.146 E.0674
G1 X129.837 Y100.892 E.02029
G1 X127.339 Y98.394 E.09608
G1 X126.594 Y98.394 E.02026
G1 X129.236 Y101.036 E.10162
G1 X128.49 Y101.036 E.02029
G1 X125.848 Y98.394 E.10162
G1 X125.103 Y98.394 E.02026
G1 X127.745 Y101.036 E.10162
G1 X126.999 Y101.036 E.02029
G1 X124.357 Y98.394 E.10162
G1 X123.612 Y98.394 E.02026
G1 X126.254 Y101.036 E.10162
G1 X125.509 Y101.036 E.02026
G1 X122.867 Y98.394 E.10162
G1 X122.121 Y98.394 E.02029
G1 X124.763 Y101.036 E.10162
G1 X124.018 Y101.036 E.02026
G1 X121.376 Y98.394 E.10162
G1 X120.63 Y98.394 E.02029
G1 X123.272 Y101.036 E.10162
G1 X122.527 Y101.036 E.02026
G1 X120.163 Y98.673 E.09091
G1 X120.163 Y99.418 E.02026
G1 X121.782 Y101.036 E.06225
G1 X121.036 Y101.036 E.02029
G1 X120.163 Y100.163 E.03358
G1 X120.163 Y100.909 E.02029
G1 X120.291 Y101.036 E.0049
G1 X120.163 Y102.509 F12000
;TYPE:Support material
G1 F3000
G1 X120.163 Y101.363 E.03117
G1 X129.837 Y101.363 E.2631
G1 X129.837 Y102.673 E.03563
G1 X120.163 Y102.673 E.2631
G1 X120.163 Y105 E.06329
G1 X129.837 Y105 E.2631
G1 X129.837 Y105.469 E.01276
G1 X129.837 Y107.327 E.05053
G1 X120.163 Y107.327 E.2631
G1 X120.163 Y109.654 E.06329
G1 X129.837 Y109.654 E.2631
G1 X129.837 Y111.981 E.06329
G1 X120.163 Y111.981 E.2631
G1 X120.163 Y114.308 E.06329
G1 X129.837 Y114.308 E.2631
G1 X129.885 Y116.635 E.0633
G1 X120.115 Y116.635 E.26571
G3 X119.864 Y118.962 I-17.646 J-.724 E.0637
G1 X130.136 Y118.962 E.27937
G1 X130.685 Y121.29 E.06505
G1 X119.314 Y121.29 E.30925
G1 X118.669 Y123.116 E.05267
G1 X118.448 Y123.617 E.01489
G1 X131.552 Y123.617 E.35639
G2 X132.793 Y125.944 I12.219 J-5.021 E.07184
G1 X117.207 Y125.944 E.42389
G3 X115.531 Y128.271 I-10.303 J-5.652 E.07819
G1 X134.469 Y128.271 E.51505
G1 X136.379 Y130.598 E.08188
G1 X113.621 Y130.598 E.61894
G2 X112.04 Y132.925 I6.382 J6.036 E.07684
G1 X137.96 Y132.925 E.70494
G1 X138.847 Y134.674 E.05333
M73 P36 R19
G1 X139.004 Y135.252 E.01629
G1 X126.919 Y135.252 E.32867
G1 X126.75 Y135.166 E.00516
G2 X123.25 Y135.166 I-1.75 J5.092 E.09695
G1 X123.081 Y135.252 E.00516
G1 X110.996 Y135.252 E.32867
G1 X110.364 Y137.579 E.06558
M73 Q36 S19
G1 X120.508 Y137.579 E.27588
G1 X120.166 Y138.25 E.02048
G2 X119.861 Y139.906 I7.597 J2.251 E.04588
G1 X110.219 Y139.906 E.26223
G2 X110.411 Y142.233 I7.914 J.521 E.06373
G1 X120.412 Y142.233 E.272
G1 X120.743 Y142.883 E.01984
G2 X122.21 Y144.304 I4.621 J-3.301 E.05585
G1 E-.64 F2100
;WIPE_START
G1 F9600
G3 X121.601 Y143.834 I3.154 J-4.723 E-.16
;WIPE_END
G1 X127.422 Y135.508 Z1.577 F12000
G1 Z1.4 F720
G1 E.8 F1500
G1 F3000
G3 X128.158 Y135.943 I-1.352 J3.13 E.02331
G3 X129.257 Y137.117 I-5.74 J6.474 E.0438
G1 X129.492 Y137.579 E.0141
G1 X139.639 Y137.59 E.27597
G1 X139.781 Y139.906 E.06311
G1 X130.139 Y139.906 E.26223
G3 X129.834 Y141.75 I-6.874 J-.187 E.05099
G1 X129.588 Y142.233 E.01474
G1 X139.589 Y142.233 E.272
G3 X139.045 Y144.56 I-7.23 J-.464 E.06529
G1 X127.288 Y144.56 E.31975
G3 X126.426 Y144.94 I-1.973 J-3.313 E.02568
G3 X123.25 Y144.834 I-1.415 J-5.259 E.0877
G1 X122.712 Y144.56 E.01642
G1 X110.955 Y144.56 E.31975
G1 X111.634 Y146.437 E.05429
G1 X111.91 Y146.887 E.01436
G1 X138.09 Y146.887 E.71201
G1 X136.785 Y149.011 E.0678
G1 X136.594 Y149.215 E.0076
G1 X113.406 Y149.215 E.63064
G1 X115.285 Y151.212 E.07457
G1 X115.754 Y151.542 E.0156
G1 X134.246 Y151.542 E.50292
G1 X132.242 Y152.948 E.06658
G1 X130.112 Y153.869 E.06311
G1 X119.888 Y153.869 E.27806
G1 X120.531 Y154.147 F12000
G1 F3000
G1 X123.489 Y154.759 E.08215
G1 X126.511 Y154.759 E.08219
G1 X129.469 Y154.147 E.08215
G1 X129.734 Y154.032 E.00786
G1 E-.64 F2100
;WIPE_START
G1 F9600
G1 X129.469 Y154.147 E-.06003
G1 X128.998 Y154.244 E-.09997
;WIPE_END
G1 X124.396 Y123.706 Z1.939 F12000
G1 X124.049 Y121.405 Z1.973
G1 X123.355 Y116.802 Z2
G1 X120.245 Y96.17
G1 Z1.4 F720
G1 E.8 F1500
;TYPE:Overhang perimeter
;WIDTH:0.490855
G1 F900
G1 X129.755 Y96.17 E.35421
G1 X129.755 Y96.617 E.01665
G1 X120.245 Y96.617 E.35421
G1 X120.245 Y96.23 E.01441
G1 E-.64 F2100
;WIPE_START
G1 F9600
G1 X120.245 Y96.17 E-.01247
G1 X120.955 Y96.17 E-.14753
;WIPE_END
M486 S-1
M486 S1
G1 X129.837 Y98.492 Z1.56 F12000
G1 Z1.4 F720
G1 E.8 F1500
;TYPE:Support material interface
;WIDTH:0.37
G1 F2100
G1 X129.837 Y98.394 E.00267
G1 X129.575 Y98.394 E.00713
G1 X129.837 Y98.656 E.01008
G1 X129.837 Y99.401 E.02026
G1 X128.83 Y98.394 E.03873
G1 X128.084 Y98.394 E.02029
G1 X129.837 Y100.146 E.0674
G1 X129.837 Y100.892 E.02029
G1 X127.339 Y98.394 E.09608
G1 X126.594 Y98.394 E.02026
G1 X129.236 Y101.036 E.10162
G1 X128.49 Y101.036 E.02029
G1 X125.848 Y98.394 E.10162
G1 X125.103 Y98.394 E.02026
G1 X127.745 Y101.036 E.10162
G1 X126.999 Y101.036 E.02029
G1 X124.357 Y98.394 E.10162
G1 X123.612 Y98.394 E.02026
G1 X126.254 Y101.036 E.10162
G1 X125.509 Y101.036 E.02026
G1 X122.867 Y98.394 E.10162
G1 X122.121 Y98.394 E.02029
G1 X124.763 Y101.036 E.10162
G1 X124.018 Y101.036 E.02026
G1 X121.376 Y98.394 E.10162
G1 X120.63 Y98.394 E.02029
G1 X123.272 Y101.036 E.10162
G1 X122.527 Y101.036 E.02026
G1 X120.163 Y98.673 E.09091
G1 X120.163 Y99.418 E.02026
G1 X121.782 Y101.036 E.06225
G1 X121.036 Y101.036 E.02029
G1 X120.163 Y100.163 E.03358
G1 X120.163 Y100.909 E.02029
G1 X120.291 Y101.036 E.0049
G1 X120.163 Y102.509 F12000
;TYPE:Support material
G1 F3000
G1 X120.163 Y101.363 E.03117
G1 X129.837 Y101.363 E.2631
G1 X129.837 Y102.673 E.03563
G1 X120.163 Y102.673 E.2631
G1 X120.163 Y105 E.06329
G1 X129.837 Y105 E.2631
G1 X129.837 Y105.469 E.01276
G1 X129.837 Y107.327 E.05053
G1 X120.163 Y107.327 E.2631
G1 X120.163 Y109.654 E.06329
G1 X129.837 Y109.654 E.2631
G1 X129.837 Y111.981 E.06329
G1 X120.163 Y111.981 E.2631
G1 X120.163 Y114.308 E.06329
G1 X129.837 Y114.308 E.2631
G1 X129.885 Y116.635 E.0633
G1 X120.115 Y116.635 E.26571
G3 X119.864 Y118.962 I-17.646 J-.724 E.0637
G1 X130.136 Y118.962 E.27937
G1 X130.685 Y121.29 E.06505
G1 X119.314 Y121.29 E.30925
G1 X118.669 Y123.116 E.05267
G1 X118.448 Y123.617 E.01489
G1 X131.552 Y123.617 E.35639
G2 X132.793 Y125.944 I12.219 J-5.021 E.07184
G1 X117.207 Y125.944 E.42389
G3 X115.531 Y128.271 I-10.303 J-5.652 E.07819
G1 X134.469 Y128.271 E.51505
G1 X136.379 Y130.598 E.08188
G1 X113.621 Y130.598 E.61894
G2 X112.04 Y132.925 I6.382 J6.036 E.07684
G1 X137.96 Y132.925 E.70494
G1 X138.847 Y134.674 E.05333
G1 X139.004 Y135.252 E.01629
G1 X126.919 Y135.252 E.32867
G1 X126.75 Y135.166 E.00516
G2 X123.25 Y135.166 I-1.75 J5.092 E.09695
G1 X123.081 Y135.252 E.00516
G1 X110.996 Y135.252 E.32867
G1 X110.364 Y137.579 E.06558
G1 X120.508 Y137.579 E.27588
G1 X120.166 Y138.25 E.02048
G2 X119.861 Y139.906 I7.597 J2.251 E.04588
G1 X110.219 Y139.906 E.26223
G2 X110.411 Y142.233 I7.914 J.521 E.06373
G1 X120.412 Y142.233 E.272
G1 X120.743 Y142.883 E.01984
M73 P37 R19
G2 X122.21 Y144.304 I4.621 J-3.301 E.05585
G1 E-.64 F2100
;WIPE_START
G1 F9600
G3 X121.601 Y143.834 I3.154 J-4.723 E-.16
;WIPE_END
G1 X127.422 Y135.508 Z1.577 F12000
G1 Z1.4 F720
G1 E.8 F1500
G1 F3000
G3 X128.158 Y135.943 I-1.352 J3.13 E.02331
G3 X129.257 Y137.117 I-5.74 J6.474 E.0438
G1 X129.492 Y137.579 E.0141
G1 X139.639 Y137.59 E.27597
G1 X139.781 Y139.906 E.06311
G1 X130.139 Y139.906 E.26223
G3 X129.834 Y141.75 I-6.874 J-.187 E.05099
M73 Q37 S19
G1 X129.588 Y142.233 E.01474
G1 X139.589 Y142.233 E.272
G3 X139.045 Y144.56 I-7.23 J-.464 E.06529
G1 X127.288 Y144.56 E.31975
G3 X126.426 Y144.94 I-1.973 J-3.313 E.02568
G3 X123.25 Y144.834 I-1.415 J-5.259 E.0877
G1 X122.712 Y144.56 E.01642
G1 X110.955 Y144.56 E.31975
G1 X111.634 Y146.437 E.05429
G1 X111.91 Y146.887 E.01436
G1 X138.09 Y146.887 E.71201
G1 X136.785 Y149.011 E.0678
G1 X136.594 Y149.215 E.0076
G1 X113.406 Y149.215 E.63064
G1 X115.285 Y151.212 E.07457
G1 X115.754 Y151.542 E.0156
G1 X134.246 Y151.542 E.50292
G1 X132.242 Y152.948 E.06658
G1 X130.112 Y153.869 E.06311
G1 X119.888 Y153.869 E.27806
G1 X120.531 Y154.147 F12000
G1 F3000
G1 X123.489 Y154.759 E.08215
G1 X126.511 Y154.759 E.08219
G1 X129.469 Y154.147 E.08215
G1 X129.734 Y154.032 E.00786
G1 E-.64 F2100
;WIPE_START
G1 F9600
G1 X129.469 Y154.147 E-.06003
G1 X128.998 Y154.244 E-.09997
;WIPE_END
G1 X124.396 Y123.706 Z1.939 F12000
G1 X124.049 Y121.405 Z1.973
G1 X123.355 Y116.802 Z2
G1 X120.245 Y96.17
G1 Z1.4 F720
G1 E.8 F1500
;TYPE:Overhang perimeter
;WIDTH:0.490855
G1 F900
G1 X129.755 Y96.17 E.35421
G1 X129.755 Y96.617 E.01665
G1 X120.245 Y96.617 E.35421
G1 X120.245 Y96.23 E.01441
;LAYER_CHANGE
;Z:1.6
;HEIGHT:0.2
;BEFORE_LAYER_CHANGE
G92 E0.0
;1.6


G1 E-.64 F2100
;WIPE_START
G1 F9600
G1 X120.245 Y96.17 E-.01247
G1 X120.955 Y96.17 E-.14753
;WIPE_END
G1 X120.955 Y96.17 Z1.4 F12000
G1 X120.729 Y127.052 Z1.939
G1 X120.712 Y129.379 Z1.973
G1 X120.678 Y134.034 Z2
G1 X120.531 Y154.147 Z2
;AFTER_LAYER_CHANGE
;1.6
M486 S-1
M486 S0
G1 Z1.6 F720
G1 E.8 F1500
;TYPE:Support material
;WIDTH:0.37
G1 F3000
G1 X123.489 Y154.759 E.08215
G1 X126.511 Y154.759 E.08219
G1 X129.469 Y154.147 E.08215
G1 X129.734 Y154.032 E.00786
G1 X130.112 Y153.869 F12000
G1 F3000
G1 X119.888 Y153.869 E.27806
G1 X117.758 Y152.948 E.06311
G1 X115.754 Y151.542 E.06658
G1 X134.246 Y151.542 E.50292
G1 X134.715 Y151.212 E.0156
G1 X136.594 Y149.215 E.07457
G1 X113.406 Y149.215 E.63064
G1 X113.215 Y149.011 E.0076
G1 X111.91 Y146.887 E.0678
G1 X138.09 Y146.887 E.71201
G1 X138.366 Y146.437 E.01436
G1 X139.045 Y144.56 E.05429
G1 X127.288 Y144.56 E.31975
G3 X126.426 Y144.94 I-1.973 J-3.313 E.02568
G3 X123.25 Y144.834 I-1.415 J-5.259 E.0877
G1 X122.712 Y144.56 E.01642
G1 X110.955 Y144.56 E.31975
G3 X110.434 Y142.395 I6.15 J-2.625 E.06085
G1 X110.953 Y135.41 F12000
G1 F3000
G1 X110.364 Y137.579 E.06113
G1 X120.508 Y137.579 E.27588
G1 X120.166 Y138.25 E.02048
G2 X119.861 Y139.906 I7.597 J2.251 E.04588
G1 X110.219 Y139.906 E.26223
G2 X110.411 Y142.233 I7.914 J.521 E.06373
G1 X120.412 Y142.233 E.272
G1 X120.743 Y142.883 E.01984
G2 X122.21 Y144.304 I4.621 J-3.301 E.05585
G1 E-.64 F2100
;WIPE_START
G1 F9600
G3 X121.601 Y143.834 I3.154 J-4.723 E-.16
;WIPE_END
G1 X127.791 Y144.304 Z1.708 F12000
G1 Z1.6 F720
G1 E.8 F1500
G1 F3000
G1 X127.883 Y144.257 E.00281
G2 X129.057 Y143.158 I-5.3 J-6.84 E.0438
G2 X129.588 Y142.233 I-3.669 J-2.721 E.02907
G1 X139.589 Y142.233 E.272
G2 X139.781 Y139.906 I-7.722 J-1.806 E.06373
G1 X130.139 Y139.906 E.26223
G1 X129.94 Y138.574 E.03663
G2 X129.492 Y137.579 I-4.497 J1.423 E.02974
G1 X139.636 Y137.579 E.27588
G1 X139.004 Y135.252 E.06558
G1 X126.919 Y135.252 E.32867
G1 X126.75 Y135.166 E.00516
G2 X123.25 Y135.166 I-1.75 J5.092 E.09695
G1 X123.081 Y135.252 E.00516
G1 X110.996 Y135.252 E.32867
G1 X111.153 Y134.674 E.01629
G1 X112.04 Y132.925 E.05333
G1 X137.96 Y132.925 E.70494
G2 X136.379 Y130.598 I-7.963 J3.709 E.07684
G1 X113.621 Y130.598 E.61894
G1 X115.531 Y128.271 E.08188
G1 X134.469 Y128.271 E.51505
G3 X132.793 Y125.944 I8.627 J-7.979 E.07819
G1 X117.207 Y125.944 E.42389
G2 X118.448 Y123.617 I-10.962 J-7.339 E.07184
G1 X131.552 Y123.617 E.35639
G3 X130.685 Y121.29 I25.593 J-10.858 E.06756
G1 X119.314 Y121.29 E.30925
G1 X119.864 Y118.962 E.06506
G1 X130.136 Y118.962 E.27937
G3 X129.885 Y116.635 I20.416 J-3.376 E.06369
G1 X120.115 Y116.635 E.26571
G1 X120.163 Y114.308 E.0633
G1 X129.837 Y114.308 E.2631
G1 X129.837 Y111.981 E.06329
G1 X120.163 Y111.981 E.2631
G1 X120.163 Y109.654 E.06329
M73 P37 R18
G1 X129.837 Y109.654 E.2631
G1 X129.837 Y107.327 E.06329
G1 X120.163 Y107.327 E.2631
G1 X120.163 Y105 E.06329
G1 X129.837 Y105 E.2631
G1 X129.837 Y102.673 E.06329
G1 X120.163 Y102.673 E.2631
G1 X120.163 Y102.157 E.01403
M73 P38 R18
G1 X129.837 Y102.157 E.2631
G1 X129.837 Y102.509 E.00957
G1 X129.661 Y101.83 F12000
;TYPE:Support material interface
G1 F2100
G1 X129.837 Y101.654 E.00677
G1 X129.837 Y100.909 E.02026
G1 X128.916 Y101.83 E.03542
G1 X128.17 Y101.83 E.02029
G1 X129.837 Y100.163 E.06412
G1 X129.837 Y99.418 E.02026
G1 X127.425 Y101.83 E.09277
G1 X126.679 Y101.83 E.02029
G1 X129.107 Y99.402 E.09339
G1 X128.362 Y99.402 E.02026
M73 Q38 S19
G1 X125.934 Y101.83 E.09339
G1 X125.189 Y101.83 E.02026
G1 X127.616 Y99.402 E.09337
G1 X126.871 Y99.402 E.02026
G1 X124.443 Y101.83 E.09339
G1 X123.698 Y101.83 E.02026
G1 X126.126 Y99.402 E.09339
G1 X125.38 Y99.402 E.02029
G1 X122.952 Y101.83 E.09339
G1 X122.207 Y101.83 E.02026
G1 X124.635 Y99.402 E.09339
G1 X123.889 Y99.402 E.02029
G1 X121.462 Y101.83 E.09337
G1 X120.716 Y101.83 E.02029
G1 X123.144 Y99.402 E.09339
G1 X122.399 Y99.402 E.02026
G1 X120.163 Y101.637 E.08598
G1 X120.163 Y100.892 E.02026
G1 X121.653 Y99.402 E.05731
G1 X120.908 Y99.402 E.02026
G1 X120.163 Y100.146 E.02864
G1 X120.163 Y99.402 E.02023
G1 X120.744 Y99.402 E.0158
G1 E-.64
;WIPE_START
G1 F9600
G1 X120.163 Y99.402 E-.12074
G1 X120.163 Y99.591 E-.03926
;WIPE_END
G1 X120.23 Y97.224 Z1.641 F12000
G1 Z1.6 F720
G1 E.8 F1500
;TYPE:Overhang perimeter
;WIDTH:0.459937
G1 F900
G1 X129.77 Y97.224 E.3308
G1 X129.77 Y97.641 E.01446
G1 X120.23 Y97.641 E.3308
G1 X120.23 Y97.284 E.01238
G1 E-.64 F2100
;WIPE_START
G1 F9600
G1 X120.23 Y97.224 E-.01247
G1 X120.94 Y97.224 E-.14753
;WIPE_END
G1 X120.718 Y128.106 Z2.139 F12000
G1 X120.701 Y130.433 Z2.173
G1 X120.668 Y135.088 Z2.2
M486 S-1
M486 S1
G1 X120.531 Y154.147
G1 Z1.6 F720
G1 E.8 F1500
;TYPE:Support material
;WIDTH:0.37
G1 F3000
G1 X123.489 Y154.759 E.08215
G1 X126.511 Y154.759 E.08219
G1 X129.469 Y154.147 E.08215
M73 Q38 S18
G1 X129.734 Y154.032 E.00786
G1 X130.112 Y153.869 F12000
G1 F3000
G1 X119.888 Y153.869 E.27806
G1 X117.758 Y152.948 E.06311
G1 X115.754 Y151.542 E.06658
G1 X134.246 Y151.542 E.50292
G1 X134.715 Y151.212 E.0156
G1 X136.594 Y149.215 E.07457
G1 X113.406 Y149.215 E.63064
G1 X113.215 Y149.011 E.0076
G1 X111.91 Y146.887 E.0678
G1 X138.09 Y146.887 E.71201
G1 X138.366 Y146.437 E.01436
G1 X139.045 Y144.56 E.05429
G1 X127.288 Y144.56 E.31975
G3 X126.426 Y144.94 I-1.973 J-3.313 E.02568
G3 X123.25 Y144.834 I-1.415 J-5.259 E.0877
G1 X122.712 Y144.56 E.01642
G1 X110.955 Y144.56 E.31975
G3 X110.434 Y142.395 I6.15 J-2.625 E.06085
G1 X110.953 Y135.41 F12000
G1 F3000
G1 X110.364 Y137.579 E.06113
G1 X120.508 Y137.579 E.27588
G1 X120.166 Y138.25 E.02048
G2 X119.861 Y139.906 I7.597 J2.251 E.04588
G1 X110.219 Y139.906 E.26223
G2 X110.411 Y142.233 I7.914 J.521 E.06373
G1 X120.412 Y142.233 E.272
G1 X120.743 Y142.883 E.01984
G2 X122.21 Y144.304 I4.621 J-3.301 E.05585
G1 E-.64 F2100
;WIPE_START
G1 F9600
G3 X121.601 Y143.834 I3.154 J-4.723 E-.16
;WIPE_END
G1 X127.791 Y144.304 Z1.708 F12000
G1 Z1.6 F720
G1 E.8 F1500
G1 F3000
G1 X127.883 Y144.257 E.00281
G2 X129.057 Y143.158 I-5.3 J-6.84 E.0438
G2 X129.588 Y142.233 I-3.669 J-2.721 E.02907
G1 X139.589 Y142.233 E.272
G2 X139.781 Y139.906 I-7.722 J-1.806 E.06373
G1 X130.139 Y139.906 E.26223
G1 X129.94 Y138.574 E.03663
G2 X129.492 Y137.579 I-4.497 J1.423 E.02974
G1 X139.636 Y137.579 E.27588
G1 X139.004 Y135.252 E.06558
G1 X126.919 Y135.252 E.32867
G1 X126.75 Y135.166 E.00516
G2 X123.25 Y135.166 I-1.75 J5.092 E.09695
G1 X123.081 Y135.252 E.00516
G1 X110.996 Y135.252 E.32867
G1 X111.153 Y134.674 E.01629
G1 X112.04 Y132.925 E.05333
G1 X137.96 Y132.925 E.70494
G2 X136.379 Y130.598 I-7.963 J3.709 E.07684
G1 X113.621 Y130.598 E.61894
G1 X115.531 Y128.271 E.08188
G1 X134.469 Y128.271 E.51505
G3 X132.793 Y125.944 I8.627 J-7.979 E.07819
G1 X117.207 Y125.944 E.42389
G2 X118.448 Y123.617 I-10.962 J-7.339 E.07184
G1 X131.552 Y123.617 E.35639
G3 X130.685 Y121.29 I25.593 J-10.858 E.06756
G1 X119.314 Y121.29 E.30925
G1 X119.864 Y118.962 E.06506
G1 X130.136 Y118.962 E.27937
G3 X129.885 Y116.635 I20.416 J-3.376 E.06369
G1 X120.115 Y116.635 E.26571
G1 X120.163 Y114.308 E.0633
G1 X129.837 Y114.308 E.2631
G1 X129.837 Y111.981 E.06329
G1 X120.163 Y111.981 E.2631
G1 X120.163 Y109.654 E.06329
G1 X129.837 Y109.654 E.2631
G1 X129.837 Y107.327 E.06329
G1 X120.163 Y107.327 E.2631
G1 X120.163 Y105 E.06329
G1 X129.837 Y105 E.2631
G1 X129.837 Y102.673 E.06329
G1 X120.163 Y102.673 E.2631
G1 X120.163 Y102.157 E.01403
G1 X129.837 Y102.157 E.2631
G1 X129.837 Y102.509 E.00957
G1 X129.661 Y101.83 F12000
;TYPE:Support material interface
G1 F2100
G1 X129.837 Y101.654 E.00677
G1 X129.837 Y100.909 E.02026
G1 X128.916 Y101.83 E.03542
G1 X128.17 Y101.83 E.02029
G1 X129.837 Y100.163 E.06412
G1 X129.837 Y99.418 E.02026
G1 X127.425 Y101.83 E.09277
G1 X126.679 Y101.83 E.02029
G1 X129.107 Y99.402 E.09339
G1 X128.362 Y99.402 E.02026
G1 X125.934 Y101.83 E.09339
G1 X125.189 Y101.83 E.02026
G1 X127.616 Y99.402 E.09337
G1 X126.871 Y99.402 E.02026
G1 X124.443 Y101.83 E.09339
G1 X123.698 Y101.83 E.02026
G1 X126.126 Y99.402 E.09339
G1 X125.38 Y99.402 E.02029
G1 X122.952 Y101.83 E.09339
G1 X122.207 Y101.83 E.02026
G1 X124.635 Y99.402 E.09339
G1 X123.889 Y99.402 E.02029
G1 X121.462 Y101.83 E.09337
G1 X120.716 Y101.83 E.02029
G1 X123.144 Y99.402 E.09339
G1 X122.399 Y99.402 E.02026
M73 P39 R18
G1 X120.163 Y101.637 E.08598
G1 X120.163 Y100.892 E.02026
G1 X121.653 Y99.402 E.05731
G1 X120.908 Y99.402 E.02026
G1 X120.163 Y100.146 E.02864
G1 X120.163 Y99.402 E.02023
G1 X120.744 Y99.402 E.0158
G1 E-.64
;WIPE_START
G1 F9600
G1 X120.163 Y99.402 E-.12074
G1 X120.163 Y99.591 E-.03926
;WIPE_END
G1 X120.23 Y97.224 Z1.641 F12000
G1 Z1.6 F720
G1 E.8 F1500
;TYPE:Overhang perimeter
;WIDTH:0.459937
G1 F900
G1 X129.77 Y97.224 E.3308
G1 X129.77 Y97.641 E.01446
M73 Q39 S18
G1 X120.23 Y97.641 E.3308
G1 X120.23 Y97.284 E.01238
;LAYER_CHANGE
;Z:1.8
;HEIGHT:0.2
;BEFORE_LAYER_CHANGE
G92 E0.0
;1.8


G1 E-.64 F2100
;WIPE_START
G1 F9600
G1 X120.23 Y97.224 E-.01247
G1 X120.94 Y97.224 E-.14753
;WIPE_END
G1 X120.94 Y97.224 Z1.6 F12000
G1 X120.718 Y128.106 Z2.139
G1 X120.701 Y130.433 Z2.173
G1 X120.668 Y135.088 Z2.2
G1 X120.531 Y154.147 Z2.2
;AFTER_LAYER_CHANGE
;1.8
M486 S-1
M486 S0
G1 Z1.8 F720
G1 E.8 F1500
;TYPE:Support material
;WIDTH:0.37
G1 F3000
G1 X123.489 Y154.759 E.08215
G1 X126.511 Y154.759 E.08219
G1 X129.469 Y154.147 E.08215
G1 X129.734 Y154.032 E.00786
G1 X130.112 Y153.869 F12000
G1 F3000
G1 X119.888 Y153.869 E.27806
G1 X117.758 Y152.948 E.06311
G1 X115.754 Y151.542 E.06658
G1 X134.246 Y151.542 E.50292
G1 X134.715 Y151.212 E.0156
G1 X136.594 Y149.215 E.07457
G1 X113.406 Y149.215 E.63064
G1 X113.215 Y149.011 E.0076
G1 X111.91 Y146.887 E.0678
G1 X138.09 Y146.887 E.71201
G1 X138.366 Y146.437 E.01436
G1 X139.045 Y144.56 E.05429
G1 X127.288 Y144.56 E.31975
G3 X126.426 Y144.94 I-1.973 J-3.313 E.02568
G3 X123.25 Y144.834 I-1.415 J-5.259 E.0877
G1 X122.712 Y144.56 E.01642
G1 X110.955 Y144.56 E.31975
G3 X110.434 Y142.395 I6.15 J-2.625 E.06085
G1 X110.953 Y135.41 F12000
G1 F3000
G1 X110.364 Y137.579 E.06113
G1 X120.508 Y137.579 E.27588
G1 X120.166 Y138.25 E.02048
G2 X119.861 Y139.906 I7.597 J2.251 E.04588
G1 X110.219 Y139.906 E.26223
G2 X110.411 Y142.233 I7.914 J.521 E.06373
G1 X120.412 Y142.233 E.272
G1 X120.743 Y142.883 E.01984
G2 X122.21 Y144.304 I4.621 J-3.301 E.05585
G1 E-.64 F2100
;WIPE_START
G1 F9600
G3 X121.601 Y143.834 I3.154 J-4.723 E-.16
;WIPE_END
G1 X127.791 Y144.304 Z1.908 F12000
G1 Z1.8 F720
G1 E.8 F1500
G1 F3000
G1 X127.883 Y144.257 E.00281
G2 X129.057 Y143.158 I-5.3 J-6.84 E.0438
G2 X129.588 Y142.233 I-3.669 J-2.721 E.02907
G1 X139.589 Y142.233 E.272
G2 X139.781 Y139.906 I-7.722 J-1.806 E.06373
G1 X130.139 Y139.906 E.26223
G1 X129.94 Y138.574 E.03663
G2 X129.492 Y137.579 I-4.497 J1.423 E.02974
G1 X139.636 Y137.579 E.27588
G1 X139.004 Y135.252 E.06558
G1 X126.919 Y135.252 E.32867
G1 X126.75 Y135.166 E.00516
G2 X123.25 Y135.166 I-1.75 J5.092 E.09695
G1 X123.081 Y135.252 E.00516
G1 X110.996 Y135.252 E.32867
G1 X111.153 Y134.674 E.01629
G1 X112.04 Y132.925 E.05333
G1 X137.96 Y132.925 E.70494
G2 X136.379 Y130.598 I-7.963 J3.709 E.07684
G1 X113.621 Y130.598 E.61894
G1 X115.531 Y128.271 E.08188
G1 X134.469 Y128.271 E.51505
G3 X132.793 Y125.944 I8.627 J-7.979 E.07819
G1 X117.207 Y125.944 E.42389
G2 X118.448 Y123.617 I-10.963 J-7.34 E.07184
G1 X131.552 Y123.617 E.35639
G3 X130.685 Y121.29 I25.603 J-10.862 E.06756
G1 X119.314 Y121.29 E.30925
G1 X119.864 Y118.962 E.06506
G1 X130.136 Y118.962 E.27937
G3 X129.885 Y116.635 I20.416 J-3.376 E.06369
G1 X120.115 Y116.635 E.26571
G1 X120.163 Y114.308 E.0633
G1 X129.837 Y114.308 E.2631
G1 X129.837 Y111.981 E.06329
G1 X120.163 Y111.981 E.2631
G1 X120.163 Y109.654 E.06329
G1 X129.837 Y109.654 E.2631
G1 X129.837 Y107.327 E.06329
G1 X120.163 Y107.327 E.2631
G1 X120.163 Y105 E.06329
G1 X129.837 Y105 E.2631
G1 X129.837 Y102.95 E.05575
G1 X120.163 Y102.95 E.2631
G1 X120.163 Y104.836 E.05129
G1 E-.64 F2100
;WIPE_START
G1 F9600
G1 X120.163 Y104.066 E-.16
;WIPE_END
G1 X120.163 Y102.4 Z1.829 F12000
G1 Z1.8 F720
G1 E.8 F1500
;TYPE:Support material interface
G1 F2100
G1 X120.387 Y102.623 E.0086
G1 X121.133 Y102.623 E.02029
G1 X120.163 Y101.654 E.03729
G1 X120.163 Y100.909 E.02026
G1 X121.878 Y102.623 E.06594
G1 X122.623 Y102.623 E.02026
G1 X120.402 Y100.402 E.08542
G1 X121.148 Y100.402 E.02029
G1 X123.369 Y102.623 E.08542
G1 X124.114 Y102.623 E.02026
G1 X121.893 Y100.402 E.08542
G1 X122.639 Y100.402 E.02029
G1 X124.86 Y102.623 E.08542
G1 X125.605 Y102.623 E.02026
G1 X123.384 Y100.402 E.08542
G1 X124.13 Y100.402 E.02029
G1 X126.35 Y102.623 E.08541
G1 X127.096 Y102.623 E.02029
G1 X124.875 Y100.402 E.08542
G1 X125.62 Y100.402 E.02026
G1 X127.841 Y102.623 E.08542
G1 X128.587 Y102.623 E.02029
G1 X126.366 Y100.402 E.08542
G1 X127.111 Y100.402 E.02026
G1 X129.332 Y102.623 E.08542
G1 X129.837 Y102.623 E.01373
G1 X129.837 Y102.383 E.00653
G1 X127.857 Y100.402 E.07617
G1 X128.602 Y100.402 E.02026
G1 X129.837 Y101.637 E.0475
G1 X129.837 Y100.892 E.02026
G1 X129.347 Y100.402 E.01885
G1 X129.837 Y100.402 E.01333
G1 X129.837 Y100.728 E.00887
G1 E-.64
;WIPE_START
G1 F9600
G1 X129.837 Y100.402 E-.06775
G1 X129.393 Y100.402 E-.09225
;WIPE_END
G1 X129.772 Y98.236 Z1.838 F12000
G1 Z1.8 F720
G1 E.8 F1500
;TYPE:Overhang perimeter
;WIDTH:0.456772
G1 F900
G1 X129.772 Y98.65 E.01425
G1 X120.228 Y98.65 E.32843
G1 X120.228 Y98.236 E.01425
G1 X129.712 Y98.236 E.32636
G1 E-.64 F2100
;WIPE_START
G1 F9600
G1 X129.772 Y98.236 E-.01247
G1 X129.772 Y98.65 E-.08603
;WIPE_END
G1 E-.0615 F2100
G1 X124.699 Y129.113 Z2.339 F12000
G1 X124.317 Y131.409 Z2.373
G1 X123.552 Y136.001 Z2.4
M486 S-1
M486 S1
G1 X120.531 Y154.147
G1 Z1.8 F720
M73 P40 R18
G1 E.8 F1500
;TYPE:Support material
;WIDTH:0.37
G1 F3000
G1 X123.489 Y154.759 E.08215
G1 X126.511 Y154.759 E.08219
G1 X129.469 Y154.147 E.08215
G1 X129.734 Y154.032 E.00786
G1 X130.112 Y153.869 F12000
G1 F3000
G1 X119.888 Y153.869 E.27806
G1 X117.758 Y152.948 E.06311
M73 Q40 S18
G1 X115.754 Y151.542 E.06658
G1 X134.246 Y151.542 E.50292
G1 X134.715 Y151.212 E.0156
G1 X136.594 Y149.215 E.07457
G1 X113.406 Y149.215 E.63064
G1 X113.215 Y149.011 E.0076
G1 X111.91 Y146.887 E.0678
G1 X138.09 Y146.887 E.71201
G1 X138.366 Y146.437 E.01436
G1 X139.045 Y144.56 E.05429
G1 X127.288 Y144.56 E.31975
G3 X126.426 Y144.94 I-1.973 J-3.313 E.02568
G3 X123.25 Y144.834 I-1.415 J-5.259 E.0877
G1 X122.712 Y144.56 E.01642
G1 X110.955 Y144.56 E.31975
G3 X110.434 Y142.395 I6.15 J-2.625 E.06085
G1 X110.953 Y135.41 F12000
G1 F3000
G1 X110.364 Y137.579 E.06113
G1 X120.508 Y137.579 E.27588
G1 X120.166 Y138.25 E.02048
G2 X119.861 Y139.906 I7.597 J2.251 E.04588
G1 X110.219 Y139.906 E.26223
G2 X110.411 Y142.233 I7.914 J.521 E.06373
G1 X120.412 Y142.233 E.272
G1 X120.743 Y142.883 E.01984
G2 X122.21 Y144.304 I4.621 J-3.301 E.05585
G1 E-.64 F2100
;WIPE_START
G1 F9600
G3 X121.601 Y143.834 I3.154 J-4.723 E-.16
;WIPE_END
G1 X127.791 Y144.304 Z1.908 F12000
G1 Z1.8 F720
G1 E.8 F1500
G1 F3000
G1 X127.883 Y144.257 E.00281
G2 X129.057 Y143.158 I-5.3 J-6.84 E.0438
G2 X129.588 Y142.233 I-3.669 J-2.721 E.02907
G1 X139.589 Y142.233 E.272
G2 X139.781 Y139.906 I-7.722 J-1.806 E.06373
G1 X130.139 Y139.906 E.26223
G1 X129.94 Y138.574 E.03663
G2 X129.492 Y137.579 I-4.497 J1.423 E.02974
G1 X139.636 Y137.579 E.27588
G1 X139.004 Y135.252 E.06558
G1 X126.919 Y135.252 E.32867
G1 X126.75 Y135.166 E.00516
G2 X123.25 Y135.166 I-1.75 J5.092 E.09695
G1 X123.081 Y135.252 E.00516
G1 X110.996 Y135.252 E.32867
G1 X111.153 Y134.674 E.01629
G1 X112.04 Y132.925 E.05333
G1 X137.96 Y132.925 E.70494
G2 X136.379 Y130.598 I-7.963 J3.709 E.07684
G1 X113.621 Y130.598 E.61894
G1 X115.531 Y128.271 E.08188
G1 X134.469 Y128.271 E.51505
G3 X132.793 Y125.944 I8.627 J-7.979 E.07819
G1 X117.207 Y125.944 E.42389
G2 X118.448 Y123.617 I-10.963 J-7.34 E.07184
G1 X131.552 Y123.617 E.35639
G3 X130.685 Y121.29 I25.603 J-10.862 E.06756
G1 X119.314 Y121.29 E.30925
G1 X119.864 Y118.962 E.06506
G1 X130.136 Y118.962 E.27937
G3 X129.885 Y116.635 I20.416 J-3.376 E.06369
G1 X120.115 Y116.635 E.26571
G1 X120.163 Y114.308 E.0633
G1 X129.837 Y114.308 E.2631
G1 X129.837 Y111.981 E.06329
G1 X120.163 Y111.981 E.2631
G1 X120.163 Y109.654 E.06329
G1 X129.837 Y109.654 E.2631
G1 X129.837 Y107.327 E.06329
G1 X120.163 Y107.327 E.2631
G1 X120.163 Y105 E.06329
G1 X129.837 Y105 E.2631
G1 X129.837 Y102.95 E.05575
G1 X120.163 Y102.95 E.2631
G1 X120.163 Y104.836 E.05129
G1 E-.64 F2100
;WIPE_START
G1 F9600
G1 X120.163 Y104.066 E-.16
;WIPE_END
G1 X120.163 Y102.4 Z1.829 F12000
G1 Z1.8 F720
G1 E.8 F1500
;TYPE:Support material interface
G1 F2100
G1 X120.387 Y102.623 E.0086
G1 X121.133 Y102.623 E.02029
G1 X120.163 Y101.654 E.03729
G1 X120.163 Y100.909 E.02026
G1 X121.878 Y102.623 E.06594
G1 X122.623 Y102.623 E.02026
G1 X120.402 Y100.402 E.08542
G1 X121.148 Y100.402 E.02029
G1 X123.369 Y102.623 E.08542
G1 X124.114 Y102.623 E.02026
G1 X121.893 Y100.402 E.08542
G1 X122.639 Y100.402 E.02029
G1 X124.86 Y102.623 E.08542
G1 X125.605 Y102.623 E.02026
G1 X123.384 Y100.402 E.08542
G1 X124.13 Y100.402 E.02029
G1 X126.35 Y102.623 E.08541
G1 X127.096 Y102.623 E.02029
G1 X124.875 Y100.402 E.08542
G1 X125.62 Y100.402 E.02026
G1 X127.841 Y102.623 E.08542
G1 X128.587 Y102.623 E.02029
G1 X126.366 Y100.402 E.08542
G1 X127.111 Y100.402 E.02026
G1 X129.332 Y102.623 E.08542
G1 X129.837 Y102.623 E.01373
G1 X129.837 Y102.383 E.00653
G1 X127.857 Y100.402 E.07617
G1 X128.602 Y100.402 E.02026
G1 X129.837 Y101.637 E.0475
G1 X129.837 Y100.892 E.02026
G1 X129.347 Y100.402 E.01885
G1 X129.837 Y100.402 E.01333
G1 X129.837 Y100.728 E.00887
G1 E-.64
;WIPE_START
G1 F9600
G1 X129.837 Y100.402 E-.06775
G1 X129.393 Y100.402 E-.09225
;WIPE_END
G1 X129.772 Y98.236 Z1.838 F12000
G1 Z1.8 F720
G1 E.8 F1500
;TYPE:Overhang perimeter
;WIDTH:0.456772
G1 F900
G1 X129.772 Y98.65 E.01425
G1 X120.228 Y98.65 E.32843
G1 X120.228 Y98.236 E.01425
G1 X129.712 Y98.236 E.32636
;LAYER_CHANGE
;Z:2
;HEIGHT:0.2
;BEFORE_LAYER_CHANGE
G92 E0.0
;2


G1 E-.64 F2100
;WIPE_START
G1 F9600
G1 X129.772 Y98.236 E-.01247
G1 X129.772 Y98.65 E-.08603
;WIPE_END
G1 E-.0615 F2100
G1 X129.772 Y98.65 Z1.8 F12000
G1 X124.699 Y129.113 Z2.339
G1 X124.317 Y131.409 Z2.373
G1 X123.552 Y136.001 Z2.4
G1 X120.531 Y154.147 Z2.4
;AFTER_LAYER_CHANGE
;2
M486 S-1
M486 S0
G1 Z2 F720
G1 E.8 F1500
;TYPE:Support material
;WIDTH:0.37
G1 F3000
G1 X123.489 Y154.759 E.08215
G1 X126.511 Y154.759 E.08219
G1 X129.469 Y154.147 E.08215
G1 X129.734 Y154.032 E.00786
G1 X130.112 Y153.869 F12000
G1 F3000
G1 X119.888 Y153.869 E.27806
G1 X117.758 Y152.948 E.06311
G1 X115.754 Y151.542 E.06658
G1 X134.246 Y151.542 E.50292
G1 X134.715 Y151.212 E.0156
G1 X136.594 Y149.215 E.07457
G1 X113.406 Y149.215 E.63064
G1 X113.215 Y149.011 E.0076
G1 X111.91 Y146.887 E.0678
G1 X138.09 Y146.887 E.71201
G1 X138.366 Y146.437 E.01436
G1 X139.045 Y144.56 E.05429
G1 X127.288 Y144.56 E.31975
M73 P41 R18
G3 X126.426 Y144.94 I-1.973 J-3.313 E.02568
G3 X123.25 Y144.834 I-1.415 J-5.259 E.0877
G1 X122.712 Y144.56 E.01642
G1 X110.955 Y144.56 E.31975
G3 X110.434 Y142.395 I6.15 J-2.625 E.06085
M73 Q41 S18
G1 X110.953 Y135.41 F12000
G1 F3000
G1 X110.364 Y137.579 E.06113
G1 X120.508 Y137.579 E.27588
G1 X120.166 Y138.25 E.02048
G2 X119.861 Y139.906 I7.597 J2.251 E.04588
G1 X110.219 Y139.906 E.26223
G2 X110.411 Y142.233 I7.914 J.521 E.06373
G1 X120.412 Y142.233 E.272
G1 X120.743 Y142.883 E.01984
G2 X122.21 Y144.304 I4.621 J-3.301 E.05585
G1 E-.64 F2100
;WIPE_START
G1 F9600
G3 X121.601 Y143.834 I3.154 J-4.723 E-.16
;WIPE_END
G1 X127.791 Y144.304 Z2.108 F12000
G1 Z2 F720
G1 E.8 F1500
G1 F3000
G1 X127.883 Y144.257 E.00281
G2 X129.057 Y143.158 I-5.3 J-6.84 E.0438
G2 X129.588 Y142.233 I-3.669 J-2.721 E.02907
G1 X139.589 Y142.233 E.272
G2 X139.781 Y139.906 I-7.722 J-1.806 E.06373
G1 X130.139 Y139.906 E.26223
G1 X129.94 Y138.574 E.03663
G2 X129.492 Y137.579 I-4.497 J1.423 E.02974
G1 X139.636 Y137.579 E.27588
G1 X139.004 Y135.252 E.06558
G1 X126.919 Y135.252 E.32867
G1 X126.75 Y135.166 E.00516
G2 X123.25 Y135.166 I-1.75 J5.092 E.09695
G1 X123.081 Y135.252 E.00516
G1 X110.996 Y135.252 E.32867
G1 X111.153 Y134.674 E.01629
M73 P41 R17
G1 X112.04 Y132.925 E.05333
G1 X137.96 Y132.925 E.70494
G2 X136.379 Y130.598 I-7.963 J3.709 E.07684
G1 X113.621 Y130.598 E.61894
G1 X115.531 Y128.271 E.08188
G1 X134.469 Y128.271 E.51505
G3 X132.793 Y125.944 I8.627 J-7.979 E.07819
G1 X117.207 Y125.944 E.42389
G2 X118.448 Y123.617 I-10.964 J-7.34 E.07184
G1 X131.552 Y123.617 E.35639
G3 X130.685 Y121.29 I25.612 J-10.865 E.06756
G1 X119.314 Y121.29 E.30925
G1 X119.864 Y118.962 E.06506
G1 X130.136 Y118.962 E.27937
G3 X129.885 Y116.635 I20.416 J-3.376 E.06369
G1 X120.115 Y116.635 E.26571
G1 X120.163 Y114.308 E.0633
G1 X129.837 Y114.308 E.2631
G1 X129.837 Y111.981 E.06329
G1 X120.163 Y111.981 E.2631
G1 X120.163 Y109.654 E.06329
G1 X129.837 Y109.654 E.2631
G1 X129.837 Y107.327 E.06329
G1 X120.163 Y107.327 E.2631
G1 X120.163 Y105 E.06329
G1 X129.837 Y105 E.2631
G1 X129.837 Y103.744 E.03416
G1 X120.163 Y103.744 E.2631
G1 X120.163 Y104.836 E.0297
G1 E-.64 F2100
;WIPE_START
G1 F9600
G1 X120.163 Y104.066 E-.16
;WIPE_END
G1 X120.441 Y101.196 Z2.05 F12000
G1 Z2 F720
M73 Q41 S17
G1 E.8 F1500
;TYPE:Support material interface
G1 F2100
G1 X120.163 Y101.196 E.00756
G1 X120.163 Y101.637 E.01199
G1 X120.604 Y101.196 E.01696
G1 X121.35 Y101.196 E.02029
G1 X120.163 Y102.383 E.04565
G1 X120.163 Y103.128 E.02026
G1 X122.095 Y101.196 E.07431
G1 X122.841 Y101.196 E.02029
G1 X120.62 Y103.417 E.08542
G1 X121.365 Y103.417 E.02026
G1 X123.586 Y101.196 E.08542
G1 X124.332 Y101.196 E.02029
G1 X122.111 Y103.417 E.08542
G1 X122.856 Y103.417 E.02026
G1 X125.077 Y101.196 E.08542
G1 X125.822 Y101.196 E.02026
G1 X123.601 Y103.417 E.08542
G1 X124.347 Y103.417 E.02029
G1 X126.568 Y101.196 E.08542
G1 X127.313 Y101.196 E.02026
G1 X125.092 Y103.417 E.08542
G1 X125.838 Y103.417 E.02029
G1 X128.059 Y101.196 E.08542
G1 X128.804 Y101.196 E.02026
G1 X126.583 Y103.417 E.08542
G1 X127.328 Y103.417 E.02026
G1 X129.549 Y101.196 E.08542
G1 X129.837 Y101.196 E.00783
G1 X129.837 Y101.654 E.01246
G1 X128.074 Y103.417 E.06781
G1 X128.819 Y103.417 E.02026
G1 X129.837 Y102.4 E.03914
G1 X129.837 Y103.145 E.02026
G1 X129.565 Y103.417 E.01046
G1 X129.837 Y103.417 E.0074
G1 X129.837 Y103.309 E.00294
G1 E-.64
;WIPE_START
G1 F9600
G1 X129.837 Y103.417 E-.02244
G1 X129.565 Y103.417 E-.05652
G1 X129.837 Y103.145 E-.07994
G1 X129.837 Y103.14 E-.0011
;WIPE_END
G1 X129.736 Y99.129 Z2.07 F12000
G1 Z2 F720
G1 E.8 F1500
;TYPE:Overhang perimeter
;WIDTH:0.528838
G1 F900
G1 X129.736 Y99.615 E.01964
G1 X120.264 Y99.615 E.38271
G1 X120.264 Y99.129 E.01964
G1 X129.676 Y99.129 E.38028
G1 E-.64 F2100
;WIPE_START
G1 F9600
G1 X129.736 Y99.129 E-.01247
G1 X129.736 Y99.615 E-.101
;WIPE_END
G1 E-.04653 F2100
G1 X124.596 Y130.067 Z2.539 F12000
G1 X124.208 Y132.362 Z2.573
G1 X123.433 Y136.952 Z2.6
M486 S-1
M486 S1
G1 X120.531 Y154.147
G1 Z2 F720
G1 E.8 F1500
;TYPE:Support material
;WIDTH:0.37
G1 F3000
G1 X123.489 Y154.759 E.08215
G1 X126.511 Y154.759 E.08219
G1 X129.469 Y154.147 E.08215
G1 X129.734 Y154.032 E.00786
G1 X130.112 Y153.869 F12000
G1 F3000
G1 X119.888 Y153.869 E.27806
G1 X117.758 Y152.948 E.06311
G1 X115.754 Y151.542 E.06658
G1 X134.246 Y151.542 E.50292
G1 X134.715 Y151.212 E.0156
G1 X136.594 Y149.215 E.07457
G1 X113.406 Y149.215 E.63064
G1 X113.215 Y149.011 E.0076
G1 X111.91 Y146.887 E.0678
G1 X138.09 Y146.887 E.71201
G1 X138.366 Y146.437 E.01436
G1 X139.045 Y144.56 E.05429
G1 X127.288 Y144.56 E.31975
G3 X126.426 Y144.94 I-1.973 J-3.313 E.02568
G3 X123.25 Y144.834 I-1.415 J-5.259 E.0877
G1 X122.712 Y144.56 E.01642
G1 X110.955 Y144.56 E.31975
G3 X110.434 Y142.395 I6.15 J-2.625 E.06085
G1 X110.953 Y135.41 F12000
G1 F3000
G1 X110.364 Y137.579 E.06113
G1 X120.508 Y137.579 E.27588
G1 X120.166 Y138.25 E.02048
G2 X119.861 Y139.906 I7.597 J2.251 E.04588
G1 X110.219 Y139.906 E.26223
G2 X110.411 Y142.233 I7.914 J.521 E.06373
G1 X120.412 Y142.233 E.272
G1 X120.743 Y142.883 E.01984
G2 X122.21 Y144.304 I4.621 J-3.301 E.05585
G1 E-.64 F2100
;WIPE_START
G1 F9600
G3 X121.601 Y143.834 I3.154 J-4.723 E-.16
;WIPE_END
G1 X127.791 Y144.304 Z2.108 F12000
G1 Z2 F720
G1 E.8 F1500
G1 F3000
G1 X127.883 Y144.257 E.00281
G2 X129.057 Y143.158 I-5.3 J-6.84 E.0438
G2 X129.588 Y142.233 I-3.669 J-2.721 E.02907
G1 X139.589 Y142.233 E.272
G2 X139.781 Y139.906 I-7.722 J-1.806 E.06373
M73 P42 R17
G1 X130.139 Y139.906 E.26223
G1 X129.94 Y138.574 E.03663
G2 X129.492 Y137.579 I-4.497 J1.423 E.02974
G1 X139.636 Y137.579 E.27588
G1 X139.004 Y135.252 E.06558
M73 Q42 S17
G1 X126.919 Y135.252 E.32867
G1 X126.75 Y135.166 E.00516
G2 X123.25 Y135.166 I-1.75 J5.092 E.09695
G1 X123.081 Y135.252 E.00516
G1 X110.996 Y135.252 E.32867
G1 X111.153 Y134.674 E.01629
G1 X112.04 Y132.925 E.05333
G1 X137.96 Y132.925 E.70494
G2 X136.379 Y130.598 I-7.963 J3.709 E.07684
G1 X113.621 Y130.598 E.61894
G1 X115.531 Y128.271 E.08188
G1 X134.469 Y128.271 E.51505
G3 X132.793 Y125.944 I8.627 J-7.979 E.07819
G1 X117.207 Y125.944 E.42389
G2 X118.448 Y123.617 I-10.964 J-7.34 E.07184
G1 X131.552 Y123.617 E.35639
G3 X130.685 Y121.29 I25.612 J-10.865 E.06756
G1 X119.314 Y121.29 E.30925
G1 X119.864 Y118.962 E.06506
G1 X130.136 Y118.962 E.27937
G3 X129.885 Y116.635 I20.416 J-3.376 E.06369
G1 X120.115 Y116.635 E.26571
G1 X120.163 Y114.308 E.0633
G1 X129.837 Y114.308 E.2631
G1 X129.837 Y111.981 E.06329
G1 X120.163 Y111.981 E.2631
G1 X120.163 Y109.654 E.06329
G1 X129.837 Y109.654 E.2631
G1 X129.837 Y107.327 E.06329
G1 X120.163 Y107.327 E.2631
G1 X120.163 Y105 E.06329
G1 X129.837 Y105 E.2631
G1 X129.837 Y103.744 E.03416
G1 X120.163 Y103.744 E.2631
G1 X120.163 Y104.836 E.0297
G1 E-.64 F2100
;WIPE_START
G1 F9600
G1 X120.163 Y104.066 E-.16
;WIPE_END
G1 X120.441 Y101.196 Z2.05 F12000
G1 Z2 F720
G1 E.8 F1500
;TYPE:Support material interface
G1 F2100
G1 X120.163 Y101.196 E.00756
G1 X120.163 Y101.637 E.01199
G1 X120.604 Y101.196 E.01696
G1 X121.35 Y101.196 E.02029
G1 X120.163 Y102.383 E.04565
G1 X120.163 Y103.128 E.02026
G1 X122.095 Y101.196 E.07431
G1 X122.841 Y101.196 E.02029
G1 X120.62 Y103.417 E.08542
G1 X121.365 Y103.417 E.02026
G1 X123.586 Y101.196 E.08542
G1 X124.332 Y101.196 E.02029
G1 X122.111 Y103.417 E.08542
G1 X122.856 Y103.417 E.02026
G1 X125.077 Y101.196 E.08542
G1 X125.822 Y101.196 E.02026
G1 X123.601 Y103.417 E.08542
G1 X124.347 Y103.417 E.02029
G1 X126.568 Y101.196 E.08542
G1 X127.313 Y101.196 E.02026
G1 X125.092 Y103.417 E.08542
G1 X125.838 Y103.417 E.02029
G1 X128.059 Y101.196 E.08542
G1 X128.804 Y101.196 E.02026
G1 X126.583 Y103.417 E.08542
G1 X127.328 Y103.417 E.02026
G1 X129.549 Y101.196 E.08542
G1 X129.837 Y101.196 E.00783
G1 X129.837 Y101.654 E.01246
G1 X128.074 Y103.417 E.06781
G1 X128.819 Y103.417 E.02026
G1 X129.837 Y102.4 E.03914
G1 X129.837 Y103.145 E.02026
G1 X129.565 Y103.417 E.01046
G1 X129.837 Y103.417 E.0074
G1 X129.837 Y103.309 E.00294
G1 E-.64
;WIPE_START
G1 F9600
G1 X129.837 Y103.417 E-.02244
G1 X129.565 Y103.417 E-.05652
G1 X129.837 Y103.145 E-.07994
G1 X129.837 Y103.14 E-.0011
;WIPE_END
G1 X129.736 Y99.129 Z2.07 F12000
G1 Z2 F720
G1 E.8 F1500
;TYPE:Overhang perimeter
;WIDTH:0.528838
G1 F900
G1 X129.736 Y99.615 E.01964
G1 X120.264 Y99.615 E.38271
G1 X120.264 Y99.129 E.01964
G1 X129.676 Y99.129 E.38028
;LAYER_CHANGE
;Z:2.2
;HEIGHT:0.2
;BEFORE_LAYER_CHANGE
G92 E0.0
;2.2


G1 E-.64 F2100
;WIPE_START
G1 F9600
G1 X129.736 Y99.129 E-.01247
G1 X129.736 Y99.615 E-.101
;WIPE_END
G1 E-.04653 F2100
G1 X129.736 Y99.615 Z2 F12000
G1 X129.735 Y130.498 Z2.539
G1 X129.735 Y132.825 Z2.573
G1 X129.734 Y137.48 Z2.6
G1 X129.734 Y154.032 Z2.6
;AFTER_LAYER_CHANGE
;2.2
M486 S-1
M486 S0
G1 Z2.2 F720
G1 E.8 F1500
;TYPE:Support material
;WIDTH:0.37
G1 F3000
G1 X129.469 Y154.147 E.00786
G1 X126.511 Y154.759 E.08215
G1 X123.489 Y154.759 E.08219
G1 X120.531 Y154.147 E.08215
G1 X119.888 Y153.869 F12000
G1 F3000
G1 X130.112 Y153.869 E.27806
G1 X132.242 Y152.948 E.06311
G1 X134.246 Y151.542 E.06658
G1 X115.754 Y151.542 E.50292
G1 X115.285 Y151.212 E.0156
G1 X113.406 Y149.215 E.07457
G1 X136.594 Y149.215 E.63064
G1 X136.785 Y149.011 E.0076
G1 X138.09 Y146.887 E.0678
G1 X111.91 Y146.887 E.71201
G1 X111.634 Y146.437 E.01436
G1 X110.955 Y144.56 E.05429
G1 X122.712 Y144.56 E.31975
G1 X123.25 Y144.834 E.01642
G2 X126.426 Y144.94 I1.761 J-5.153 E.0877
G2 X127.288 Y144.56 I-1.111 J-3.693 E.02568
G1 X139.045 Y144.56 E.31975
G2 X139.589 Y142.233 I-6.686 J-2.791 E.06529
G1 X129.588 Y142.233 E.272
G1 X129.834 Y141.75 E.01474
G2 X130.139 Y139.906 I-6.569 J-2.031 E.05099
G1 X139.781 Y139.906 E.26223
G1 X139.639 Y137.59 E.06311
G1 X129.492 Y137.579 E.27597
G1 X129.257 Y137.117 E.0141
G2 X128.158 Y135.943 I-6.839 J5.3 E.0438
G2 X127.422 Y135.508 I-2.088 J2.695 E.02331
G1 E-.64 F2100
;WIPE_START
G1 F9600
G3 X128.088 Y135.89 I-1.353 J3.129 E-.16
;WIPE_END
G1 X122.21 Y144.304 Z2.379 F12000
G1 Z2.2 F720
G1 E.8 F1500
G1 F3000
G3 X120.743 Y142.883 I3.154 J-4.722 E.05585
G1 X120.412 Y142.233 E.01984
G1 X110.411 Y142.233 E.272
G3 X110.219 Y139.906 I7.722 J-1.806 E.06373
G1 X119.861 Y139.906 E.26223
G3 X120.166 Y138.25 I7.902 J.595 E.04588
G1 X120.508 Y137.579 E.02048
G1 X110.364 Y137.579 E.27588
G1 X110.996 Y135.252 E.06558
G1 X123.081 Y135.252 E.32867
G1 X123.25 Y135.166 E.00516
G3 X126.75 Y135.166 I1.75 J5.092 E.09695
G1 X126.919 Y135.252 E.00516
G1 X139.004 Y135.252 E.32867
G1 X138.847 Y134.674 E.01629
G1 X137.96 Y132.925 E.05333
G1 X112.04 Y132.925 E.70494
G3 X113.621 Y130.598 I7.963 J3.709 E.07684
G1 X136.379 Y130.598 E.61894
G1 X134.469 Y128.271 E.08188
M73 P43 R17
G1 X115.531 Y128.271 E.51505
G2 X117.207 Y125.944 I-8.627 J-7.979 E.07819
M73 Q43 S17
G1 X132.793 Y125.944 E.42389
G3 X131.552 Y123.617 I10.983 J-7.352 E.07184
G1 X118.448 Y123.617 E.35639
G1 X118.669 Y123.116 E.01489
G1 X119.314 Y121.29 E.05267
G1 X130.685 Y121.29 E.30925
G1 X130.136 Y118.962 E.06505
G1 X119.864 Y118.962 E.27937
G2 X120.115 Y116.635 I-17.395 J-3.051 E.0637
G1 X129.885 Y116.635 E.26571
G1 X129.837 Y114.308 E.0633
G1 X120.163 Y114.308 E.2631
G1 X120.163 Y111.981 E.06329
G1 X129.837 Y111.981 E.2631
G1 X129.837 Y109.654 E.06329
G1 X120.163 Y109.654 E.2631
G1 X120.163 Y107.327 E.06329
G1 X129.837 Y107.327 E.2631
G1 X129.837 Y105 E.06329
G1 X120.163 Y105 E.2631
G1 X120.163 Y104.538 E.01256
G1 X129.837 Y104.538 E.2631
G1 X129.837 Y104.836 E.0081
G1 E-.64 F2100
;WIPE_START
G1 F9600
G1 X129.837 Y104.538 E-.06193
G1 X129.365 Y104.538 E-.09807
;WIPE_END
G1 X129.837 Y102.219 Z2.241 F12000
G1 Z2.2 F720
G1 E.8 F1500
;TYPE:Support material interface
G1 F2100
G1 X129.837 Y101.99 E.00623
G1 X129.444 Y101.99 E.01069
G1 X129.837 Y102.383 E.01512
G1 X129.837 Y103.128 E.02026
G1 X128.698 Y101.99 E.04379
G1 X127.953 Y101.99 E.02026
G1 X129.837 Y103.873 E.07244
G1 X129.837 Y104.211 E.00919
G1 X129.428 Y104.211 E.01112
G1 X127.208 Y101.99 E.08541
G1 X126.462 Y101.99 E.02029
G1 X128.683 Y104.211 E.08542
G1 X127.938 Y104.211 E.02026
G1 X125.717 Y101.99 E.08542
G1 X124.971 Y101.99 E.02029
G1 X127.192 Y104.211 E.08542
G1 X126.447 Y104.211 E.02026
G1 X124.226 Y101.99 E.08542
G1 X123.48 Y101.99 E.02029
G1 X125.701 Y104.211 E.08542
G1 X124.956 Y104.211 E.02026
G1 X122.735 Y101.99 E.08542
G1 X121.99 Y101.99 E.02026
G1 X124.211 Y104.211 E.08542
G1 X123.465 Y104.211 E.02029
G1 X121.244 Y101.99 E.08542
G1 X120.499 Y101.99 E.02026
G1 X122.72 Y104.211 E.08542
G1 X121.974 Y104.211 E.02029
G1 X120.163 Y102.4 E.06965
G1 X120.163 Y103.145 E.02026
G1 X121.229 Y104.211 E.041
G1 X120.484 Y104.211 E.02026
G1 X120.163 Y103.89 E.01235
G1 X120.163 Y104.211 E.00873
G1 X120.32 Y104.211 E.00427
G1 E-.64
;WIPE_START
G1 F9600
G1 X120.163 Y104.211 E-.03263
G1 X120.163 Y103.89 E-.06671
G1 X120.369 Y104.096 E-.06066
;WIPE_END
G1 X129.751 Y99.969 Z2.379 F12000
G1 Z2.2 F720
G1 E.8 F1500
M204 P700
;TYPE:External perimeter
;WIDTH:0.497421
G1 F900
G1 X129.751 Y100.079 E.00416
M204 P1000
;TYPE:Overhang perimeter
G1 X129.751 Y100.424 E.01304
G1 X128.212 Y100.424 E.05816
G1 X121.788 Y100.424 E.24278
G1 X120.249 Y100.424 E.05816
G1 X120.249 Y100.079 E.01304
M204 P700
;TYPE:External perimeter
G1 X120.249 Y99.969 E.00416
G1 F981.949
G1 X121.334 Y99.969 E.041
G1 X128.666 Y99.969 E.27709
G1 X129.691 Y99.969 E.03874
M204 P1000
G1 E-.64 F2100
;WIPE_START
G1 F9600
G1 X129.751 Y99.969 E-.01247
G1 X129.751 Y100.079 E-.02286
;WIPE_END
G1 E-.12467 F2100
G1 X129.741 Y130.962 Z2.739 F12000
G1 X129.74 Y133.289 Z2.773
G1 X129.739 Y137.944 Z2.8
M486 S-1
M486 S1
G1 X129.734 Y154.032
G1 Z2.2 F720
G1 E.8 F1500
;TYPE:Support material
;WIDTH:0.37
G1 F3000
G1 X129.469 Y154.147 E.00786
G1 X126.511 Y154.759 E.08215
G1 X123.489 Y154.759 E.08219
G1 X120.531 Y154.147 E.08215
G1 X119.888 Y153.869 F12000
G1 F3000
G1 X130.112 Y153.869 E.27806
G1 X132.242 Y152.948 E.06311
G1 X134.246 Y151.542 E.06658
G1 X115.754 Y151.542 E.50292
G1 X115.285 Y151.212 E.0156
G1 X113.406 Y149.215 E.07457
G1 X136.594 Y149.215 E.63064
G1 X136.785 Y149.011 E.0076
G1 X138.09 Y146.887 E.0678
G1 X111.91 Y146.887 E.71201
G1 X111.634 Y146.437 E.01436
G1 X110.955 Y144.56 E.05429
G1 X122.712 Y144.56 E.31975
G1 X123.25 Y144.834 E.01642
G2 X126.426 Y144.94 I1.761 J-5.153 E.0877
G2 X127.288 Y144.56 I-1.111 J-3.693 E.02568
G1 X139.045 Y144.56 E.31975
G2 X139.589 Y142.233 I-6.686 J-2.791 E.06529
G1 X129.588 Y142.233 E.272
G1 X129.834 Y141.75 E.01474
G2 X130.139 Y139.906 I-6.569 J-2.031 E.05099
G1 X139.781 Y139.906 E.26223
G1 X139.639 Y137.59 E.06311
G1 X129.492 Y137.579 E.27597
G1 X129.257 Y137.117 E.0141
G2 X128.158 Y135.943 I-6.839 J5.3 E.0438
G2 X127.422 Y135.508 I-2.088 J2.695 E.02331
G1 E-.64 F2100
;WIPE_START
G1 F9600
G3 X128.088 Y135.89 I-1.353 J3.129 E-.16
;WIPE_END
G1 X122.21 Y144.304 Z2.379 F12000
G1 Z2.2 F720
G1 E.8 F1500
G1 F3000
G3 X120.743 Y142.883 I3.154 J-4.722 E.05585
G1 X120.412 Y142.233 E.01984
G1 X110.411 Y142.233 E.272
G3 X110.219 Y139.906 I7.722 J-1.806 E.06373
G1 X119.861 Y139.906 E.26223
G3 X120.166 Y138.25 I7.902 J.595 E.04588
G1 X120.508 Y137.579 E.02048
G1 X110.364 Y137.579 E.27588
G1 X110.996 Y135.252 E.06558
G1 X123.081 Y135.252 E.32867
G1 X123.25 Y135.166 E.00516
G3 X126.75 Y135.166 I1.75 J5.092 E.09695
G1 X126.919 Y135.252 E.00516
G1 X139.004 Y135.252 E.32867
G1 X138.847 Y134.674 E.01629
G1 X137.96 Y132.925 E.05333
G1 X112.04 Y132.925 E.70494
G3 X113.621 Y130.598 I7.963 J3.709 E.07684
G1 X136.379 Y130.598 E.61894
G1 X134.469 Y128.271 E.08188
G1 X115.531 Y128.271 E.51505
G2 X117.207 Y125.944 I-8.627 J-7.979 E.07819
G1 X132.793 Y125.944 E.42389
G3 X131.552 Y123.617 I10.983 J-7.352 E.07184
G1 X118.448 Y123.617 E.35639
G1 X118.669 Y123.116 E.01489
G1 X119.314 Y121.29 E.05267
G1 X130.685 Y121.29 E.30925
G1 X130.136 Y118.962 E.06505
G1 X119.864 Y118.962 E.27937
G2 X120.115 Y116.635 I-17.395 J-3.051 E.0637
G1 X129.885 Y116.635 E.26571
G1 X129.837 Y114.308 E.0633
G1 X120.163 Y114.308 E.2631
G1 X120.163 Y111.981 E.06329
M73 P44 R17
G1 X129.837 Y111.981 E.2631
G1 X129.837 Y109.654 E.06329
M73 Q44 S17
G1 X120.163 Y109.654 E.2631
G1 X120.163 Y107.327 E.06329
G1 X129.837 Y107.327 E.2631
G1 X129.837 Y105 E.06329
G1 X120.163 Y105 E.2631
G1 X120.163 Y104.538 E.01256
G1 X129.837 Y104.538 E.2631
G1 X129.837 Y104.836 E.0081
G1 E-.64 F2100
;WIPE_START
G1 F9600
G1 X129.837 Y104.538 E-.06193
G1 X129.365 Y104.538 E-.09807
;WIPE_END
G1 X129.837 Y102.219 Z2.241 F12000
G1 Z2.2 F720
G1 E.8 F1500
;TYPE:Support material interface
G1 F2100
G1 X129.837 Y101.99 E.00623
G1 X129.444 Y101.99 E.01069
G1 X129.837 Y102.383 E.01512
G1 X129.837 Y103.128 E.02026
G1 X128.698 Y101.99 E.04379
G1 X127.953 Y101.99 E.02026
G1 X129.837 Y103.873 E.07244
G1 X129.837 Y104.211 E.00919
G1 X129.428 Y104.211 E.01112
G1 X127.208 Y101.99 E.08541
G1 X126.462 Y101.99 E.02029
G1 X128.683 Y104.211 E.08542
G1 X127.938 Y104.211 E.02026
G1 X125.717 Y101.99 E.08542
G1 X124.971 Y101.99 E.02029
G1 X127.192 Y104.211 E.08542
G1 X126.447 Y104.211 E.02026
G1 X124.226 Y101.99 E.08542
G1 X123.48 Y101.99 E.02029
G1 X125.701 Y104.211 E.08542
G1 X124.956 Y104.211 E.02026
G1 X122.735 Y101.99 E.08542
G1 X121.99 Y101.99 E.02026
G1 X124.211 Y104.211 E.08542
G1 X123.465 Y104.211 E.02029
G1 X121.244 Y101.99 E.08542
G1 X120.499 Y101.99 E.02026
G1 X122.72 Y104.211 E.08542
G1 X121.974 Y104.211 E.02029
G1 X120.163 Y102.4 E.06965
G1 X120.163 Y103.145 E.02026
G1 X121.229 Y104.211 E.041
G1 X120.484 Y104.211 E.02026
G1 X120.163 Y103.89 E.01235
G1 X120.163 Y104.211 E.00873
G1 X120.32 Y104.211 E.00427
G1 E-.64
;WIPE_START
G1 F9600
G1 X120.163 Y104.211 E-.03263
G1 X120.163 Y103.89 E-.06671
G1 X120.369 Y104.096 E-.06066
;WIPE_END
G1 X129.751 Y99.969 Z2.379 F12000
G1 Z2.2 F720
G1 E.8 F1500
M204 P700
;TYPE:External perimeter
;WIDTH:0.497421
G1 F900
G1 X129.751 Y100.079 E.00416
M204 P1000
;TYPE:Overhang perimeter
G1 X129.751 Y100.424 E.01304
G1 X128.212 Y100.424 E.05816
G1 X121.788 Y100.424 E.24278
G1 X120.249 Y100.424 E.05816
G1 X120.249 Y100.079 E.01304
M204 P700
;TYPE:External perimeter
G1 X120.249 Y99.969 E.00416
G1 F981.949
G1 X121.334 Y99.969 E.041
G1 X128.666 Y99.969 E.27709
G1 X129.691 Y99.969 E.03874
M204 P1000
;LAYER_CHANGE
;Z:2.4
;HEIGHT:0.2
;BEFORE_LAYER_CHANGE
G92 E0.0
;2.4


G1 E-.64 F2100
;WIPE_START
G1 F9600
G1 X129.751 Y99.969 E-.01247
G1 X129.751 Y100.079 E-.02286
;WIPE_END
G1 E-.12467 F2100
G1 X129.751 Y100.079 Z2.2 F12000
G1 X129.741 Y130.962 Z2.739
G1 X129.74 Y133.289 Z2.773
G1 X129.739 Y137.944 Z2.8
G1 X129.734 Y154.032 Z2.8
;AFTER_LAYER_CHANGE
;2.4
M486 S-1
M486 S0
G1 Z2.4 F720
G1 E.8 F1500
;TYPE:Support material
;WIDTH:0.37
G1 F3000
G1 X129.469 Y154.147 E.00786
G1 X126.511 Y154.759 E.08215
G1 X123.489 Y154.759 E.08219
G1 X120.531 Y154.147 E.08215
G1 X119.888 Y153.869 F12000
G1 F3000
G1 X130.112 Y153.869 E.27806
G1 X132.242 Y152.948 E.06311
G1 X134.246 Y151.542 E.06658
G1 X115.754 Y151.542 E.50292
G1 X115.285 Y151.212 E.0156
G1 X113.406 Y149.215 E.07457
G1 X136.594 Y149.215 E.63064
G1 X136.785 Y149.011 E.0076
G1 X138.09 Y146.887 E.0678
G1 X111.91 Y146.887 E.71201
G1 X111.634 Y146.437 E.01436
G1 X110.955 Y144.56 E.05429
G1 X122.712 Y144.56 E.31975
G1 X123.25 Y144.834 E.01642
M73 P44 R16
G2 X126.426 Y144.94 I1.761 J-5.153 E.0877
G2 X127.288 Y144.56 I-1.111 J-3.693 E.02568
G1 X139.045 Y144.56 E.31975
G2 X139.589 Y142.233 I-6.686 J-2.791 E.06529
G1 X129.588 Y142.233 E.272
G1 X129.834 Y141.75 E.01474
G2 X130.139 Y139.906 I-6.569 J-2.031 E.05099
G1 X139.781 Y139.906 E.26223
G1 X139.639 Y137.59 E.06311
G1 X129.492 Y137.579 E.27597
G1 X129.257 Y137.117 E.0141
G2 X128.158 Y135.943 I-6.839 J5.3 E.0438
G2 X127.422 Y135.508 I-2.088 J2.695 E.02331
G1 E-.64 F2100
;WIPE_START
G1 F9600
G3 X128.088 Y135.89 I-1.353 J3.129 E-.16
;WIPE_END
G1 X122.21 Y144.304 Z2.579 F12000
G1 Z2.4 F720
G1 E.8 F1500
G1 F3000
G3 X120.743 Y142.883 I3.154 J-4.722 E.05585
G1 X120.412 Y142.233 E.01984
G1 X110.411 Y142.233 E.272
G3 X110.219 Y139.906 I7.722 J-1.806 E.06373
G1 X119.861 Y139.906 E.26223
G3 X120.166 Y138.25 I7.902 J.595 E.04588
G1 X120.508 Y137.579 E.02048
G1 X110.364 Y137.579 E.27588
G1 X110.996 Y135.252 E.06558
G1 X123.081 Y135.252 E.32867
G1 X123.25 Y135.166 E.00516
G3 X126.75 Y135.166 I1.75 J5.092 E.09695
G1 X126.919 Y135.252 E.00516
G1 X139.004 Y135.252 E.32867
G1 X138.847 Y134.674 E.01629
G1 X137.96 Y132.925 E.05333
G1 X112.04 Y132.925 E.70494
G3 X113.621 Y130.598 I7.963 J3.709 E.07684
G1 X136.379 Y130.598 E.61894
G1 X134.469 Y128.271 E.08188
G1 X115.531 Y128.271 E.51505
G2 X117.207 Y125.944 I-8.627 J-7.979 E.07819
M73 Q44 S16
G1 X132.793 Y125.944 E.42389
G3 X131.552 Y123.617 I10.984 J-7.353 E.07184
G1 X118.448 Y123.617 E.35639
G1 X118.669 Y123.116 E.01489
G1 X119.314 Y121.29 E.05267
G1 X130.685 Y121.29 E.30925
G1 X130.136 Y118.962 E.06505
G1 X119.864 Y118.962 E.27937
G2 X120.115 Y116.635 I-17.395 J-3.051 E.0637
G1 X129.885 Y116.635 E.26571
G1 X129.837 Y114.308 E.0633
G1 X120.163 Y114.308 E.2631
G1 X120.163 Y111.981 E.06329
G1 X129.837 Y111.981 E.2631
G1 X129.837 Y109.654 E.06329
G1 X120.163 Y109.654 E.2631
G1 X120.163 Y107.327 E.06329
G1 X129.837 Y107.327 E.2631
G1 X129.837 Y105.331 E.05428
G1 X120.163 Y105.331 E.2631
G1 X120.163 Y107.164 E.04985
G1 E-.64 F2100
;WIPE_START
G1 F9600
G1 X120.163 Y106.394 E-.16
;WIPE_END
G1 X120.345 Y102.783 Z2.463 F12000
G1 Z2.4 F720
G1 E.8 F1500
;TYPE:Support material interface
G1 F2100
G1 X120.163 Y102.783 E.00495
G1 X120.163 Y103.128 E.00938
G1 X120.508 Y102.783 E.01327
G1 X121.253 Y102.783 E.02026
G1 X120.163 Y103.873 E.04192
G1 X120.163 Y104.619 E.02029
G1 X121.999 Y102.783 E.07062
G1 X122.744 Y102.783 E.02026
G1 X120.523 Y105.004 E.08542
G1 X121.269 Y105.004 E.02029
G1 X123.49 Y102.783 E.08542
G1 X124.235 Y102.783 E.02026
G1 X122.014 Y105.004 E.08542
G1 X122.76 Y105.004 E.02029
G1 X124.981 Y102.783 E.08542
G1 X125.726 Y102.783 E.02026
M73 P45 R16
G1 X123.505 Y105.004 E.08542
G1 X124.25 Y105.004 E.02026
G1 X126.471 Y102.783 E.08542
G1 X127.217 Y102.783 E.02029
M73 Q45 S16
G1 X124.996 Y105.004 E.08542
G1 X125.741 Y105.004 E.02026
G1 X127.962 Y102.783 E.08542
G1 X128.708 Y102.783 E.02029
G1 X126.487 Y105.004 E.08542
G1 X127.232 Y105.004 E.02026
G1 X129.453 Y102.783 E.08542
G1 X129.837 Y102.783 E.01044
G1 X129.837 Y103.145 E.00985
G1 X127.977 Y105.004 E.07152
G1 X128.723 Y105.004 E.02029
G1 X129.837 Y103.89 E.04285
G1 X129.837 Y104.636 E.02029
G1 X129.468 Y105.004 E.01417
G1 X129.837 Y105.004 E.01004
G1 X129.837 Y104.799 E.00558
G1 E-.64
;WIPE_START
G1 F9600
G1 X129.837 Y105.004 E-.0426
G1 X129.468 Y105.004 E-.07668
G1 X129.607 Y104.866 E-.04072
;WIPE_END
G1 X129.767 Y100.81 Z2.471 F12000
G1 Z2.4 F720
G1 E.8 F1500
M204 P700
;TYPE:External perimeter
;WIDTH:0.466005
G1 F900
G1 X129.767 Y100.873 E.00222
M204 P1000
;TYPE:Overhang perimeter
;WIDTH:0.466004
G1 X129.767 Y101.233 E.01266
;WIDTH:0.466005
G1 X120.233 Y101.233 E.3354
G1 X120.233 Y100.873 E.01266
M204 P700
;TYPE:External perimeter
G1 X120.233 Y100.81 E.00222
G1 X129.707 Y100.81 E.33329
M204 P1000
G1 E-.64 F2100
;WIPE_START
G1 F9600
G1 X129.767 Y100.81 E-.01247
G1 X129.767 Y100.873 E-.01309
;WIPE_END
G1 E-.13444 F2100
G1 X129.748 Y131.756 Z2.939 F12000
G1 X129.746 Y134.083 Z2.973
G1 X129.743 Y138.738 Z3
M486 S-1
M486 S1
G1 X129.734 Y154.032
G1 Z2.4 F720
G1 E.8 F1500
;TYPE:Support material
;WIDTH:0.37
G1 F3000
G1 X129.469 Y154.147 E.00786
G1 X126.511 Y154.759 E.08215
G1 X123.489 Y154.759 E.08219
G1 X120.531 Y154.147 E.08215
G1 X119.888 Y153.869 F12000
G1 F3000
G1 X130.112 Y153.869 E.27806
G1 X132.242 Y152.948 E.06311
G1 X134.246 Y151.542 E.06658
G1 X115.754 Y151.542 E.50292
G1 X115.285 Y151.212 E.0156
G1 X113.406 Y149.215 E.07457
G1 X136.594 Y149.215 E.63064
G1 X136.785 Y149.011 E.0076
G1 X138.09 Y146.887 E.0678
G1 X111.91 Y146.887 E.71201
G1 X111.634 Y146.437 E.01436
G1 X110.955 Y144.56 E.05429
G1 X122.712 Y144.56 E.31975
G1 X123.25 Y144.834 E.01642
G2 X126.426 Y144.94 I1.761 J-5.153 E.0877
G2 X127.288 Y144.56 I-1.111 J-3.693 E.02568
G1 X139.045 Y144.56 E.31975
G2 X139.589 Y142.233 I-6.686 J-2.791 E.06529
G1 X129.588 Y142.233 E.272
G1 X129.834 Y141.75 E.01474
G2 X130.139 Y139.906 I-6.569 J-2.031 E.05099
G1 X139.781 Y139.906 E.26223
G1 X139.639 Y137.59 E.06311
G1 X129.492 Y137.579 E.27597
G1 X129.257 Y137.117 E.0141
G2 X128.158 Y135.943 I-6.839 J5.3 E.0438
G2 X127.422 Y135.508 I-2.088 J2.695 E.02331
G1 E-.64 F2100
;WIPE_START
G1 F9600
G3 X128.088 Y135.89 I-1.353 J3.129 E-.16
;WIPE_END
G1 X122.21 Y144.304 Z2.579 F12000
G1 Z2.4 F720
G1 E.8 F1500
G1 F3000
G3 X120.743 Y142.883 I3.154 J-4.722 E.05585
G1 X120.412 Y142.233 E.01984
G1 X110.411 Y142.233 E.272
G3 X110.219 Y139.906 I7.722 J-1.806 E.06373
G1 X119.861 Y139.906 E.26223
G3 X120.166 Y138.25 I7.902 J.595 E.04588
G1 X120.508 Y137.579 E.02048
G1 X110.364 Y137.579 E.27588
G1 X110.996 Y135.252 E.06558
G1 X123.081 Y135.252 E.32867
G1 X123.25 Y135.166 E.00516
G3 X126.75 Y135.166 I1.75 J5.092 E.09695
G1 X126.919 Y135.252 E.00516
G1 X139.004 Y135.252 E.32867
G1 X138.847 Y134.674 E.01629
G1 X137.96 Y132.925 E.05333
G1 X112.04 Y132.925 E.70494
G3 X113.621 Y130.598 I7.963 J3.709 E.07684
G1 X136.379 Y130.598 E.61894
G1 X134.469 Y128.271 E.08188
G1 X115.531 Y128.271 E.51505
G2 X117.207 Y125.944 I-8.627 J-7.979 E.07819
G1 X132.793 Y125.944 E.42389
G3 X131.552 Y123.617 I10.984 J-7.353 E.07184
G1 X118.448 Y123.617 E.35639
G1 X118.669 Y123.116 E.01489
G1 X119.314 Y121.29 E.05267
G1 X130.685 Y121.29 E.30925
G1 X130.136 Y118.962 E.06505
G1 X119.864 Y118.962 E.27937
G2 X120.115 Y116.635 I-17.395 J-3.051 E.0637
G1 X129.885 Y116.635 E.26571
G1 X129.837 Y114.308 E.0633
G1 X120.163 Y114.308 E.2631
G1 X120.163 Y111.981 E.06329
G1 X129.837 Y111.981 E.2631
G1 X129.837 Y109.654 E.06329
G1 X120.163 Y109.654 E.2631
G1 X120.163 Y107.327 E.06329
G1 X129.837 Y107.327 E.2631
G1 X129.837 Y105.331 E.05428
G1 X120.163 Y105.331 E.2631
G1 X120.163 Y107.164 E.04985
G1 E-.64 F2100
;WIPE_START
G1 F9600
G1 X120.163 Y106.394 E-.16
;WIPE_END
G1 X120.345 Y102.783 Z2.463 F12000
G1 Z2.4 F720
G1 E.8 F1500
;TYPE:Support material interface
G1 F2100
G1 X120.163 Y102.783 E.00495
G1 X120.163 Y103.128 E.00938
G1 X120.508 Y102.783 E.01327
G1 X121.253 Y102.783 E.02026
G1 X120.163 Y103.873 E.04192
G1 X120.163 Y104.619 E.02029
G1 X121.999 Y102.783 E.07062
G1 X122.744 Y102.783 E.02026
G1 X120.523 Y105.004 E.08542
G1 X121.269 Y105.004 E.02029
G1 X123.49 Y102.783 E.08542
G1 X124.235 Y102.783 E.02026
G1 X122.014 Y105.004 E.08542
G1 X122.76 Y105.004 E.02029
G1 X124.981 Y102.783 E.08542
G1 X125.726 Y102.783 E.02026
G1 X123.505 Y105.004 E.08542
G1 X124.25 Y105.004 E.02026
G1 X126.471 Y102.783 E.08542
G1 X127.217 Y102.783 E.02029
G1 X124.996 Y105.004 E.08542
G1 X125.741 Y105.004 E.02026
G1 X127.962 Y102.783 E.08542
G1 X128.708 Y102.783 E.02029
G1 X126.487 Y105.004 E.08542
G1 X127.232 Y105.004 E.02026
G1 X129.453 Y102.783 E.08542
G1 X129.837 Y102.783 E.01044
G1 X129.837 Y103.145 E.00985
G1 X127.977 Y105.004 E.07152
G1 X128.723 Y105.004 E.02029
G1 X129.837 Y103.89 E.04285
G1 X129.837 Y104.636 E.02029
G1 X129.468 Y105.004 E.01417
G1 X129.837 Y105.004 E.01004
G1 X129.837 Y104.799 E.00558
G1 E-.64
;WIPE_START
G1 F9600
G1 X129.837 Y105.004 E-.0426
G1 X129.468 Y105.004 E-.07668
G1 X129.607 Y104.866 E-.04072
;WIPE_END
G1 X129.767 Y100.81 Z2.471 F12000
G1 Z2.4 F720
G1 E.8 F1500
M204 P700
;TYPE:External perimeter
;WIDTH:0.466005
G1 F900
G1 X129.767 Y100.873 E.00222
M204 P1000
;TYPE:Overhang perimeter
;WIDTH:0.466004
G1 X129.767 Y101.233 E.01266
;WIDTH:0.466005
G1 X120.233 Y101.233 E.3354
G1 X120.233 Y100.873 E.01266
M204 P700
;TYPE:External perimeter
G1 X120.233 Y100.81 E.00222
G1 X129.707 Y100.81 E.33329
M204 P1000
;LAYER_CHANGE
;Z:2.6
;HEIGHT:0.2
;BEFORE_LAYER_CHANGE
G92 E0.0
;2.6


G1 E-.64 F2100
M73 P46 R16
;WIPE_START
G1 F9600
G1 X129.767 Y100.81 E-.01247
G1 X129.767 Y100.873 E-.01309
;WIPE_END
G1 E-.13444 F2100
G1 X129.767 Y100.873 Z2.4 F12000
G1 X129.837 Y103.71 Z2.6 F10240.972
G1 X129.837 Y103.71 Z2.6 F12000
;AFTER_LAYER_CHANGE
;2.6
M486 S-1
M486 S0
G1 Z2.6 F720
G1 E.8 F1500
;TYPE:Support material interface
;WIDTH:0.37
G1 F2100
G1 X129.837 Y103.577 E.00362
G1 X129.54 Y103.577 E.00808
G1 X129.837 Y103.873 E.0114
M73 Q46 S16
G1 X129.837 Y104.619 E.02029
G1 X128.795 Y103.577 E.04008
G1 X128.049 Y103.577 E.02029
G1 X129.837 Y105.364 E.06875
G1 X129.837 Y105.798 E.0118
G1 X129.525 Y105.798 E.00849
G1 X127.304 Y103.577 E.08542
G1 X126.558 Y103.577 E.02029
G1 X128.779 Y105.798 E.08542
G1 X128.034 Y105.798 E.02026
G1 X125.813 Y103.577 E.08542
G1 X125.068 Y103.577 E.02026
G1 X127.289 Y105.798 E.08542
G1 X126.543 Y105.798 E.02029
G1 X124.322 Y103.577 E.08542
G1 X123.577 Y103.577 E.02026
G1 X125.798 Y105.798 E.08542
G1 X125.052 Y105.798 E.02029
G1 X122.831 Y103.577 E.08542
G1 X122.086 Y103.577 E.02026
G1 X124.307 Y105.798 E.08542
G1 X123.562 Y105.798 E.02026
G1 X121.341 Y103.577 E.08542
G1 X120.595 Y103.577 E.02029
G1 X122.816 Y105.798 E.08542
G1 X122.071 Y105.798 E.02026
G1 X120.163 Y103.89 E.07339
G1 X120.163 Y104.636 E.02029
G1 X121.325 Y105.798 E.04469
G1 X120.58 Y105.798 E.02026
G1 X120.163 Y105.381 E.01604
G1 X120.163 Y105.798 E.01134
G1 X120.416 Y105.798 E.00688
G1 X120.163 Y107.164 F12000
;TYPE:Support material
G1 F3000
G1 X120.163 Y106.125 E.02826
G1 X129.837 Y106.125 E.2631
G1 X129.837 Y107.327 E.03269
G1 X120.163 Y107.327 E.2631
G1 X120.163 Y109.654 E.06329
G1 X129.837 Y109.654 E.2631
G1 X129.837 Y111.981 E.06329
G1 X120.163 Y111.981 E.2631
G1 X120.163 Y114.308 E.06329
G1 X129.837 Y114.308 E.2631
G1 X129.885 Y116.635 E.0633
G1 X120.115 Y116.635 E.26571
G3 X119.864 Y118.962 I-17.646 J-.724 E.0637
G1 X130.136 Y118.962 E.27937
G1 X130.685 Y121.29 E.06505
G1 X119.314 Y121.29 E.30925
G1 X118.669 Y123.116 E.05267
G1 X118.448 Y123.617 E.01489
G1 X131.552 Y123.617 E.35639
G2 X132.793 Y125.944 I12.227 J-5.026 E.07184
G1 X117.207 Y125.944 E.42389
G3 X115.531 Y128.271 I-10.303 J-5.652 E.07819
G1 X134.469 Y128.271 E.51505
G1 X136.379 Y130.598 E.08188
G1 X113.621 Y130.598 E.61894
G2 X112.04 Y132.925 I6.382 J6.036 E.07684
G1 X137.96 Y132.925 E.70494
G1 X138.847 Y134.674 E.05333
G1 X139.004 Y135.252 E.01629
G1 X126.919 Y135.252 E.32867
G1 X126.75 Y135.166 E.00516
G2 X123.25 Y135.166 I-1.75 J5.092 E.09695
G1 X123.081 Y135.252 E.00516
G1 X110.996 Y135.252 E.32867
G1 X110.364 Y137.579 E.06558
G1 X120.508 Y137.579 E.27588
G1 X120.166 Y138.25 E.02048
G2 X119.861 Y139.906 I7.597 J2.251 E.04588
G1 X110.219 Y139.906 E.26223
G2 X110.411 Y142.233 I7.914 J.521 E.06373
G1 X120.412 Y142.233 E.272
G1 X120.743 Y142.883 E.01984
G2 X122.21 Y144.304 I4.621 J-3.301 E.05585
G1 E-.64 F2100
;WIPE_START
G1 F9600
G3 X121.601 Y143.834 I3.154 J-4.723 E-.16
;WIPE_END
G1 X127.422 Y135.508 Z2.777 F12000
G1 Z2.6 F720
G1 E.8 F1500
G1 F3000
G3 X128.158 Y135.943 I-1.352 J3.13 E.02331
G3 X129.257 Y137.117 I-5.74 J6.474 E.0438
G1 X129.492 Y137.579 E.0141
G1 X139.639 Y137.59 E.27597
G1 X139.781 Y139.906 E.06311
G1 X130.139 Y139.906 E.26223
G3 X129.834 Y141.75 I-6.874 J-.187 E.05099
G1 X129.588 Y142.233 E.01474
G1 X139.589 Y142.233 E.272
G3 X139.045 Y144.56 I-7.23 J-.464 E.06529
G1 X127.288 Y144.56 E.31975
G3 X126.426 Y144.94 I-1.973 J-3.313 E.02568
G3 X123.25 Y144.834 I-1.415 J-5.259 E.0877
G1 X122.712 Y144.56 E.01642
G1 X110.955 Y144.56 E.31975
G1 X111.634 Y146.437 E.05429
G1 X111.91 Y146.887 E.01436
G1 X138.09 Y146.887 E.71201
G1 X136.785 Y149.011 E.0678
G1 X136.594 Y149.215 E.0076
G1 X113.406 Y149.215 E.63064
G1 X115.285 Y151.212 E.07457
G1 X115.754 Y151.542 E.0156
G1 X134.246 Y151.542 E.50292
G1 X132.242 Y152.948 E.06658
G1 X130.112 Y153.869 E.06311
G1 X119.888 Y153.869 E.27806
G1 X120.531 Y154.147 F12000
G1 F3000
G1 X123.489 Y154.759 E.08215
G1 X126.511 Y154.759 E.08219
G1 X129.469 Y154.147 E.08215
G1 X129.734 Y154.032 E.00786
G1 E-.64 F2100
;WIPE_START
G1 F9600
G1 X129.469 Y154.147 E-.06003
G1 X128.998 Y154.244 E-.09997
;WIPE_END
G1 X129.459 Y123.364 Z3.139 F12000
G1 X129.493 Y121.037 Z3.173
G1 X129.563 Y116.383 Z3.2
G1 X129.783 Y101.651
G1 Z2.6 F720
G1 E.8 F1500
M204 P700
;TYPE:External perimeter
;WIDTH:0.434588
G1 F900
G1 X129.783 Y101.666 E.00049
M204 P1000
;TYPE:Overhang perimeter
;WIDTH:0.434587
G1 X129.783 Y102.042 E.01225
;WIDTH:0.434588
G1 X120.217 Y102.042 E.31154
G1 X120.217 Y101.666 E.01225
M204 P700
;TYPE:External perimeter
G1 X120.217 Y101.651 E.00049
G1 X129.723 Y101.651 E.30959
M204 P1000
G1 E-.64 F2100
;WIPE_START
G1 F9600
G1 X129.783 Y101.651 E-.01247
G1 X129.783 Y101.666 E-.00312
;WIPE_END
G1 E-.14441 F2100
M486 S-1
M486 S1
G1 X129.837 Y103.71 Z2.636 F12000
G1 Z2.6 F720
G1 E.8 F1500
;TYPE:Support material interface
;WIDTH:0.37
G1 F2100
G1 X129.837 Y103.577 E.00362
G1 X129.54 Y103.577 E.00808
G1 X129.837 Y103.873 E.0114
G1 X129.837 Y104.619 E.02029
G1 X128.795 Y103.577 E.04008
G1 X128.049 Y103.577 E.02029
G1 X129.837 Y105.364 E.06875
G1 X129.837 Y105.798 E.0118
G1 X129.525 Y105.798 E.00849
G1 X127.304 Y103.577 E.08542
G1 X126.558 Y103.577 E.02029
G1 X128.779 Y105.798 E.08542
G1 X128.034 Y105.798 E.02026
G1 X125.813 Y103.577 E.08542
G1 X125.068 Y103.577 E.02026
G1 X127.289 Y105.798 E.08542
G1 X126.543 Y105.798 E.02029
G1 X124.322 Y103.577 E.08542
G1 X123.577 Y103.577 E.02026
G1 X125.798 Y105.798 E.08542
G1 X125.052 Y105.798 E.02029
G1 X122.831 Y103.577 E.08542
G1 X122.086 Y103.577 E.02026
G1 X124.307 Y105.798 E.08542
G1 X123.562 Y105.798 E.02026
G1 X121.341 Y103.577 E.08542
G1 X120.595 Y103.577 E.02029
G1 X122.816 Y105.798 E.08542
G1 X122.071 Y105.798 E.02026
G1 X120.163 Y103.89 E.07339
G1 X120.163 Y104.636 E.02029
G1 X121.325 Y105.798 E.04469
G1 X120.58 Y105.798 E.02026
G1 X120.163 Y105.381 E.01604
G1 X120.163 Y105.798 E.01134
G1 X120.416 Y105.798 E.00688
G1 X120.163 Y107.164 F12000
;TYPE:Support material
G1 F3000
G1 X120.163 Y106.125 E.02826
G1 X129.837 Y106.125 E.2631
G1 X129.837 Y107.327 E.03269
G1 X120.163 Y107.327 E.2631
G1 X120.163 Y109.654 E.06329
G1 X129.837 Y109.654 E.2631
G1 X129.837 Y111.981 E.06329
M73 P47 R16
M73 Q47 S16
G1 X120.163 Y111.981 E.2631
G1 X120.163 Y114.308 E.06329
G1 X129.837 Y114.308 E.2631
G1 X129.885 Y116.635 E.0633
G1 X120.115 Y116.635 E.26571
G3 X119.864 Y118.962 I-17.646 J-.724 E.0637
G1 X130.136 Y118.962 E.27937
G1 X130.685 Y121.29 E.06505
G1 X119.314 Y121.29 E.30925
G1 X118.669 Y123.116 E.05267
G1 X118.448 Y123.617 E.01489
G1 X131.552 Y123.617 E.35639
G2 X132.793 Y125.944 I12.227 J-5.026 E.07184
G1 X117.207 Y125.944 E.42389
G3 X115.531 Y128.271 I-10.303 J-5.652 E.07819
G1 X134.469 Y128.271 E.51505
G1 X136.379 Y130.598 E.08188
G1 X113.621 Y130.598 E.61894
G2 X112.04 Y132.925 I6.382 J6.036 E.07684
G1 X137.96 Y132.925 E.70494
G1 X138.847 Y134.674 E.05333
G1 X139.004 Y135.252 E.01629
G1 X126.919 Y135.252 E.32867
G1 X126.75 Y135.166 E.00516
G2 X123.25 Y135.166 I-1.75 J5.092 E.09695
G1 X123.081 Y135.252 E.00516
G1 X110.996 Y135.252 E.32867
G1 X110.364 Y137.579 E.06558
G1 X120.508 Y137.579 E.27588
G1 X120.166 Y138.25 E.02048
G2 X119.861 Y139.906 I7.597 J2.251 E.04588
G1 X110.219 Y139.906 E.26223
G2 X110.411 Y142.233 I7.914 J.521 E.06373
G1 X120.412 Y142.233 E.272
G1 X120.743 Y142.883 E.01984
G2 X122.21 Y144.304 I4.621 J-3.301 E.05585
G1 E-.64 F2100
;WIPE_START
G1 F9600
G3 X121.601 Y143.834 I3.154 J-4.723 E-.16
;WIPE_END
G1 X127.422 Y135.508 Z2.777 F12000
G1 Z2.6 F720
G1 E.8 F1500
G1 F3000
G3 X128.158 Y135.943 I-1.352 J3.13 E.02331
G3 X129.257 Y137.117 I-5.74 J6.474 E.0438
G1 X129.492 Y137.579 E.0141
G1 X139.639 Y137.59 E.27597
G1 X139.781 Y139.906 E.06311
G1 X130.139 Y139.906 E.26223
G3 X129.834 Y141.75 I-6.874 J-.187 E.05099
G1 X129.588 Y142.233 E.01474
G1 X139.589 Y142.233 E.272
G3 X139.045 Y144.56 I-7.23 J-.464 E.06529
G1 X127.288 Y144.56 E.31975
G3 X126.426 Y144.94 I-1.973 J-3.313 E.02568
G3 X123.25 Y144.834 I-1.415 J-5.259 E.0877
G1 X122.712 Y144.56 E.01642
G1 X110.955 Y144.56 E.31975
G1 X111.634 Y146.437 E.05429
G1 X111.91 Y146.887 E.01436
G1 X138.09 Y146.887 E.71201
G1 X136.785 Y149.011 E.0678
G1 X136.594 Y149.215 E.0076
G1 X113.406 Y149.215 E.63064
G1 X115.285 Y151.212 E.07457
G1 X115.754 Y151.542 E.0156
G1 X134.246 Y151.542 E.50292
G1 X132.242 Y152.948 E.06658
G1 X130.112 Y153.869 E.06311
G1 X119.888 Y153.869 E.27806
G1 X120.531 Y154.147 F12000
G1 F3000
G1 X123.489 Y154.759 E.08215
G1 X126.511 Y154.759 E.08219
G1 X129.469 Y154.147 E.08215
G1 X129.734 Y154.032 E.00786
G1 E-.64 F2100
;WIPE_START
G1 F9600
G1 X129.469 Y154.147 E-.06003
G1 X128.998 Y154.244 E-.09997
;WIPE_END
G1 X129.459 Y123.364 Z3.139 F12000
G1 X129.493 Y121.037 Z3.173
G1 X129.563 Y116.383 Z3.2
G1 X129.783 Y101.651
G1 Z2.6 F720
G1 E.8 F1500
M204 P700
;TYPE:External perimeter
;WIDTH:0.434588
G1 F900
G1 X129.783 Y101.666 E.00049
M204 P1000
;TYPE:Overhang perimeter
;WIDTH:0.434587
G1 X129.783 Y102.042 E.01225
;WIDTH:0.434588
G1 X120.217 Y102.042 E.31154
G1 X120.217 Y101.666 E.01225
M204 P700
;TYPE:External perimeter
G1 X120.217 Y101.651 E.00049
G1 X129.723 Y101.651 E.30959
M204 P1000
;LAYER_CHANGE
;Z:2.8
;HEIGHT:0.2
;BEFORE_LAYER_CHANGE
G92 E0.0
;2.8


G1 E-.64 F2100
;WIPE_START
G1 F9600
G1 X129.783 Y101.651 E-.01247
G1 X129.783 Y101.666 E-.00312
;WIPE_END
G1 E-.14441 F2100
G1 X129.783 Y101.666 Z2.6 F12000
G1 X124.421 Y132.08 Z3.139
G1 X124.017 Y134.372 Z3.173
G1 X123.209 Y138.956 Z3.2
G1 X120.531 Y154.147 Z3.2
;AFTER_LAYER_CHANGE
;2.8
M486 S-1
M486 S0
G1 Z2.8 F720
G1 E.8 F1500
;TYPE:Support material
;WIDTH:0.37
G1 F3000
G1 X123.489 Y154.759 E.08215
G1 X126.511 Y154.759 E.08219
G1 X129.469 Y154.147 E.08215
G1 X129.734 Y154.032 E.00786
G1 X130.112 Y153.869 F12000
G1 F3000
G1 X119.888 Y153.869 E.27806
G1 X117.758 Y152.948 E.06311
G1 X115.754 Y151.542 E.06658
G1 X134.246 Y151.542 E.50292
G1 X134.715 Y151.212 E.0156
M73 P47 R15
G1 X136.594 Y149.215 E.07457
G1 X113.406 Y149.215 E.63064
G1 X113.215 Y149.011 E.0076
G1 X111.91 Y146.887 E.0678
G1 X138.09 Y146.887 E.71201
G1 X138.366 Y146.437 E.01436
G1 X139.045 Y144.56 E.05429
G1 X127.288 Y144.56 E.31975
G3 X126.426 Y144.94 I-1.973 J-3.313 E.02568
G3 X123.25 Y144.834 I-1.415 J-5.259 E.0877
G1 X122.712 Y144.56 E.01642
G1 X110.955 Y144.56 E.31975
G3 X110.434 Y142.395 I6.15 J-2.625 E.06085
G1 X110.953 Y135.41 F12000
G1 F3000
G1 X110.364 Y137.579 E.06113
G1 X120.508 Y137.579 E.27588
G1 X120.166 Y138.25 E.02048
G2 X119.861 Y139.906 I7.597 J2.251 E.04588
G1 X110.219 Y139.906 E.26223
G2 X110.411 Y142.233 I7.914 J.521 E.06373
G1 X120.412 Y142.233 E.272
G1 X120.743 Y142.883 E.01984
G2 X122.21 Y144.304 I4.621 J-3.301 E.05585
G1 E-.64 F2100
;WIPE_START
G1 F9600
G3 X121.601 Y143.834 I3.154 J-4.723 E-.16
;WIPE_END
G1 X127.791 Y144.304 Z2.908 F12000
G1 Z2.8 F720
G1 E.8 F1500
G1 F3000
G1 X127.883 Y144.257 E.00281
G2 X129.057 Y143.158 I-5.3 J-6.84 E.0438
G2 X129.588 Y142.233 I-3.669 J-2.721 E.02907
G1 X139.589 Y142.233 E.272
G2 X139.781 Y139.906 I-7.722 J-1.806 E.06373
G1 X130.139 Y139.906 E.26223
G1 X129.94 Y138.574 E.03663
G2 X129.492 Y137.579 I-4.497 J1.423 E.02974
G1 X139.636 Y137.579 E.27588
G1 X139.004 Y135.252 E.06558
M73 Q47 S15
G1 X126.919 Y135.252 E.32867
G1 X126.75 Y135.166 E.00516
M73 P48 R15
M73 Q48 S15
G2 X123.25 Y135.166 I-1.75 J5.092 E.09695
G1 X123.081 Y135.252 E.00516
G1 X110.996 Y135.252 E.32867
G1 X111.153 Y134.674 E.01629
G1 X112.04 Y132.925 E.05333
G1 X137.96 Y132.925 E.70494
G2 X136.379 Y130.598 I-7.963 J3.709 E.07684
G1 X113.621 Y130.598 E.61894
G1 X115.531 Y128.271 E.08188
G1 X134.469 Y128.271 E.51505
G3 X132.793 Y125.944 I8.627 J-7.979 E.07819
G1 X117.207 Y125.944 E.42389
G2 X118.448 Y123.617 I-10.968 J-7.343 E.07184
G1 X131.552 Y123.617 E.35639
G3 X130.685 Y121.29 I25.653 J-10.879 E.06756
G1 X119.314 Y121.29 E.30925
G1 X119.864 Y118.962 E.06506
G1 X130.136 Y118.962 E.27937
G3 X129.885 Y116.635 I20.417 J-3.376 E.06369
G1 X120.115 Y116.635 E.26571
G1 X120.163 Y114.308 E.0633
G1 X129.837 Y114.308 E.2631
G1 X129.837 Y111.981 E.06329
G1 X120.163 Y111.981 E.2631
G1 X120.163 Y109.654 E.06329
G1 X129.837 Y109.654 E.2631
G1 X129.837 Y107.327 E.06329
G1 X120.163 Y107.327 E.2631
G1 X120.163 Y106.918 E.01112
G1 X129.837 Y106.918 E.2631
G1 X129.837 Y107.164 E.00669
G1 X129.837 Y106.29 F12000
;TYPE:Support material interface
G1 F2100
G1 X129.837 Y106.591 E.00819
G1 X129.372 Y106.591 E.01265
G1 X129.837 Y106.127 E.01787
G1 X129.837 Y105.381 E.02029
G1 X128.627 Y106.591 E.04654
G1 X127.881 Y106.591 E.02029
G1 X129.837 Y104.636 E.07521
G1 X129.837 Y104.37 E.00723
G1 X129.357 Y104.37 E.01305
G1 X127.136 Y106.591 E.08542
G1 X126.39 Y106.591 E.02029
G1 X128.611 Y104.37 E.08542
G1 X127.866 Y104.37 E.02026
G1 X125.645 Y106.591 E.08542
G1 X124.899 Y106.591 E.02029
G1 X127.12 Y104.37 E.08542
G1 X126.375 Y104.37 E.02026
G1 X124.154 Y106.591 E.08542
G1 X123.409 Y106.591 E.02026
G1 X125.63 Y104.37 E.08542
G1 X124.884 Y104.37 E.02029
G1 X122.663 Y106.591 E.08542
G1 X121.918 Y106.591 E.02026
G1 X124.139 Y104.37 E.08542
G1 X123.393 Y104.37 E.02029
G1 X121.172 Y106.591 E.08542
G1 X120.427 Y106.591 E.02026
G1 X122.648 Y104.37 E.08542
G1 X121.903 Y104.37 E.02026
G1 X120.163 Y106.11 E.06692
G1 X120.163 Y105.364 E.02029
G1 X121.157 Y104.37 E.03823
G1 X120.412 Y104.37 E.02026
G1 X120.163 Y104.619 E.00958
G1 X120.163 Y104.37 E.00677
G1 X120.248 Y104.37 E.00231
G1 E-.64
;WIPE_START
G1 F9600
G1 X120.163 Y104.37 E-.01766
G1 X120.163 Y104.619 E-.05175
G1 X120.412 Y104.37 E-.07318
G1 X120.496 Y104.37 E-.01741
;WIPE_END
G1 X129.798 Y102.492 Z2.966 F12000
G1 Z2.8 F720
G1 E.8 F1500
;TYPE:Overhang perimeter
;WIDTH:0.403171
G1 F900
G1 X129.798 Y102.852 E.01078
G1 X120.202 Y102.852 E.28745
G1 X120.202 Y102.492 E.01078
G1 X129.738 Y102.492 E.28565
G1 E-.64 F2100
;WIPE_START
G1 F9600
G1 X129.798 Y102.492 E-.01247
G1 X129.798 Y102.852 E-.07481
;WIPE_END
G1 E-.07272 F2100
G1 X124.307 Y133.243 Z3.339 F12000
G1 X123.894 Y135.533 Z3.373
G1 X123.066 Y140.114 Z3.4
M486 S-1
M486 S1
G1 X120.531 Y154.147
G1 Z2.8 F720
G1 E.8 F1500
;TYPE:Support material
;WIDTH:0.37
G1 F3000
G1 X123.489 Y154.759 E.08215
G1 X126.511 Y154.759 E.08219
G1 X129.469 Y154.147 E.08215
G1 X129.734 Y154.032 E.00786
G1 X130.112 Y153.869 F12000
G1 F3000
G1 X119.888 Y153.869 E.27806
G1 X117.758 Y152.948 E.06311
G1 X115.754 Y151.542 E.06658
G1 X134.246 Y151.542 E.50292
G1 X134.715 Y151.212 E.0156
G1 X136.594 Y149.215 E.07457
G1 X113.406 Y149.215 E.63064
G1 X113.215 Y149.011 E.0076
G1 X111.91 Y146.887 E.0678
G1 X138.09 Y146.887 E.71201
G1 X138.366 Y146.437 E.01436
G1 X139.045 Y144.56 E.05429
G1 X127.288 Y144.56 E.31975
G3 X126.426 Y144.94 I-1.973 J-3.313 E.02568
G3 X123.25 Y144.834 I-1.415 J-5.259 E.0877
G1 X122.712 Y144.56 E.01642
G1 X110.955 Y144.56 E.31975
G3 X110.434 Y142.395 I6.15 J-2.625 E.06085
G1 X110.953 Y135.41 F12000
G1 F3000
G1 X110.364 Y137.579 E.06113
G1 X120.508 Y137.579 E.27588
G1 X120.166 Y138.25 E.02048
G2 X119.861 Y139.906 I7.597 J2.251 E.04588
G1 X110.219 Y139.906 E.26223
G2 X110.411 Y142.233 I7.914 J.521 E.06373
G1 X120.412 Y142.233 E.272
G1 X120.743 Y142.883 E.01984
G2 X122.21 Y144.304 I4.621 J-3.301 E.05585
G1 E-.64 F2100
;WIPE_START
G1 F9600
G3 X121.601 Y143.834 I3.154 J-4.723 E-.16
;WIPE_END
G1 X127.791 Y144.304 Z2.908 F12000
G1 Z2.8 F720
G1 E.8 F1500
G1 F3000
G1 X127.883 Y144.257 E.00281
G2 X129.057 Y143.158 I-5.3 J-6.84 E.0438
G2 X129.588 Y142.233 I-3.669 J-2.721 E.02907
G1 X139.589 Y142.233 E.272
G2 X139.781 Y139.906 I-7.722 J-1.806 E.06373
G1 X130.139 Y139.906 E.26223
G1 X129.94 Y138.574 E.03663
G2 X129.492 Y137.579 I-4.497 J1.423 E.02974
G1 X139.636 Y137.579 E.27588
G1 X139.004 Y135.252 E.06558
G1 X126.919 Y135.252 E.32867
G1 X126.75 Y135.166 E.00516
G2 X123.25 Y135.166 I-1.75 J5.092 E.09695
G1 X123.081 Y135.252 E.00516
G1 X110.996 Y135.252 E.32867
G1 X111.153 Y134.674 E.01629
G1 X112.04 Y132.925 E.05333
G1 X137.96 Y132.925 E.70494
G2 X136.379 Y130.598 I-7.963 J3.709 E.07684
G1 X113.621 Y130.598 E.61894
G1 X115.531 Y128.271 E.08188
G1 X134.469 Y128.271 E.51505
G3 X132.793 Y125.944 I8.627 J-7.979 E.07819
G1 X117.207 Y125.944 E.42389
G2 X118.448 Y123.617 I-10.968 J-7.343 E.07184
G1 X131.552 Y123.617 E.35639
M73 Q49 S15
G3 X130.685 Y121.29 I25.653 J-10.879 E.06756
M73 P49 R15
G1 X119.314 Y121.29 E.30925
G1 X119.864 Y118.962 E.06506
G1 X130.136 Y118.962 E.27937
G3 X129.885 Y116.635 I20.417 J-3.376 E.06369
G1 X120.115 Y116.635 E.26571
G1 X120.163 Y114.308 E.0633
G1 X129.837 Y114.308 E.2631
G1 X129.837 Y111.981 E.06329
G1 X120.163 Y111.981 E.2631
G1 X120.163 Y109.654 E.06329
G1 X129.837 Y109.654 E.2631
G1 X129.837 Y107.327 E.06329
G1 X120.163 Y107.327 E.2631
G1 X120.163 Y106.918 E.01112
G1 X129.837 Y106.918 E.2631
G1 X129.837 Y107.164 E.00669
G1 X129.837 Y106.29 F12000
;TYPE:Support material interface
G1 F2100
G1 X129.837 Y106.591 E.00819
G1 X129.372 Y106.591 E.01265
G1 X129.837 Y106.127 E.01787
G1 X129.837 Y105.381 E.02029
G1 X128.627 Y106.591 E.04654
G1 X127.881 Y106.591 E.02029
G1 X129.837 Y104.636 E.07521
G1 X129.837 Y104.37 E.00723
G1 X129.357 Y104.37 E.01305
G1 X127.136 Y106.591 E.08542
G1 X126.39 Y106.591 E.02029
G1 X128.611 Y104.37 E.08542
G1 X127.866 Y104.37 E.02026
G1 X125.645 Y106.591 E.08542
G1 X124.899 Y106.591 E.02029
G1 X127.12 Y104.37 E.08542
G1 X126.375 Y104.37 E.02026
G1 X124.154 Y106.591 E.08542
G1 X123.409 Y106.591 E.02026
G1 X125.63 Y104.37 E.08542
G1 X124.884 Y104.37 E.02029
G1 X122.663 Y106.591 E.08542
G1 X121.918 Y106.591 E.02026
G1 X124.139 Y104.37 E.08542
G1 X123.393 Y104.37 E.02029
G1 X121.172 Y106.591 E.08542
G1 X120.427 Y106.591 E.02026
G1 X122.648 Y104.37 E.08542
G1 X121.903 Y104.37 E.02026
G1 X120.163 Y106.11 E.06692
G1 X120.163 Y105.364 E.02029
G1 X121.157 Y104.37 E.03823
G1 X120.412 Y104.37 E.02026
G1 X120.163 Y104.619 E.00958
G1 X120.163 Y104.37 E.00677
G1 X120.248 Y104.37 E.00231
G1 E-.64
;WIPE_START
G1 F9600
G1 X120.163 Y104.37 E-.01766
G1 X120.163 Y104.619 E-.05175
G1 X120.412 Y104.37 E-.07318
G1 X120.496 Y104.37 E-.01741
;WIPE_END
G1 X129.798 Y102.492 Z2.966 F12000
G1 Z2.8 F720
G1 E.8 F1500
;TYPE:Overhang perimeter
;WIDTH:0.403171
G1 F900
G1 X129.798 Y102.852 E.01078
G1 X120.202 Y102.852 E.28745
G1 X120.202 Y102.492 E.01078
G1 X129.738 Y102.492 E.28565
;LAYER_CHANGE
;Z:3
;HEIGHT:0.2
;BEFORE_LAYER_CHANGE
G92 E0.0
;3


G1 E-.64 F2100
;WIPE_START
G1 F9600
G1 X129.798 Y102.492 E-.01247
G1 X129.798 Y102.852 E-.07481
;WIPE_END
G1 E-.07272 F2100
G1 X129.798 Y102.852 Z2.8 F12000
G1 X124.307 Y133.243 Z3.339
G1 X123.894 Y135.533 Z3.373
G1 X123.066 Y140.114 Z3.4
G1 X120.531 Y154.147 Z3.4
;AFTER_LAYER_CHANGE
;3
M486 S-1
M486 S0
G1 Z3 F720
G1 E.8 F1500
;TYPE:Support material
;WIDTH:0.37
G1 F3000
G1 X123.489 Y154.759 E.08215
G1 X126.511 Y154.759 E.08219
G1 X129.469 Y154.147 E.08215
G1 X129.734 Y154.032 E.00786
G1 X130.112 Y153.869 F12000
G1 F3000
G1 X119.888 Y153.869 E.27806
G1 X117.758 Y152.948 E.06311
G1 X115.754 Y151.542 E.06658
G1 X134.246 Y151.542 E.50292
G1 X134.715 Y151.212 E.0156
G1 X136.594 Y149.215 E.07457
G1 X113.406 Y149.215 E.63064
G1 X113.215 Y149.011 E.0076
G1 X111.91 Y146.887 E.0678
G1 X138.09 Y146.887 E.71201
G1 X138.366 Y146.437 E.01436
G1 X139.045 Y144.56 E.05429
G1 X127.288 Y144.56 E.31975
G3 X126.426 Y144.94 I-1.973 J-3.313 E.02568
G3 X123.25 Y144.834 I-1.415 J-5.259 E.0877
G1 X122.712 Y144.56 E.01642
G1 X110.955 Y144.56 E.31975
G3 X110.434 Y142.395 I6.15 J-2.625 E.06085
G1 X110.953 Y135.41 F12000
G1 F3000
G1 X110.364 Y137.579 E.06113
G1 X120.508 Y137.579 E.27588
G1 X120.166 Y138.25 E.02048
G2 X119.861 Y139.906 I7.597 J2.251 E.04588
G1 X110.219 Y139.906 E.26223
G2 X110.411 Y142.233 I7.914 J.521 E.06373
G1 X120.412 Y142.233 E.272
G1 X120.743 Y142.883 E.01984
G2 X122.21 Y144.304 I4.621 J-3.301 E.05585
G1 E-.64 F2100
;WIPE_START
G1 F9600
G3 X121.601 Y143.834 I3.154 J-4.723 E-.16
;WIPE_END
G1 X127.791 Y144.304 Z3.108 F12000
G1 Z3 F720
G1 E.8 F1500
G1 F3000
G1 X127.883 Y144.257 E.00281
G2 X129.057 Y143.158 I-5.3 J-6.84 E.0438
G2 X129.588 Y142.233 I-3.669 J-2.721 E.02907
G1 X139.589 Y142.233 E.272
G2 X139.781 Y139.906 I-7.722 J-1.806 E.06373
G1 X130.139 Y139.906 E.26223
G1 X129.94 Y138.574 E.03663
G2 X129.492 Y137.579 I-4.497 J1.423 E.02974
G1 X139.636 Y137.579 E.27588
G1 X139.004 Y135.252 E.06558
G1 X126.919 Y135.252 E.32867
G1 X126.75 Y135.166 E.00516
G2 X123.25 Y135.166 I-1.75 J5.092 E.09695
G1 X123.081 Y135.252 E.00516
G1 X110.996 Y135.252 E.32867
G1 X111.153 Y134.674 E.01629
G1 X112.04 Y132.925 E.05333
G1 X137.96 Y132.925 E.70494
G2 X136.379 Y130.598 I-7.963 J3.709 E.07684
G1 X113.621 Y130.598 E.61894
G1 X115.531 Y128.271 E.08188
G1 X134.469 Y128.271 E.51505
G3 X132.793 Y125.944 I8.627 J-7.979 E.07819
G1 X117.207 Y125.944 E.42389
G2 X118.448 Y123.617 I-10.969 J-7.343 E.07184
G1 X131.552 Y123.617 E.35639
G3 X130.685 Y121.29 I25.663 J-10.883 E.06756
G1 X119.314 Y121.29 E.30925
G1 X119.864 Y118.962 E.06506
G1 X130.136 Y118.962 E.27937
G3 X129.885 Y116.635 I20.418 J-3.377 E.06369
G1 X120.115 Y116.635 E.26571
G1 X120.163 Y114.308 E.0633
G1 X129.836 Y114.308 E.26307
G1 X129.835 Y111.981 E.06329
G1 X120.163 Y111.981 E.26305
G1 X120.163 Y109.654 E.06329
G1 X129.834 Y109.654 E.26302
G1 X129.833 Y107.712 E.05282
G1 X120.163 Y107.712 E.26299
G1 X120.163 Y109.491 E.04838
G1 E-.64 F2100
;WIPE_START
G1 F9600
G1 X120.163 Y108.721 E-.16
;WIPE_END
G1 X120.513 Y107.385 Z3.024 F12000
G1 Z3 F720
G1 E.8 F1500
;TYPE:Support material interface
G1 F2100
G1 X120.163 Y107.385 E.00952
G1 X120.163 Y106.872 E.01395
G1 X120.676 Y107.385 E.01973
G1 X121.422 Y107.385 E.02029
M73 Q50 S15
G1 X120.163 Y106.127 E.0484
G1 X120.163 Y105.381 E.02029
M73 P50 R15
G1 X122.167 Y107.385 E.07708
G1 X122.912 Y107.385 E.02026
G1 X120.692 Y105.164 E.08541
G1 X121.437 Y105.164 E.02026
G1 X123.658 Y107.385 E.08542
G1 X124.403 Y107.385 E.02026
G1 X122.182 Y105.164 E.08542
G1 X122.928 Y105.164 E.02029
G1 X125.149 Y107.385 E.08542
G1 X125.894 Y107.385 E.02026
G1 X123.673 Y105.164 E.08542
G1 X124.419 Y105.164 E.02029
G1 X126.64 Y107.385 E.08542
G1 X127.385 Y107.385 E.02026
G1 X125.164 Y105.164 E.08542
G1 X125.909 Y105.164 E.02026
G1 X128.13 Y107.385 E.08542
G1 X128.876 Y107.385 E.02029
G1 X126.655 Y105.164 E.08542
G1 X127.4 Y105.164 E.02026
G1 X129.621 Y107.385 E.08542
G1 X129.832 Y107.385 E.00574
G1 X129.832 Y106.851 E.01452
G1 X128.146 Y105.164 E.06487
G1 X128.891 Y105.164 E.02026
G1 X129.832 Y106.105 E.03619
G1 X129.831 Y105.359 E.02029
G1 X129.636 Y105.164 E.0075
G1 E-.64
;WIPE_START
G1 F9600
G1 X129.831 Y105.359 E-.05731
G1 X129.832 Y105.853 E-.10269
;WIPE_END
G1 X129.814 Y103.332 Z3.044 F12000
G1 Z3 F720
G1 E.8 F1500
;TYPE:Overhang perimeter
;WIDTH:0.371754
G1 F900
G1 X129.814 Y103.661 E.009
G1 X120.186 Y103.661 E.26326
G1 X120.186 Y103.332 E.009
G1 X129.754 Y103.332 E.26161
G1 E-.64 F2100
;WIPE_START
G1 F9600
G1 X129.814 Y103.332 E-.01247
G1 X129.814 Y103.661 E-.06837
;WIPE_END
G1 E-.07916 F2100
G1 X124.229 Y134.035 Z3.539 F12000
G1 X123.808 Y136.324 Z3.573
G1 X122.966 Y140.902 Z3.6
M486 S-1
M486 S1
G1 X120.531 Y154.147
G1 Z3 F720
G1 E.8 F1500
;TYPE:Support material
;WIDTH:0.37
G1 F3000
G1 X123.489 Y154.759 E.08215
G1 X126.511 Y154.759 E.08219
G1 X129.469 Y154.147 E.08215
G1 X129.734 Y154.032 E.00786
G1 X130.112 Y153.869 F12000
G1 F3000
G1 X119.888 Y153.869 E.27806
G1 X117.758 Y152.948 E.06311
G1 X115.754 Y151.542 E.06658
G1 X134.246 Y151.542 E.50292
G1 X134.715 Y151.212 E.0156
G1 X136.594 Y149.215 E.07457
G1 X113.406 Y149.215 E.63064
G1 X113.215 Y149.011 E.0076
G1 X111.91 Y146.887 E.0678
G1 X138.09 Y146.887 E.71201
G1 X138.366 Y146.437 E.01436
G1 X139.045 Y144.56 E.05429
G1 X127.288 Y144.56 E.31975
G3 X126.426 Y144.94 I-1.973 J-3.313 E.02568
G3 X123.25 Y144.834 I-1.415 J-5.259 E.0877
G1 X122.712 Y144.56 E.01642
G1 X110.955 Y144.56 E.31975
G3 X110.434 Y142.395 I6.15 J-2.625 E.06085
G1 X110.953 Y135.41 F12000
G1 F3000
G1 X110.364 Y137.579 E.06113
G1 X120.508 Y137.579 E.27588
G1 X120.166 Y138.25 E.02048
G2 X119.861 Y139.906 I7.597 J2.251 E.04588
G1 X110.219 Y139.906 E.26223
G2 X110.411 Y142.233 I7.914 J.521 E.06373
G1 X120.412 Y142.233 E.272
G1 X120.743 Y142.883 E.01984
G2 X122.21 Y144.304 I4.621 J-3.301 E.05585
G1 E-.64 F2100
;WIPE_START
G1 F9600
G3 X121.601 Y143.834 I3.154 J-4.723 E-.16
;WIPE_END
G1 X127.791 Y144.304 Z3.108 F12000
G1 Z3 F720
G1 E.8 F1500
G1 F3000
G1 X127.883 Y144.257 E.00281
G2 X129.057 Y143.158 I-5.3 J-6.84 E.0438
G2 X129.588 Y142.233 I-3.669 J-2.721 E.02907
G1 X139.589 Y142.233 E.272
G2 X139.781 Y139.906 I-7.722 J-1.806 E.06373
G1 X130.139 Y139.906 E.26223
G1 X129.94 Y138.574 E.03663
G2 X129.492 Y137.579 I-4.497 J1.423 E.02974
G1 X139.636 Y137.579 E.27588
G1 X139.004 Y135.252 E.06558
G1 X126.919 Y135.252 E.32867
G1 X126.75 Y135.166 E.00516
G2 X123.25 Y135.166 I-1.75 J5.092 E.09695
G1 X123.081 Y135.252 E.00516
G1 X110.996 Y135.252 E.32867
G1 X111.153 Y134.674 E.01629
G1 X112.04 Y132.925 E.05333
G1 X137.96 Y132.925 E.70494
G2 X136.379 Y130.598 I-7.963 J3.709 E.07684
G1 X113.621 Y130.598 E.61894
G1 X115.531 Y128.271 E.08188
G1 X134.469 Y128.271 E.51505
G3 X132.793 Y125.944 I8.627 J-7.979 E.07819
G1 X117.207 Y125.944 E.42389
G2 X118.448 Y123.617 I-10.969 J-7.343 E.07184
G1 X131.552 Y123.617 E.35639
G3 X130.685 Y121.29 I25.663 J-10.883 E.06756
G1 X119.314 Y121.29 E.30925
G1 X119.864 Y118.962 E.06506
G1 X130.136 Y118.962 E.27937
G3 X129.885 Y116.635 I20.418 J-3.377 E.06369
G1 X120.115 Y116.635 E.26571
G1 X120.163 Y114.308 E.0633
G1 X129.836 Y114.308 E.26307
G1 X129.835 Y111.981 E.06329
G1 X120.163 Y111.981 E.26305
G1 X120.163 Y109.654 E.06329
G1 X129.834 Y109.654 E.26302
G1 X129.833 Y107.712 E.05282
G1 X120.163 Y107.712 E.26299
G1 X120.163 Y109.491 E.04838
G1 E-.64 F2100
;WIPE_START
G1 F9600
G1 X120.163 Y108.721 E-.16
;WIPE_END
G1 X120.513 Y107.385 Z3.024 F12000
G1 Z3 F720
G1 E.8 F1500
;TYPE:Support material interface
G1 F2100
G1 X120.163 Y107.385 E.00952
G1 X120.163 Y106.872 E.01395
G1 X120.676 Y107.385 E.01973
G1 X121.422 Y107.385 E.02029
G1 X120.163 Y106.127 E.0484
G1 X120.163 Y105.381 E.02029
G1 X122.167 Y107.385 E.07708
G1 X122.912 Y107.385 E.02026
G1 X120.692 Y105.164 E.08541
G1 X121.437 Y105.164 E.02026
G1 X123.658 Y107.385 E.08542
G1 X124.403 Y107.385 E.02026
G1 X122.182 Y105.164 E.08542
G1 X122.928 Y105.164 E.02029
G1 X125.149 Y107.385 E.08542
G1 X125.894 Y107.385 E.02026
G1 X123.673 Y105.164 E.08542
G1 X124.419 Y105.164 E.02029
G1 X126.64 Y107.385 E.08542
G1 X127.385 Y107.385 E.02026
G1 X125.164 Y105.164 E.08542
G1 X125.909 Y105.164 E.02026
G1 X128.13 Y107.385 E.08542
G1 X128.876 Y107.385 E.02029
G1 X126.655 Y105.164 E.08542
G1 X127.4 Y105.164 E.02026
G1 X129.621 Y107.385 E.08542
G1 X129.832 Y107.385 E.00574
G1 X129.832 Y106.851 E.01452
G1 X128.146 Y105.164 E.06487
G1 X128.891 Y105.164 E.02026
G1 X129.832 Y106.105 E.03619
G1 X129.831 Y105.359 E.02029
G1 X129.636 Y105.164 E.0075
G1 E-.64
;WIPE_START
G1 F9600
G1 X129.831 Y105.359 E-.05731
G1 X129.832 Y105.853 E-.10269
;WIPE_END
G1 X129.814 Y103.332 Z3.044 F12000
G1 Z3 F720
G1 E.8 F1500
;TYPE:Overhang perimeter
;WIDTH:0.371754
G1 F900
G1 X129.814 Y103.661 E.009
G1 X120.186 Y103.661 E.26326
G1 X120.186 Y103.332 E.009
G1 X129.754 Y103.332 E.26161
;LAYER_CHANGE
;Z:3.2
;HEIGHT:0.2
;BEFORE_LAYER_CHANGE
G92 E0.0
;3.2


G1 E-.64 F2100
M73 P51 R14
M73 Q51 S15
;WIPE_START
G1 F9600
G1 X129.814 Y103.332 E-.01247
G1 X129.814 Y103.661 E-.06837
;WIPE_END
G1 E-.07916 F2100
G1 X129.814 Y103.661 Z3 F12000
G1 X124.229 Y134.035 Z3.539
G1 X123.808 Y136.324 Z3.573
G1 X122.966 Y140.902 Z3.6
G1 X120.531 Y154.147 Z3.6
;AFTER_LAYER_CHANGE
;3.2
M486 S-1
M486 S0
G1 Z3.2 F720
G1 E.8 F1500
;TYPE:Support material
;WIDTH:0.37
G1 F3000
G1 X123.489 Y154.759 E.08215
G1 X126.511 Y154.759 E.08219
G1 X129.469 Y154.147 E.08215
G1 X129.734 Y154.032 E.00786
G1 X130.112 Y153.869 F12000
G1 F3000
G1 X119.888 Y153.869 E.27806
G1 X117.758 Y152.948 E.06311
G1 X115.754 Y151.542 E.06658
G1 X134.246 Y151.542 E.50292
G1 X134.715 Y151.212 E.0156
G1 X136.594 Y149.215 E.07457
G1 X113.406 Y149.215 E.63064
G1 X113.215 Y149.011 E.0076
G1 X111.91 Y146.887 E.0678
G1 X138.09 Y146.887 E.71201
G1 X138.366 Y146.437 E.01436
G1 X139.045 Y144.56 E.05429
G1 X127.288 Y144.56 E.31975
G3 X126.426 Y144.94 I-1.973 J-3.313 E.02568
G3 X123.25 Y144.834 I-1.415 J-5.259 E.0877
G1 X122.712 Y144.56 E.01642
G1 X110.955 Y144.56 E.31975
G3 X110.434 Y142.395 I6.15 J-2.625 E.06085
G1 X110.953 Y135.41 F12000
G1 F3000
M73 Q51 S14
G1 X110.364 Y137.579 E.06113
G1 X120.508 Y137.579 E.27588
G1 X120.166 Y138.25 E.02048
G2 X119.861 Y139.906 I7.597 J2.251 E.04588
G1 X110.219 Y139.906 E.26223
G2 X110.411 Y142.233 I7.914 J.521 E.06373
G1 X120.412 Y142.233 E.272
G1 X120.743 Y142.883 E.01984
G2 X122.21 Y144.304 I4.621 J-3.301 E.05585
G1 E-.64 F2100
;WIPE_START
G1 F9600
G3 X121.601 Y143.834 I3.154 J-4.723 E-.16
;WIPE_END
G1 X127.791 Y144.304 Z3.308 F12000
G1 Z3.2 F720
G1 E.8 F1500
G1 F3000
G1 X127.883 Y144.257 E.00281
G2 X129.057 Y143.158 I-5.3 J-6.84 E.0438
G2 X129.588 Y142.233 I-3.669 J-2.721 E.02907
G1 X139.589 Y142.233 E.272
G2 X139.781 Y139.906 I-7.722 J-1.806 E.06373
G1 X130.139 Y139.906 E.26223
G1 X129.94 Y138.574 E.03663
G2 X129.492 Y137.579 I-4.497 J1.423 E.02974
G1 X139.636 Y137.579 E.27588
G1 X139.004 Y135.252 E.06558
G1 X126.919 Y135.252 E.32867
G1 X126.75 Y135.166 E.00516
G2 X123.25 Y135.166 I-1.75 J5.092 E.09695
G1 X123.081 Y135.252 E.00516
G1 X110.996 Y135.252 E.32867
G1 X111.153 Y134.674 E.01629
G1 X112.04 Y132.925 E.05333
G1 X137.96 Y132.925 E.70494
G2 X136.379 Y130.598 I-7.963 J3.709 E.07684
G1 X113.621 Y130.598 E.61894
G1 X115.531 Y128.271 E.08188
G1 X134.469 Y128.271 E.51505
G3 X132.793 Y125.944 I8.627 J-7.979 E.07819
G1 X117.207 Y125.944 E.42389
G2 X118.448 Y123.617 I-10.97 J-7.344 E.07184
G1 X131.552 Y123.617 E.35639
G3 X130.685 Y121.29 I23.213 J-9.971 E.06756
G1 X119.314 Y121.29 E.30925
G1 X119.864 Y118.962 E.06506
G1 X130.136 Y118.962 E.27937
G3 X129.885 Y116.635 I20.418 J-3.377 E.06369
G1 X120.115 Y116.635 E.26571
G1 X120.163 Y114.308 E.0633
G1 X129.837 Y114.308 E.2631
G1 X129.837 Y111.981 E.06329
G1 X120.163 Y111.981 E.2631
G1 X120.163 Y109.654 E.06329
G1 X129.837 Y109.654 E.2631
G1 X129.837 Y108.504 E.03128
G1 X120.163 Y108.504 E.2631
G1 X120.163 Y109.491 E.02684
G1 E-.64 F2100
;WIPE_START
G1 F9600
G1 X120.163 Y108.721 E-.16
;WIPE_END
G1 X120.163 Y106.11 Z3.246 F12000
G1 Z3.2 F720
G1 E.8 F1500
;TYPE:Support material interface
G1 F2100
G1 X120.315 Y105.958 E.00585
G1 X121.061 Y105.958 E.02029
G1 X120.163 Y106.855 E.03452
G1 X120.163 Y107.6 E.02026
G1 X121.806 Y105.958 E.06317
G1 X122.552 Y105.958 E.02029
G1 X120.333 Y108.176 E.08533
G1 X121.078 Y108.176 E.02026
G1 X123.297 Y105.958 E.08533
G1 X124.042 Y105.958 E.02026
G1 X121.824 Y108.176 E.08531
G1 X122.569 Y108.176 E.02026
G1 X124.788 Y105.958 E.08533
G1 X125.533 Y105.958 E.02026
G1 X123.314 Y108.176 E.08533
G1 X124.06 Y108.176 E.02029
G1 X126.279 Y105.958 E.08533
G1 X127.024 Y105.958 E.02026
G1 X124.805 Y108.176 E.08533
G1 X125.551 Y108.176 E.02029
G1 X127.769 Y105.958 E.08531
G1 X128.515 Y105.958 E.02029
G1 X126.296 Y108.176 E.08533
G1 X127.041 Y108.176 E.02026
G1 X129.26 Y105.958 E.08533
G1 X129.837 Y105.958 E.01569
G1 X129.837 Y106.127 E.0046
G1 X127.787 Y108.176 E.07883
G1 X128.532 Y108.176 E.02026
G1 X129.837 Y106.872 E.05017
G1 X129.837 Y107.617 E.02026
G1 X129.278 Y108.176 E.0215
G1 X129.837 Y108.176 E.0152
G1 X129.837 Y107.781 E.01074
G1 E-.64
;WIPE_START
G1 F9600
G1 X129.837 Y108.176 E-.08209
G1 X129.462 Y108.176 E-.07791
;WIPE_END
G1 X129.816 Y104.132 Z3.271 F12000
G1 Z3.2 F720
G1 E.8 F1500
;TYPE:Overhang perimeter
;WIDTH:0.367726
G1 F900
G1 X129.816 Y104.457 E.00878
G1 X120.184 Y104.457 E.26014
G1 X120.184 Y104.132 E.00878
G1 X129.756 Y104.132 E.25852
G1 E-.64 F2100
;WIPE_START
G1 F9600
G1 X129.816 Y104.132 E-.01247
G1 X129.816 Y104.457 E-.06754
;WIPE_END
G1 E-.07999 F2100
G1 X124.143 Y134.814 Z3.739 F12000
G1 X123.716 Y137.102 Z3.773
G1 X122.861 Y141.678 Z3.8
M486 S-1
M486 S1
G1 X120.531 Y154.147
G1 Z3.2 F720
G1 E.8 F1500
;TYPE:Support material
;WIDTH:0.37
G1 F3000
G1 X123.489 Y154.759 E.08215
G1 X126.511 Y154.759 E.08219
G1 X129.469 Y154.147 E.08215
G1 X129.734 Y154.032 E.00786
G1 X130.112 Y153.869 F12000
G1 F3000
G1 X119.888 Y153.869 E.27806
G1 X117.758 Y152.948 E.06311
G1 X115.754 Y151.542 E.06658
G1 X134.246 Y151.542 E.50292
G1 X134.715 Y151.212 E.0156
G1 X136.594 Y149.215 E.07457
G1 X113.406 Y149.215 E.63064
G1 X113.215 Y149.011 E.0076
G1 X111.91 Y146.887 E.0678
G1 X138.09 Y146.887 E.71201
G1 X138.366 Y146.437 E.01436
M73 P52 R14
M73 Q52 S14
G1 X139.045 Y144.56 E.05429
G1 X127.288 Y144.56 E.31975
G3 X126.426 Y144.94 I-1.973 J-3.313 E.02568
G3 X123.25 Y144.834 I-1.415 J-5.259 E.0877
G1 X122.712 Y144.56 E.01642
G1 X110.955 Y144.56 E.31975
G3 X110.434 Y142.395 I6.15 J-2.625 E.06085
G1 X110.953 Y135.41 F12000
G1 F3000
G1 X110.364 Y137.579 E.06113
G1 X120.508 Y137.579 E.27588
G1 X120.166 Y138.25 E.02048
G2 X119.861 Y139.906 I7.597 J2.251 E.04588
G1 X110.219 Y139.906 E.26223
G2 X110.411 Y142.233 I7.914 J.521 E.06373
G1 X120.412 Y142.233 E.272
G1 X120.743 Y142.883 E.01984
G2 X122.21 Y144.304 I4.621 J-3.301 E.05585
G1 E-.64 F2100
;WIPE_START
G1 F9600
G3 X121.601 Y143.834 I3.154 J-4.723 E-.16
;WIPE_END
G1 X127.791 Y144.304 Z3.308 F12000
G1 Z3.2 F720
G1 E.8 F1500
G1 F3000
G1 X127.883 Y144.257 E.00281
G2 X129.057 Y143.158 I-5.3 J-6.84 E.0438
G2 X129.588 Y142.233 I-3.669 J-2.721 E.02907
G1 X139.589 Y142.233 E.272
G2 X139.781 Y139.906 I-7.722 J-1.806 E.06373
G1 X130.139 Y139.906 E.26223
G1 X129.94 Y138.574 E.03663
G2 X129.492 Y137.579 I-4.497 J1.423 E.02974
G1 X139.636 Y137.579 E.27588
G1 X139.004 Y135.252 E.06558
G1 X126.919 Y135.252 E.32867
G1 X126.75 Y135.166 E.00516
G2 X123.25 Y135.166 I-1.75 J5.092 E.09695
G1 X123.081 Y135.252 E.00516
G1 X110.996 Y135.252 E.32867
G1 X111.153 Y134.674 E.01629
G1 X112.04 Y132.925 E.05333
G1 X137.96 Y132.925 E.70494
G2 X136.379 Y130.598 I-7.963 J3.709 E.07684
G1 X113.621 Y130.598 E.61894
G1 X115.531 Y128.271 E.08188
G1 X134.469 Y128.271 E.51505
G3 X132.793 Y125.944 I8.627 J-7.979 E.07819
G1 X117.207 Y125.944 E.42389
G2 X118.448 Y123.617 I-10.97 J-7.344 E.07184
G1 X131.552 Y123.617 E.35639
G3 X130.685 Y121.29 I23.213 J-9.971 E.06756
G1 X119.314 Y121.29 E.30925
G1 X119.864 Y118.962 E.06506
G1 X130.136 Y118.962 E.27937
G3 X129.885 Y116.635 I20.418 J-3.377 E.06369
G1 X120.115 Y116.635 E.26571
G1 X120.163 Y114.308 E.0633
G1 X129.837 Y114.308 E.2631
G1 X129.837 Y111.981 E.06329
G1 X120.163 Y111.981 E.2631
G1 X120.163 Y109.654 E.06329
G1 X129.837 Y109.654 E.2631
G1 X129.837 Y108.504 E.03128
G1 X120.163 Y108.504 E.2631
G1 X120.163 Y109.491 E.02684
G1 E-.64 F2100
;WIPE_START
G1 F9600
G1 X120.163 Y108.721 E-.16
;WIPE_END
G1 X120.163 Y106.11 Z3.246 F12000
G1 Z3.2 F720
G1 E.8 F1500
;TYPE:Support material interface
G1 F2100
G1 X120.315 Y105.958 E.00585
G1 X121.061 Y105.958 E.02029
G1 X120.163 Y106.855 E.03452
G1 X120.163 Y107.6 E.02026
G1 X121.806 Y105.958 E.06317
G1 X122.552 Y105.958 E.02029
G1 X120.333 Y108.176 E.08533
G1 X121.078 Y108.176 E.02026
G1 X123.297 Y105.958 E.08533
G1 X124.042 Y105.958 E.02026
G1 X121.824 Y108.176 E.08531
G1 X122.569 Y108.176 E.02026
G1 X124.788 Y105.958 E.08533
G1 X125.533 Y105.958 E.02026
G1 X123.314 Y108.176 E.08533
G1 X124.06 Y108.176 E.02029
G1 X126.279 Y105.958 E.08533
G1 X127.024 Y105.958 E.02026
G1 X124.805 Y108.176 E.08533
G1 X125.551 Y108.176 E.02029
G1 X127.769 Y105.958 E.08531
G1 X128.515 Y105.958 E.02029
G1 X126.296 Y108.176 E.08533
G1 X127.041 Y108.176 E.02026
G1 X129.26 Y105.958 E.08533
G1 X129.837 Y105.958 E.01569
G1 X129.837 Y106.127 E.0046
G1 X127.787 Y108.176 E.07883
G1 X128.532 Y108.176 E.02026
G1 X129.837 Y106.872 E.05017
G1 X129.837 Y107.617 E.02026
G1 X129.278 Y108.176 E.0215
G1 X129.837 Y108.176 E.0152
G1 X129.837 Y107.781 E.01074
G1 E-.64
;WIPE_START
G1 F9600
G1 X129.837 Y108.176 E-.08209
G1 X129.462 Y108.176 E-.07791
;WIPE_END
G1 X129.816 Y104.132 Z3.271 F12000
G1 Z3.2 F720
G1 E.8 F1500
;TYPE:Overhang perimeter
;WIDTH:0.367726
G1 F900
G1 X129.816 Y104.457 E.00878
G1 X120.184 Y104.457 E.26014
G1 X120.184 Y104.132 E.00878
G1 X129.756 Y104.132 E.25852
;LAYER_CHANGE
;Z:3.4
;HEIGHT:0.2
;BEFORE_LAYER_CHANGE
G92 E0.0
;3.4


G1 E-.64 F2100
;WIPE_START
G1 F9600
G1 X129.816 Y104.132 E-.01247
G1 X129.816 Y104.457 E-.06754
;WIPE_END
G1 E-.07999 F2100
G1 X129.816 Y104.457 Z3.2 F12000
G1 X129.765 Y135.34 Z3.739
G1 X129.761 Y137.667 Z3.773
G1 X129.753 Y142.322 Z3.8
G1 X129.734 Y154.032 Z3.8
;AFTER_LAYER_CHANGE
;3.4
M486 S-1
M486 S0
G1 Z3.4 F720
G1 E.8 F1500
;TYPE:Support material
;WIDTH:0.37
G1 F3000
G1 X129.469 Y154.147 E.00786
G1 X126.511 Y154.759 E.08215
G1 X123.489 Y154.759 E.08219
G1 X120.531 Y154.147 E.08215
G1 X119.888 Y153.869 F12000
G1 F3000
G1 X130.112 Y153.869 E.27806
G1 X132.242 Y152.948 E.06311
G1 X134.246 Y151.542 E.06658
G1 X115.754 Y151.542 E.50292
G1 X115.285 Y151.212 E.0156
G1 X113.406 Y149.215 E.07457
G1 X136.594 Y149.215 E.63064
G1 X136.785 Y149.011 E.0076
G1 X138.09 Y146.887 E.0678
G1 X111.91 Y146.887 E.71201
G1 X111.634 Y146.437 E.01436
G1 X110.955 Y144.56 E.05429
G1 X122.712 Y144.56 E.31975
G1 X123.25 Y144.834 E.01642
G2 X126.426 Y144.94 I1.761 J-5.153 E.0877
G2 X127.288 Y144.56 I-1.111 J-3.693 E.02568
G1 X139.045 Y144.56 E.31975
G2 X139.589 Y142.233 I-6.686 J-2.791 E.06529
G1 X129.588 Y142.233 E.272
G1 X129.834 Y141.75 E.01474
G2 X130.139 Y139.906 I-6.569 J-2.031 E.05099
G1 X139.781 Y139.906 E.26223
G1 X139.639 Y137.59 E.06311
G1 X129.492 Y137.579 E.27597
G1 X129.257 Y137.117 E.0141
G2 X128.158 Y135.943 I-6.839 J5.3 E.0438
G2 X127.422 Y135.508 I-2.088 J2.695 E.02331
G1 E-.64 F2100
;WIPE_START
G1 F9600
G3 X128.088 Y135.89 I-1.353 J3.129 E-.16
;WIPE_END
G1 X122.21 Y144.304 Z3.579 F12000
G1 Z3.4 F720
G1 E.8 F1500
G1 F3000
G3 X120.743 Y142.883 I3.154 J-4.722 E.05585
G1 X120.412 Y142.233 E.01984
G1 X110.411 Y142.233 E.272
G3 X110.219 Y139.906 I7.722 J-1.806 E.06373
G1 X119.861 Y139.906 E.26223
G3 X120.166 Y138.25 I7.902 J.595 E.04588
M73 Q53 S14
G1 X120.508 Y137.579 E.02048
G1 X110.364 Y137.579 E.27588
G1 X110.996 Y135.252 E.06558
M73 P53 R14
G1 X123.081 Y135.252 E.32867
G1 X123.25 Y135.166 E.00516
G3 X126.75 Y135.166 I1.75 J5.092 E.09695
G1 X126.919 Y135.252 E.00516
G1 X139.004 Y135.252 E.32867
G1 X138.847 Y134.674 E.01629
G1 X137.96 Y132.925 E.05333
G1 X112.04 Y132.925 E.70494
G3 X113.621 Y130.598 I7.963 J3.709 E.07684
G1 X136.379 Y130.598 E.61894
G1 X134.469 Y128.271 E.08188
G1 X115.531 Y128.271 E.51505
G2 X117.207 Y125.944 I-8.627 J-7.979 E.07819
G1 X132.793 Y125.944 E.42389
G3 X131.552 Y123.617 I10.991 J-7.357 E.07184
G1 X118.448 Y123.617 E.35639
G1 X118.669 Y123.116 E.01489
G1 X119.314 Y121.29 E.05267
G1 X130.685 Y121.29 E.30925
G1 X130.136 Y118.962 E.06505
G1 X119.864 Y118.962 E.27937
G2 X120.115 Y116.635 I-17.395 J-3.051 E.0637
G1 X129.885 Y116.635 E.26571
G1 X129.837 Y114.308 E.0633
G1 X120.163 Y114.308 E.2631
G1 X120.163 Y111.981 E.06329
G1 X129.837 Y111.981 E.2631
G1 X129.837 Y109.654 E.06329
G1 X120.163 Y109.654 E.2631
G1 X120.163 Y109.292 E.00985
G1 X129.837 Y109.292 E.2631
G1 X129.837 Y109.491 E.00541
G1 E-.64 F2100
;WIPE_START
G1 F9600
G1 X129.837 Y109.292 E-.04135
G1 X129.266 Y109.292 E-.11865
;WIPE_END
G1 X129.733 Y106.751 Z3.445 F12000
G1 Z3.4 F720
G1 E.8 F1500
;TYPE:Support material interface
G1 F2100
G1 X129.837 Y106.855 E.004
G1 X129.837 Y107.6 E.02026
G1 X128.987 Y106.751 E.03267
G1 X128.242 Y106.751 E.02026
G1 X129.837 Y108.346 E.06135
G1 X129.837 Y108.965 E.01683
G1 X129.711 Y108.965 E.00343
G1 X127.497 Y106.751 E.08515
G1 X126.751 Y106.751 E.02029
G1 X128.965 Y108.965 E.08515
G1 X128.22 Y108.965 E.02026
G1 X126.006 Y106.751 E.08515
G1 X125.26 Y106.751 E.02029
G1 X127.474 Y108.965 E.08515
G1 X126.729 Y108.965 E.02026
G1 X124.515 Y106.751 E.08515
G1 X123.77 Y106.751 E.02026
G1 X125.984 Y108.965 E.08515
G1 X125.238 Y108.965 E.02029
G1 X123.024 Y106.751 E.08515
G1 X122.279 Y106.751 E.02026
G1 X124.493 Y108.965 E.08515
G1 X123.747 Y108.965 E.02029
G1 X121.533 Y106.751 E.08515
G1 X120.788 Y106.751 E.02026
G1 X123.002 Y108.965 E.08515
G1 X122.257 Y108.965 E.02026
G1 X120.163 Y106.872 E.08052
G1 X120.163 Y107.617 E.02026
G1 X121.511 Y108.965 E.05185
G1 X120.766 Y108.965 E.02026
G1 X120.163 Y108.363 E.02317
G1 X120.163 Y108.965 E.01637
G1 X120.602 Y108.965 E.01194
G1 E-.64
;WIPE_START
G1 F9600
G1 X120.163 Y108.965 E-.09123
G1 X120.163 Y108.634 E-.06877
;WIPE_END
G1 X129.809 Y104.904 Z3.581 F12000
G1 Z3.4 F720
G1 E.8 F1500
;TYPE:Overhang perimeter
;WIDTH:0.381773
G1 F900
G1 X129.809 Y105.243 E.00955
G1 X120.191 Y105.243 E.27099
G1 X120.191 Y104.904 E.00955
G1 X129.749 Y104.904 E.2693
G1 E-.64 F2100
;WIPE_START
G1 F9600
G1 X129.809 Y104.904 E-.01247
G1 X129.809 Y105.243 E-.07045
;WIPE_END
G1 E-.07708 F2100
G1 X129.761 Y136.126 Z3.939 F12000
G1 X129.758 Y138.453 Z3.973
G1 X129.751 Y143.108 Z4
M486 S-1
M486 S1
G1 X129.734 Y154.032
G1 Z3.4 F720
G1 E.8 F1500
;TYPE:Support material
;WIDTH:0.37
G1 F3000
G1 X129.469 Y154.147 E.00786
G1 X126.511 Y154.759 E.08215
G1 X123.489 Y154.759 E.08219
G1 X120.531 Y154.147 E.08215
G1 X119.888 Y153.869 F12000
G1 F3000
G1 X130.112 Y153.869 E.27806
G1 X132.242 Y152.948 E.06311
G1 X134.246 Y151.542 E.06658
G1 X115.754 Y151.542 E.50292
G1 X115.285 Y151.212 E.0156
G1 X113.406 Y149.215 E.07457
G1 X136.594 Y149.215 E.63064
G1 X136.785 Y149.011 E.0076
G1 X138.09 Y146.887 E.0678
G1 X111.91 Y146.887 E.71201
G1 X111.634 Y146.437 E.01436
G1 X110.955 Y144.56 E.05429
G1 X122.712 Y144.56 E.31975
G1 X123.25 Y144.834 E.01642
G2 X126.426 Y144.94 I1.761 J-5.153 E.0877
G2 X127.288 Y144.56 I-1.111 J-3.693 E.02568
G1 X139.045 Y144.56 E.31975
G2 X139.589 Y142.233 I-6.686 J-2.791 E.06529
G1 X129.588 Y142.233 E.272
G1 X129.834 Y141.75 E.01474
G2 X130.139 Y139.906 I-6.569 J-2.031 E.05099
G1 X139.781 Y139.906 E.26223
G1 X139.639 Y137.59 E.06311
G1 X129.492 Y137.579 E.27597
G1 X129.257 Y137.117 E.0141
G2 X128.158 Y135.943 I-6.839 J5.3 E.0438
G2 X127.422 Y135.508 I-2.088 J2.695 E.02331
G1 E-.64 F2100
;WIPE_START
G1 F9600
G3 X128.088 Y135.89 I-1.353 J3.129 E-.16
;WIPE_END
G1 X122.21 Y144.304 Z3.579 F12000
G1 Z3.4 F720
G1 E.8 F1500
G1 F3000
G3 X120.743 Y142.883 I3.154 J-4.722 E.05585
G1 X120.412 Y142.233 E.01984
G1 X110.411 Y142.233 E.272
G3 X110.219 Y139.906 I7.722 J-1.806 E.06373
G1 X119.861 Y139.906 E.26223
G3 X120.166 Y138.25 I7.902 J.595 E.04588
G1 X120.508 Y137.579 E.02048
G1 X110.364 Y137.579 E.27588
G1 X110.996 Y135.252 E.06558
G1 X123.081 Y135.252 E.32867
G1 X123.25 Y135.166 E.00516
G3 X126.75 Y135.166 I1.75 J5.092 E.09695
G1 X126.919 Y135.252 E.00516
G1 X139.004 Y135.252 E.32867
G1 X138.847 Y134.674 E.01629
G1 X137.96 Y132.925 E.05333
G1 X112.04 Y132.925 E.70494
G3 X113.621 Y130.598 I7.963 J3.709 E.07684
G1 X136.379 Y130.598 E.61894
G1 X134.469 Y128.271 E.08188
G1 X115.531 Y128.271 E.51505
G2 X117.207 Y125.944 I-8.627 J-7.979 E.07819
G1 X132.793 Y125.944 E.42389
G3 X131.552 Y123.617 I10.991 J-7.357 E.07184
M73 Q54 S14
G1 X118.448 Y123.617 E.35639
G1 X118.669 Y123.116 E.01489
M73 P54 R14
G1 X119.314 Y121.29 E.05267
G1 X130.685 Y121.29 E.30925
G1 X130.136 Y118.962 E.06505
G1 X119.864 Y118.962 E.27937
G2 X120.115 Y116.635 I-17.395 J-3.051 E.0637
G1 X129.885 Y116.635 E.26571
G1 X129.837 Y114.308 E.0633
G1 X120.163 Y114.308 E.2631
G1 X120.163 Y111.981 E.06329
G1 X129.837 Y111.981 E.2631
G1 X129.837 Y109.654 E.06329
G1 X120.163 Y109.654 E.2631
G1 X120.163 Y109.292 E.00985
G1 X129.837 Y109.292 E.2631
G1 X129.837 Y109.491 E.00541
G1 E-.64 F2100
;WIPE_START
G1 F9600
G1 X129.837 Y109.292 E-.04135
G1 X129.266 Y109.292 E-.11865
;WIPE_END
G1 X129.733 Y106.751 Z3.445 F12000
G1 Z3.4 F720
G1 E.8 F1500
;TYPE:Support material interface
G1 F2100
G1 X129.837 Y106.855 E.004
G1 X129.837 Y107.6 E.02026
G1 X128.987 Y106.751 E.03267
G1 X128.242 Y106.751 E.02026
G1 X129.837 Y108.346 E.06135
G1 X129.837 Y108.965 E.01683
G1 X129.711 Y108.965 E.00343
G1 X127.497 Y106.751 E.08515
G1 X126.751 Y106.751 E.02029
G1 X128.965 Y108.965 E.08515
G1 X128.22 Y108.965 E.02026
G1 X126.006 Y106.751 E.08515
G1 X125.26 Y106.751 E.02029
G1 X127.474 Y108.965 E.08515
G1 X126.729 Y108.965 E.02026
G1 X124.515 Y106.751 E.08515
G1 X123.77 Y106.751 E.02026
G1 X125.984 Y108.965 E.08515
G1 X125.238 Y108.965 E.02029
G1 X123.024 Y106.751 E.08515
G1 X122.279 Y106.751 E.02026
G1 X124.493 Y108.965 E.08515
G1 X123.747 Y108.965 E.02029
G1 X121.533 Y106.751 E.08515
G1 X120.788 Y106.751 E.02026
G1 X123.002 Y108.965 E.08515
G1 X122.257 Y108.965 E.02026
G1 X120.163 Y106.872 E.08052
G1 X120.163 Y107.617 E.02026
G1 X121.511 Y108.965 E.05185
G1 X120.766 Y108.965 E.02026
G1 X120.163 Y108.363 E.02317
G1 X120.163 Y108.965 E.01637
G1 X120.602 Y108.965 E.01194
G1 E-.64
;WIPE_START
G1 F9600
G1 X120.163 Y108.965 E-.09123
G1 X120.163 Y108.634 E-.06877
;WIPE_END
G1 X129.809 Y104.904 Z3.581 F12000
G1 Z3.4 F720
G1 E.8 F1500
;TYPE:Overhang perimeter
;WIDTH:0.381773
G1 F900
G1 X129.809 Y105.243 E.00955
G1 X120.191 Y105.243 E.27099
G1 X120.191 Y104.904 E.00955
M73 P54 R13
G1 X129.749 Y104.904 E.2693
;LAYER_CHANGE
;Z:3.6
;HEIGHT:0.2
;BEFORE_LAYER_CHANGE
G92 E0.0
;3.6


G1 E-.64 F2100
;WIPE_START
G1 F9600
G1 X129.809 Y104.904 E-.01247
G1 X129.809 Y105.243 E-.07045
;WIPE_END
G1 E-.07708 F2100
G1 X129.809 Y105.243 Z3.4 F12000
G1 X129.761 Y136.126 Z3.939
G1 X129.758 Y138.453 Z3.973
G1 X129.751 Y143.108 Z4
G1 X129.734 Y154.032 Z4
;AFTER_LAYER_CHANGE
;3.6
M486 S-1
M486 S0
G1 Z3.6 F720
G1 E.8 F1500
;TYPE:Support material
;WIDTH:0.37
G1 F3000
G1 X129.469 Y154.147 E.00786
G1 X126.511 Y154.759 E.08215
G1 X123.489 Y154.759 E.08219
G1 X120.531 Y154.147 E.08215
G1 X119.888 Y153.869 F12000
G1 F3000
G1 X130.112 Y153.869 E.27806
G1 X132.242 Y152.948 E.06311
G1 X134.246 Y151.542 E.06658
G1 X115.754 Y151.542 E.50292
G1 X115.285 Y151.212 E.0156
G1 X113.406 Y149.215 E.07457
G1 X136.594 Y149.215 E.63064
G1 X136.785 Y149.011 E.0076
G1 X138.09 Y146.887 E.0678
G1 X111.91 Y146.887 E.71201
M73 Q54 S13
G1 X111.634 Y146.437 E.01436
G1 X110.955 Y144.56 E.05429
G1 X122.712 Y144.56 E.31975
G1 X123.25 Y144.834 E.01642
G2 X126.426 Y144.94 I1.761 J-5.153 E.0877
G2 X127.288 Y144.56 I-1.111 J-3.693 E.02568
G1 X139.045 Y144.56 E.31975
G2 X139.589 Y142.233 I-6.686 J-2.791 E.06529
G1 X129.588 Y142.233 E.272
G1 X129.834 Y141.75 E.01474
G2 X130.139 Y139.906 I-6.569 J-2.031 E.05099
G1 X139.781 Y139.906 E.26223
G1 X139.639 Y137.59 E.06311
G1 X129.492 Y137.579 E.27597
G1 X129.257 Y137.117 E.0141
G2 X128.158 Y135.943 I-6.839 J5.3 E.0438
G2 X127.422 Y135.508 I-2.088 J2.695 E.02331
G1 E-.64 F2100
;WIPE_START
G1 F9600
G3 X128.088 Y135.89 I-1.353 J3.129 E-.16
;WIPE_END
G1 X122.21 Y144.304 Z3.779 F12000
G1 Z3.6 F720
G1 E.8 F1500
G1 F3000
G3 X120.743 Y142.883 I3.154 J-4.722 E.05585
G1 X120.412 Y142.233 E.01984
G1 X110.411 Y142.233 E.272
G3 X110.219 Y139.906 I7.722 J-1.806 E.06373
G1 X119.861 Y139.906 E.26223
G3 X120.166 Y138.25 I7.902 J.595 E.04588
G1 X120.508 Y137.579 E.02048
G1 X110.364 Y137.579 E.27588
G1 X110.996 Y135.252 E.06558
G1 X123.081 Y135.252 E.32867
G1 X123.25 Y135.166 E.00516
G3 X126.75 Y135.166 I1.75 J5.092 E.09695
G1 X126.919 Y135.252 E.00516
G1 X139.004 Y135.252 E.32867
G1 X138.847 Y134.674 E.01629
G1 X137.96 Y132.925 E.05333
G1 X112.04 Y132.925 E.70494
G3 X113.621 Y130.598 I7.963 J3.709 E.07684
G1 X136.379 Y130.598 E.61894
G1 X134.469 Y128.271 E.08188
G1 X115.531 Y128.271 E.51505
G2 X117.207 Y125.944 I-8.627 J-7.979 E.07819
G1 X132.793 Y125.944 E.42389
G3 X131.552 Y123.617 I10.993 J-7.357 E.07184
G1 X118.448 Y123.617 E.35639
G1 X118.669 Y123.116 E.01489
G1 X119.314 Y121.29 E.05267
G1 X130.685 Y121.29 E.30925
G1 X130.136 Y118.962 E.06505
G1 X119.864 Y118.962 E.27937
G2 X120.115 Y116.635 I-17.395 J-3.051 E.0637
G1 X129.885 Y116.635 E.26571
G1 X129.837 Y114.308 E.0633
G1 X120.163 Y114.308 E.2631
G1 X120.163 Y111.981 E.06329
G1 X129.837 Y111.981 E.2631
G1 X129.837 Y110.081 E.05167
G1 X120.163 Y110.081 E.2631
G1 X120.163 Y111.818 E.04724
G1 E-.64 F2100
;WIPE_START
G1 F9600
G1 X120.163 Y111.048 E-.16
;WIPE_END
G1 X120.163 Y107.6 Z3.66 F12000
G1 Z3.6 F720
G1 E.8 F1500
;TYPE:Support material interface
G1 F2100
G1 X120.219 Y107.545 E.00213
G1 X120.964 Y107.545 E.02026
G1 X120.163 Y108.346 E.03081
G1 X120.163 Y109.091 E.02026
G1 X121.71 Y107.545 E.05948
G1 X122.455 Y107.545 E.02026
G1 X120.246 Y109.754 E.08496
G1 X120.991 Y109.754 E.02026
G1 X123.201 Y107.545 E.08498
M73 Q55 S13
G1 X123.946 Y107.545 E.02026
G1 X121.737 Y109.754 E.08496
G1 X122.482 Y109.754 E.02026
G1 X124.691 Y107.545 E.08496
G1 X125.437 Y107.545 E.02029
G1 X123.228 Y109.754 E.08496
G1 X123.973 Y109.754 E.02026
M73 P55 R13
G1 X126.182 Y107.545 E.08496
G1 X126.928 Y107.545 E.02029
G1 X124.718 Y109.754 E.08498
G1 X125.464 Y109.754 E.02029
G1 X127.673 Y107.545 E.08496
G1 X128.418 Y107.545 E.02026
G1 X126.209 Y109.754 E.08496
G1 X126.955 Y109.754 E.02029
G1 X129.164 Y107.545 E.08496
G1 X129.837 Y107.545 E.0183
G1 X129.837 Y107.617 E.00196
G1 X127.7 Y109.754 E.08219
G1 X128.445 Y109.754 E.02026
G1 X129.837 Y108.363 E.05352
G1 X129.837 Y109.108 E.02026
G1 X129.191 Y109.754 E.02485
G1 X129.837 Y109.754 E.01757
G1 X129.837 Y109.272 E.01311
G1 E-.64
;WIPE_START
G1 F9600
G1 X129.837 Y109.754 E-.10017
G1 X129.549 Y109.754 E-.05983
;WIPE_END
G1 X129.802 Y105.677 Z3.671 F12000
G1 Z3.6 F720
G1 E.8 F1500
;TYPE:Overhang perimeter
;WIDTH:0.395821
G1 F900
G1 X129.802 Y106.03 E.01036
G1 X120.198 Y106.03 E.28182
G1 X120.198 Y105.677 E.01036
G1 X129.742 Y105.677 E.28006
G1 E-.64 F2100
;WIPE_START
G1 F9600
G1 X129.802 Y105.677 E-.01247
G1 X129.802 Y106.03 E-.07336
;WIPE_END
G1 E-.07417 F2100
G1 X129.758 Y136.913 Z4.139 F12000
G1 X129.755 Y139.24 Z4.173
G1 X129.748 Y143.895 Z4.2
M486 S-1
M486 S1
G1 X129.734 Y154.032
G1 Z3.6 F720
G1 E.8 F1500
;TYPE:Support material
;WIDTH:0.37
G1 F3000
G1 X129.469 Y154.147 E.00786
G1 X126.511 Y154.759 E.08215
G1 X123.489 Y154.759 E.08219
G1 X120.531 Y154.147 E.08215
G1 X119.888 Y153.869 F12000
G1 F3000
G1 X130.112 Y153.869 E.27806
G1 X132.242 Y152.948 E.06311
G1 X134.246 Y151.542 E.06658
G1 X115.754 Y151.542 E.50292
G1 X115.285 Y151.212 E.0156
G1 X113.406 Y149.215 E.07457
G1 X136.594 Y149.215 E.63064
G1 X136.785 Y149.011 E.0076
G1 X138.09 Y146.887 E.0678
G1 X111.91 Y146.887 E.71201
G1 X111.634 Y146.437 E.01436
G1 X110.955 Y144.56 E.05429
G1 X122.712 Y144.56 E.31975
G1 X123.25 Y144.834 E.01642
G2 X126.426 Y144.94 I1.761 J-5.153 E.0877
G2 X127.288 Y144.56 I-1.111 J-3.693 E.02568
G1 X139.045 Y144.56 E.31975
G2 X139.589 Y142.233 I-6.686 J-2.791 E.06529
G1 X129.588 Y142.233 E.272
G1 X129.834 Y141.75 E.01474
G2 X130.139 Y139.906 I-6.569 J-2.031 E.05099
G1 X139.781 Y139.906 E.26223
G1 X139.639 Y137.59 E.06311
G1 X129.492 Y137.579 E.27597
G1 X129.257 Y137.117 E.0141
G2 X128.158 Y135.943 I-6.839 J5.3 E.0438
G2 X127.422 Y135.508 I-2.088 J2.695 E.02331
G1 E-.64 F2100
;WIPE_START
G1 F9600
G3 X128.088 Y135.89 I-1.353 J3.129 E-.16
;WIPE_END
G1 X122.21 Y144.304 Z3.779 F12000
G1 Z3.6 F720
G1 E.8 F1500
G1 F3000
G3 X120.743 Y142.883 I3.154 J-4.722 E.05585
G1 X120.412 Y142.233 E.01984
G1 X110.411 Y142.233 E.272
G3 X110.219 Y139.906 I7.722 J-1.806 E.06373
G1 X119.861 Y139.906 E.26223
G3 X120.166 Y138.25 I7.902 J.595 E.04588
G1 X120.508 Y137.579 E.02048
G1 X110.364 Y137.579 E.27588
G1 X110.996 Y135.252 E.06558
G1 X123.081 Y135.252 E.32867
G1 X123.25 Y135.166 E.00516
G3 X126.75 Y135.166 I1.75 J5.092 E.09695
G1 X126.919 Y135.252 E.00516
G1 X139.004 Y135.252 E.32867
G1 X138.847 Y134.674 E.01629
G1 X137.96 Y132.925 E.05333
G1 X112.04 Y132.925 E.70494
G3 X113.621 Y130.598 I7.963 J3.709 E.07684
G1 X136.379 Y130.598 E.61894
G1 X134.469 Y128.271 E.08188
G1 X115.531 Y128.271 E.51505
G2 X117.207 Y125.944 I-8.627 J-7.979 E.07819
G1 X132.793 Y125.944 E.42389
G3 X131.552 Y123.617 I10.993 J-7.357 E.07184
G1 X118.448 Y123.617 E.35639
G1 X118.669 Y123.116 E.01489
G1 X119.314 Y121.29 E.05267
G1 X130.685 Y121.29 E.30925
G1 X130.136 Y118.962 E.06505
G1 X119.864 Y118.962 E.27937
G2 X120.115 Y116.635 I-17.395 J-3.051 E.0637
G1 X129.885 Y116.635 E.26571
G1 X129.837 Y114.308 E.0633
G1 X120.163 Y114.308 E.2631
G1 X120.163 Y111.981 E.06329
G1 X129.837 Y111.981 E.2631
G1 X129.837 Y110.081 E.05167
G1 X120.163 Y110.081 E.2631
G1 X120.163 Y111.818 E.04724
G1 E-.64 F2100
;WIPE_START
G1 F9600
G1 X120.163 Y111.048 E-.16
;WIPE_END
G1 X120.163 Y107.6 Z3.66 F12000
G1 Z3.6 F720
G1 E.8 F1500
;TYPE:Support material interface
G1 F2100
G1 X120.219 Y107.545 E.00213
G1 X120.964 Y107.545 E.02026
G1 X120.163 Y108.346 E.03081
G1 X120.163 Y109.091 E.02026
G1 X121.71 Y107.545 E.05948
G1 X122.455 Y107.545 E.02026
G1 X120.246 Y109.754 E.08496
G1 X120.991 Y109.754 E.02026
G1 X123.201 Y107.545 E.08498
G1 X123.946 Y107.545 E.02026
G1 X121.737 Y109.754 E.08496
G1 X122.482 Y109.754 E.02026
G1 X124.691 Y107.545 E.08496
G1 X125.437 Y107.545 E.02029
G1 X123.228 Y109.754 E.08496
G1 X123.973 Y109.754 E.02026
G1 X126.182 Y107.545 E.08496
G1 X126.928 Y107.545 E.02029
G1 X124.718 Y109.754 E.08498
G1 X125.464 Y109.754 E.02029
G1 X127.673 Y107.545 E.08496
G1 X128.418 Y107.545 E.02026
G1 X126.209 Y109.754 E.08496
G1 X126.955 Y109.754 E.02029
G1 X129.164 Y107.545 E.08496
G1 X129.837 Y107.545 E.0183
G1 X129.837 Y107.617 E.00196
G1 X127.7 Y109.754 E.08219
G1 X128.445 Y109.754 E.02026
G1 X129.837 Y108.363 E.05352
G1 X129.837 Y109.108 E.02026
G1 X129.191 Y109.754 E.02485
G1 X129.837 Y109.754 E.01757
G1 X129.837 Y109.272 E.01311
G1 E-.64
;WIPE_START
G1 F9600
G1 X129.837 Y109.754 E-.10017
G1 X129.549 Y109.754 E-.05983
;WIPE_END
G1 X129.802 Y105.677 Z3.671 F12000
G1 Z3.6 F720
G1 E.8 F1500
;TYPE:Overhang perimeter
;WIDTH:0.395821
G1 F900
G1 X129.802 Y106.03 E.01036
G1 X120.198 Y106.03 E.28182
G1 X120.198 Y105.677 E.01036
G1 X129.742 Y105.677 E.28006
;LAYER_CHANGE
;Z:3.8
;HEIGHT:0.2
;BEFORE_LAYER_CHANGE
G92 E0.0
;3.8


G1 E-.64 F2100
;WIPE_START
G1 F9600
G1 X129.802 Y105.677 E-.01247
G1 X129.802 Y106.03 E-.07336
;WIPE_END
G1 E-.07417 F2100
G1 X129.802 Y106.03 Z3.6 F12000
G1 X129.827 Y108.336 Z3.8 F8334.786
;AFTER_LAYER_CHANGE
;3.8
M486 S-1
M486 S0
G1 X129.827 Y108.336 F12000
G1 Z3.8 F720
G1 E.8 F1500
;TYPE:Support material interface
;WIDTH:0.37
G1 F2100
M73 Q56 S13
G1 X129.837 Y109.091 E.02054
G1 X129.082 Y108.336 E.02904
G1 X128.336 Y108.336 E.02029
G1 X129.837 Y109.837 E.05773
G1 X129.837 Y110.543 E.0192
G1 X127.591 Y108.336 E.08564
G1 X126.846 Y108.336 E.02026
G1 X129.052 Y110.543 E.08487
G1 X128.306 Y110.543 E.02029
G1 X126.1 Y108.336 E.08487
G1 X125.355 Y108.336 E.02026
M73 P56 R13
G1 X127.561 Y110.543 E.08487
G1 X126.816 Y110.543 E.02026
G1 X124.609 Y108.336 E.08489
G1 X123.864 Y108.336 E.02026
G1 X126.07 Y110.543 E.08487
G1 X125.325 Y110.543 E.02026
G1 X123.119 Y108.336 E.08487
G1 X122.373 Y108.336 E.02029
G1 X124.579 Y110.543 E.08487
G1 X123.834 Y110.543 E.02026
G1 X121.628 Y108.336 E.08487
G1 X120.882 Y108.336 E.02029
G1 X123.089 Y110.543 E.08489
G1 X122.343 Y110.543 E.02029
G1 X120.163 Y108.363 E.08385
G1 X120.163 Y109.108 E.02026
G1 X121.598 Y110.543 E.05519
G1 X120.852 Y110.543 E.02029
G1 X120.163 Y109.854 E.0265
G1 X120.163 Y110.543 E.01874
G1 X120.689 Y110.543 E.01431
G1 X120.163 Y111.818 F12000
;TYPE:Support material
G1 F3000
G1 X120.163 Y110.87 E.02578
G1 X129.837 Y110.87 E.2631
G1 X129.837 Y111.981 E.03022
G1 X120.163 Y111.981 E.2631
G1 X120.163 Y114.308 E.06329
G1 X129.837 Y114.308 E.2631
G1 X129.885 Y116.635 E.0633
G1 X120.115 Y116.635 E.26571
G3 X119.864 Y118.962 I-17.646 J-.724 E.0637
G1 X130.136 Y118.962 E.27937
G1 X130.685 Y121.29 E.06505
G1 X119.314 Y121.29 E.30925
G1 X118.669 Y123.116 E.05267
G1 X118.448 Y123.617 E.01489
G1 X131.552 Y123.617 E.35639
G2 X132.793 Y125.944 I12.235 J-5.031 E.07184
G1 X117.207 Y125.944 E.42389
G3 X115.531 Y128.271 I-10.303 J-5.652 E.07819
G1 X134.469 Y128.271 E.51505
G1 X136.379 Y130.598 E.08188
G1 X113.621 Y130.598 E.61894
G2 X112.04 Y132.925 I6.382 J6.036 E.07684
G1 X137.96 Y132.925 E.70494
G1 X138.847 Y134.674 E.05333
G1 X139.004 Y135.252 E.01629
G1 X126.919 Y135.252 E.32867
G1 X126.75 Y135.166 E.00516
G2 X123.25 Y135.166 I-1.75 J5.092 E.09695
G1 X123.081 Y135.252 E.00516
G1 X110.996 Y135.252 E.32867
G1 X110.364 Y137.579 E.06558
G1 X120.508 Y137.579 E.27588
G1 X120.166 Y138.25 E.02048
G2 X119.861 Y139.906 I7.597 J2.251 E.04588
G1 X110.219 Y139.906 E.26223
G2 X110.411 Y142.233 I7.914 J.521 E.06373
G1 X120.412 Y142.233 E.272
G1 X120.743 Y142.883 E.01984
G2 X122.21 Y144.304 I4.621 J-3.301 E.05585
G1 E-.64 F2100
;WIPE_START
G1 F9600
G3 X121.601 Y143.834 I3.154 J-4.723 E-.16
;WIPE_END
G1 X127.422 Y135.508 Z3.977 F12000
G1 Z3.8 F720
G1 E.8 F1500
G1 F3000
G3 X128.158 Y135.943 I-1.352 J3.13 E.02331
G3 X129.257 Y137.117 I-5.74 J6.474 E.0438
G1 X129.492 Y137.579 E.0141
G1 X139.639 Y137.59 E.27597
G1 X139.781 Y139.906 E.06311
G1 X130.139 Y139.906 E.26223
G3 X129.834 Y141.75 I-6.874 J-.187 E.05099
G1 X129.588 Y142.233 E.01474
G1 X139.589 Y142.233 E.272
G3 X139.045 Y144.56 I-7.23 J-.464 E.06529
G1 X127.288 Y144.56 E.31975
G3 X126.426 Y144.94 I-1.973 J-3.313 E.02568
G3 X123.25 Y144.834 I-1.415 J-5.259 E.0877
G1 X122.712 Y144.56 E.01642
G1 X110.955 Y144.56 E.31975
G1 X111.634 Y146.437 E.05429
G1 X111.91 Y146.887 E.01436
G1 X138.09 Y146.887 E.71201
G1 X136.785 Y149.011 E.0678
G1 X136.594 Y149.215 E.0076
G1 X113.406 Y149.215 E.63064
G1 X115.285 Y151.212 E.07457
G1 X115.754 Y151.542 E.0156
G1 X134.246 Y151.542 E.50292
G1 X132.242 Y152.948 E.06658
G1 X130.112 Y153.869 E.06311
G1 X119.888 Y153.869 E.27806
G1 X120.531 Y154.147 F12000
G1 F3000
G1 X123.489 Y154.759 E.08215
G1 X126.511 Y154.759 E.08219
G1 X129.469 Y154.147 E.08215
G1 X129.734 Y154.032 E.00786
G1 E-.64 F2100
;WIPE_START
G1 F9600
G1 X129.469 Y154.147 E-.06003
G1 X128.998 Y154.244 E-.09997
;WIPE_END
G1 X129.513 Y123.365 Z4.339 F12000
G1 X129.552 Y121.038 Z4.373
G1 X129.629 Y116.384 Z4.4
G1 X129.795 Y106.449
G1 Z3.8 F720
G1 E.8 F1500
;TYPE:Overhang perimeter
;WIDTH:0.409868
G1 F900
G1 X129.795 Y106.816 E.0112
G1 X120.205 Y106.816 E.29261
G1 X120.205 Y106.449 E.0112
G1 X129.735 Y106.449 E.29078
G1 E-.64 F2100
;WIPE_START
G1 F9600
G1 X129.795 Y106.449 E-.01247
G1 X129.795 Y106.816 E-.07627
;WIPE_END
G1 E-.07126 F2100
M486 S-1
M486 S1
G1 X129.827 Y108.336 Z3.827 F12000
G1 Z3.8 F720
G1 E.8 F1500
;TYPE:Support material interface
;WIDTH:0.37
G1 F2100
G1 X129.837 Y109.091 E.02054
G1 X129.082 Y108.336 E.02904
G1 X128.336 Y108.336 E.02029
G1 X129.837 Y109.837 E.05773
G1 X129.837 Y110.543 E.0192
G1 X127.591 Y108.336 E.08564
G1 X126.846 Y108.336 E.02026
G1 X129.052 Y110.543 E.08487
G1 X128.306 Y110.543 E.02029
G1 X126.1 Y108.336 E.08487
G1 X125.355 Y108.336 E.02026
G1 X127.561 Y110.543 E.08487
G1 X126.816 Y110.543 E.02026
G1 X124.609 Y108.336 E.08489
G1 X123.864 Y108.336 E.02026
G1 X126.07 Y110.543 E.08487
G1 X125.325 Y110.543 E.02026
G1 X123.119 Y108.336 E.08487
G1 X122.373 Y108.336 E.02029
G1 X124.579 Y110.543 E.08487
G1 X123.834 Y110.543 E.02026
G1 X121.628 Y108.336 E.08487
G1 X120.882 Y108.336 E.02029
G1 X123.089 Y110.543 E.08489
G1 X122.343 Y110.543 E.02029
G1 X120.163 Y108.363 E.08385
G1 X120.163 Y109.108 E.02026
G1 X121.598 Y110.543 E.05519
G1 X120.852 Y110.543 E.02029
G1 X120.163 Y109.854 E.0265
G1 X120.163 Y110.543 E.01874
G1 X120.689 Y110.543 E.01431
G1 X120.163 Y111.818 F12000
;TYPE:Support material
G1 F3000
G1 X120.163 Y110.87 E.02578
G1 X129.837 Y110.87 E.2631
G1 X129.837 Y111.981 E.03022
G1 X120.163 Y111.981 E.2631
G1 X120.163 Y114.308 E.06329
G1 X129.837 Y114.308 E.2631
G1 X129.885 Y116.635 E.0633
G1 X120.115 Y116.635 E.26571
G3 X119.864 Y118.962 I-17.646 J-.724 E.0637
G1 X130.136 Y118.962 E.27937
G1 X130.685 Y121.29 E.06505
G1 X119.314 Y121.29 E.30925
M73 Q57 S13
G1 X118.669 Y123.116 E.05267
G1 X118.448 Y123.617 E.01489
G1 X131.552 Y123.617 E.35639
G2 X132.793 Y125.944 I12.235 J-5.031 E.07184
M73 P57 R13
G1 X117.207 Y125.944 E.42389
G3 X115.531 Y128.271 I-10.303 J-5.652 E.07819
G1 X134.469 Y128.271 E.51505
G1 X136.379 Y130.598 E.08188
G1 X113.621 Y130.598 E.61894
G2 X112.04 Y132.925 I6.382 J6.036 E.07684
G1 X137.96 Y132.925 E.70494
G1 X138.847 Y134.674 E.05333
G1 X139.004 Y135.252 E.01629
G1 X126.919 Y135.252 E.32867
G1 X126.75 Y135.166 E.00516
G2 X123.25 Y135.166 I-1.75 J5.092 E.09695
G1 X123.081 Y135.252 E.00516
G1 X110.996 Y135.252 E.32867
G1 X110.364 Y137.579 E.06558
G1 X120.508 Y137.579 E.27588
G1 X120.166 Y138.25 E.02048
G2 X119.861 Y139.906 I7.597 J2.251 E.04588
G1 X110.219 Y139.906 E.26223
G2 X110.411 Y142.233 I7.914 J.521 E.06373
G1 X120.412 Y142.233 E.272
G1 X120.743 Y142.883 E.01984
G2 X122.21 Y144.304 I4.621 J-3.301 E.05585
G1 E-.64 F2100
;WIPE_START
G1 F9600
G3 X121.601 Y143.834 I3.154 J-4.723 E-.16
;WIPE_END
G1 X127.422 Y135.508 Z3.977 F12000
G1 Z3.8 F720
G1 E.8 F1500
G1 F3000
G3 X128.158 Y135.943 I-1.352 J3.13 E.02331
G3 X129.257 Y137.117 I-5.74 J6.474 E.0438
G1 X129.492 Y137.579 E.0141
G1 X139.639 Y137.59 E.27597
G1 X139.781 Y139.906 E.06311
G1 X130.139 Y139.906 E.26223
G3 X129.834 Y141.75 I-6.874 J-.187 E.05099
G1 X129.588 Y142.233 E.01474
G1 X139.589 Y142.233 E.272
G3 X139.045 Y144.56 I-7.23 J-.464 E.06529
G1 X127.288 Y144.56 E.31975
G3 X126.426 Y144.94 I-1.973 J-3.313 E.02568
G3 X123.25 Y144.834 I-1.415 J-5.259 E.0877
G1 X122.712 Y144.56 E.01642
G1 X110.955 Y144.56 E.31975
G1 X111.634 Y146.437 E.05429
G1 X111.91 Y146.887 E.01436
G1 X138.09 Y146.887 E.71201
G1 X136.785 Y149.011 E.0678
G1 X136.594 Y149.215 E.0076
G1 X113.406 Y149.215 E.63064
G1 X115.285 Y151.212 E.07457
G1 X115.754 Y151.542 E.0156
G1 X134.246 Y151.542 E.50292
G1 X132.242 Y152.948 E.06658
G1 X130.112 Y153.869 E.06311
G1 X119.888 Y153.869 E.27806
G1 X120.531 Y154.147 F12000
G1 F3000
G1 X123.489 Y154.759 E.08215
G1 X126.511 Y154.759 E.08219
G1 X129.469 Y154.147 E.08215
G1 X129.734 Y154.032 E.00786
G1 E-.64 F2100
;WIPE_START
G1 F9600
G1 X129.469 Y154.147 E-.06003
G1 X128.998 Y154.244 E-.09997
;WIPE_END
G1 X129.513 Y123.365 Z4.339 F12000
G1 X129.552 Y121.038 Z4.373
G1 X129.629 Y116.384 Z4.4
G1 X129.795 Y106.449
G1 Z3.8 F720
G1 E.8 F1500
;TYPE:Overhang perimeter
;WIDTH:0.409868
G1 F900
G1 X129.795 Y106.816 E.0112
G1 X120.205 Y106.816 E.29261
G1 X120.205 Y106.449 E.0112
G1 X129.735 Y106.449 E.29078
;LAYER_CHANGE
;Z:4
;HEIGHT:0.2
;BEFORE_LAYER_CHANGE
G92 E0.0
;4


G1 E-.64 F2100
M73 P57 R12
;WIPE_START
G1 F9600
G1 X129.795 Y106.449 E-.01247
G1 X129.795 Y106.816 E-.07627
;WIPE_END
G1 E-.07126 F2100
G1 X129.795 Y106.816 Z3.8 F12000
G1 X120.711 Y109.125 Z4
;AFTER_LAYER_CHANGE
;4
M486 S-1
M486 S0
G1 Z4 F720
G1 E.8 F1500
;TYPE:Support material interface
;WIDTH:0.37
G1 F2100
G1 X120.163 Y109.125 E.0149
G1 X120.163 Y109.837 E.01936
G1 X120.875 Y109.125 E.02738
G1 X121.62 Y109.125 E.02026
G1 X120.163 Y110.582 E.05604
G1 X120.163 Y111.327 E.02026
G1 X122.366 Y109.125 E.08471
G1 X123.111 Y109.125 E.02026
G1 X120.905 Y111.331 E.08485
G1 X121.65 Y111.331 E.02026
G1 X123.856 Y109.125 E.08485
G1 X124.602 Y109.125 E.02029
G1 X122.396 Y111.331 E.08485
G1 X123.141 Y111.331 E.02026
G1 X125.347 Y109.125 E.08485
G1 X126.093 Y109.125 E.02029
G1 X123.886 Y111.331 E.08487
G1 X124.632 Y111.331 E.02029
G1 X126.838 Y109.125 E.08485
G1 X127.583 Y109.125 E.02026
G1 X125.377 Y111.331 E.08485
G1 X126.123 Y111.331 E.02029
G1 X128.329 Y109.125 E.08485
G1 X129.074 Y109.125 E.02026
G1 X126.868 Y111.331 E.08485
G1 X127.613 Y111.331 E.02026
G1 X129.837 Y109.125 E.08519
G1 X129.837 Y109.854 E.01983
G1 X128.359 Y111.331 E.05683
G1 X129.104 Y111.331 E.02026
G1 X129.837 Y110.599 E.02817
G1 X129.837 Y111.331 E.01991
G1 X129.268 Y111.331 E.01547
G1 X129.837 Y111.818 F12000
;TYPE:Support material
G1 F3000
G1 X129.837 Y111.658 E.00435
G1 X120.163 Y111.658 E.2631
G1 X120.163 Y111.981 E.00878
G1 X129.837 Y111.981 E.2631
G1 X129.837 Y114.308 E.06329
M73 Q57 S12
G1 X120.163 Y114.308 E.2631
G1 X120.115 Y116.635 E.0633
G1 X129.885 Y116.635 E.26571
G2 X130.136 Y118.962 I20.667 J-1.049 E.06369
G1 X119.864 Y118.962 E.27937
G1 X119.314 Y121.29 E.06506
G1 X130.685 Y121.29 E.30925
G2 X131.552 Y123.617 I24.116 J-7.656 E.06756
G1 X118.448 Y123.617 E.35639
G3 X117.207 Y125.944 I-12.216 J-5.02 E.07184
G1 X132.793 Y125.944 E.42389
G2 X134.469 Y128.271 I10.303 J-5.652 E.07819
G1 X115.531 Y128.271 E.51505
G1 X113.621 Y130.598 E.08188
G1 X136.379 Y130.598 E.61894
G3 X137.96 Y132.925 I-6.382 J6.036 E.07684
G1 X112.04 Y132.925 E.70494
G1 X111.153 Y134.674 E.05333
G1 X110.996 Y135.252 E.01629
G1 X123.081 Y135.252 E.32867
G1 X123.25 Y135.166 E.00516
G3 X126.75 Y135.166 I1.75 J5.092 E.09695
G1 X126.919 Y135.252 E.00516
G1 X139.004 Y135.252 E.32867
G1 X139.636 Y137.579 E.06558
G1 X129.492 Y137.579 E.27588
M73 Q58 S12
G3 X129.94 Y138.574 I-4.049 J2.418 E.02974
G1 X130.139 Y139.906 E.03663
G1 X139.781 Y139.906 E.26223
G3 X139.589 Y142.233 I-7.914 J.521 E.06373
G1 X129.588 Y142.233 E.272
G3 X129.057 Y143.158 I-4.2 J-1.796 E.02907
M73 P58 R12
G3 X127.883 Y144.257 I-6.474 J-5.741 E.0438
G1 X127.791 Y144.304 E.00281
G1 E-.64 F2100
;WIPE_START
G1 F9600
G1 X127.883 Y144.257 E-.02147
G2 X128.394 Y143.829 I-5.3 J-6.839 E-.13853
;WIPE_END
G1 X122.21 Y144.304 Z4.108 F12000
G1 Z4 F720
G1 E.8 F1500
G1 F3000
G3 X120.743 Y142.883 I3.154 J-4.722 E.05585
G1 X120.412 Y142.233 E.01984
G1 X110.411 Y142.233 E.272
G3 X110.219 Y139.906 I7.722 J-1.806 E.06373
G1 X119.861 Y139.906 E.26223
G3 X120.166 Y138.25 I7.902 J.595 E.04588
G1 X120.508 Y137.579 E.02048
G1 X110.364 Y137.579 E.27588
G1 X110.953 Y135.41 E.06113
G1 X110.434 Y142.395 F12000
G1 F3000
G2 X110.955 Y144.56 I6.671 J-.46 E.06085
G1 X122.712 Y144.56 E.31975
G1 X123.25 Y144.834 E.01642
G2 X126.426 Y144.94 I1.761 J-5.153 E.0877
G2 X127.288 Y144.56 I-1.111 J-3.693 E.02568
G1 X139.045 Y144.56 E.31975
G1 X138.366 Y146.437 E.05429
G1 X138.09 Y146.887 E.01436
G1 X111.91 Y146.887 E.71201
G1 X113.215 Y149.011 E.0678
G1 X113.406 Y149.215 E.0076
G1 X136.594 Y149.215 E.63064
G1 X134.715 Y151.212 E.07457
G1 X134.246 Y151.542 E.0156
G1 X115.754 Y151.542 E.50292
G1 X117.758 Y152.948 E.06658
G1 X119.888 Y153.869 E.06311
G1 X130.112 Y153.869 E.27806
G1 X129.734 Y154.032 F12000
G1 F3000
G1 X129.469 Y154.147 E.00786
G1 X126.511 Y154.759 E.08215
G1 X123.489 Y154.759 E.08219
G1 X120.531 Y154.147 E.08215
G1 E-.64 F2100
;WIPE_START
G1 F9600
G1 X121.285 Y154.303 E-.16
;WIPE_END
G1 X126.774 Y123.912 Z4.539 F12000
G1 X127.188 Y121.621 Z4.573
G1 X128.015 Y117.041 Z4.6
G1 X129.789 Y107.221
G1 Z4 F720
G1 E.8 F1500
;TYPE:Overhang perimeter
;WIDTH:0.4229
G1 F900
G1 X129.789 Y107.601 E.01201
G1 X120.211 Y107.601 E.30262
G1 X120.211 Y107.221 E.01201
G1 X129.729 Y107.221 E.30073
G1 E-.64 F2100
;WIPE_START
G1 F9600
G1 X129.789 Y107.221 E-.01247
G1 X129.789 Y107.601 E-.07897
;WIPE_END
G1 E-.06856 F2100
M486 S-1
M486 S1
G1 X120.711 Y109.125 Z4.161 F12000
G1 Z4 F720
G1 E.8 F1500
;TYPE:Support material interface
;WIDTH:0.37
G1 F2100
G1 X120.163 Y109.125 E.0149
G1 X120.163 Y109.837 E.01936
G1 X120.875 Y109.125 E.02738
G1 X121.62 Y109.125 E.02026
G1 X120.163 Y110.582 E.05604
G1 X120.163 Y111.327 E.02026
G1 X122.366 Y109.125 E.08471
G1 X123.111 Y109.125 E.02026
G1 X120.905 Y111.331 E.08485
G1 X121.65 Y111.331 E.02026
G1 X123.856 Y109.125 E.08485
G1 X124.602 Y109.125 E.02029
G1 X122.396 Y111.331 E.08485
G1 X123.141 Y111.331 E.02026
G1 X125.347 Y109.125 E.08485
G1 X126.093 Y109.125 E.02029
G1 X123.886 Y111.331 E.08487
G1 X124.632 Y111.331 E.02029
G1 X126.838 Y109.125 E.08485
G1 X127.583 Y109.125 E.02026
G1 X125.377 Y111.331 E.08485
G1 X126.123 Y111.331 E.02029
G1 X128.329 Y109.125 E.08485
G1 X129.074 Y109.125 E.02026
G1 X126.868 Y111.331 E.08485
G1 X127.613 Y111.331 E.02026
G1 X129.837 Y109.125 E.08519
G1 X129.837 Y109.854 E.01983
G1 X128.359 Y111.331 E.05683
G1 X129.104 Y111.331 E.02026
G1 X129.837 Y110.599 E.02817
G1 X129.837 Y111.331 E.01991
G1 X129.268 Y111.331 E.01547
G1 X129.837 Y111.818 F12000
;TYPE:Support material
G1 F3000
G1 X129.837 Y111.658 E.00435
G1 X120.163 Y111.658 E.2631
G1 X120.163 Y111.981 E.00878
G1 X129.837 Y111.981 E.2631
G1 X129.837 Y114.308 E.06329
G1 X120.163 Y114.308 E.2631
G1 X120.115 Y116.635 E.0633
G1 X129.885 Y116.635 E.26571
G2 X130.136 Y118.962 I20.667 J-1.049 E.06369
G1 X119.864 Y118.962 E.27937
G1 X119.314 Y121.29 E.06506
G1 X130.685 Y121.29 E.30925
G2 X131.552 Y123.617 I24.116 J-7.656 E.06756
G1 X118.448 Y123.617 E.35639
G3 X117.207 Y125.944 I-12.216 J-5.02 E.07184
G1 X132.793 Y125.944 E.42389
G2 X134.469 Y128.271 I10.303 J-5.652 E.07819
G1 X115.531 Y128.271 E.51505
G1 X113.621 Y130.598 E.08188
G1 X136.379 Y130.598 E.61894
G3 X137.96 Y132.925 I-6.382 J6.036 E.07684
G1 X112.04 Y132.925 E.70494
G1 X111.153 Y134.674 E.05333
G1 X110.996 Y135.252 E.01629
G1 X123.081 Y135.252 E.32867
G1 X123.25 Y135.166 E.00516
G3 X126.75 Y135.166 I1.75 J5.092 E.09695
G1 X126.919 Y135.252 E.00516
G1 X139.004 Y135.252 E.32867
G1 X139.636 Y137.579 E.06558
G1 X129.492 Y137.579 E.27588
G3 X129.94 Y138.574 I-4.049 J2.418 E.02974
G1 X130.139 Y139.906 E.03663
G1 X139.781 Y139.906 E.26223
G3 X139.589 Y142.233 I-7.914 J.521 E.06373
G1 X129.588 Y142.233 E.272
G3 X129.057 Y143.158 I-4.2 J-1.796 E.02907
G3 X127.883 Y144.257 I-6.474 J-5.741 E.0438
G1 X127.791 Y144.304 E.00281
G1 E-.64 F2100
;WIPE_START
G1 F9600
G1 X127.883 Y144.257 E-.02147
G2 X128.394 Y143.829 I-5.3 J-6.839 E-.13853
;WIPE_END
G1 X122.21 Y144.304 Z4.108 F12000
G1 Z4 F720
G1 E.8 F1500
G1 F3000
G3 X120.743 Y142.883 I3.154 J-4.722 E.05585
G1 X120.412 Y142.233 E.01984
G1 X110.411 Y142.233 E.272
G3 X110.219 Y139.906 I7.722 J-1.806 E.06373
G1 X119.861 Y139.906 E.26223
G3 X120.166 Y138.25 I7.902 J.595 E.04588
G1 X120.508 Y137.579 E.02048
G1 X110.364 Y137.579 E.27588
G1 X110.953 Y135.41 E.06113
G1 X110.434 Y142.395 F12000
G1 F3000
G2 X110.955 Y144.56 I6.671 J-.46 E.06085
G1 X122.712 Y144.56 E.31975
G1 X123.25 Y144.834 E.01642
G2 X126.426 Y144.94 I1.761 J-5.153 E.0877
G2 X127.288 Y144.56 I-1.111 J-3.693 E.02568
G1 X139.045 Y144.56 E.31975
G1 X138.366 Y146.437 E.05429
G1 X138.09 Y146.887 E.01436
G1 X111.91 Y146.887 E.71201
G1 X113.215 Y149.011 E.0678
M73 Q59 S12
G1 X113.406 Y149.215 E.0076
G1 X136.594 Y149.215 E.63064
G1 X134.715 Y151.212 E.07457
M73 P59 R12
G1 X134.246 Y151.542 E.0156
G1 X115.754 Y151.542 E.50292
G1 X117.758 Y152.948 E.06658
G1 X119.888 Y153.869 E.06311
G1 X130.112 Y153.869 E.27806
G1 X129.734 Y154.032 F12000
G1 F3000
G1 X129.469 Y154.147 E.00786
G1 X126.511 Y154.759 E.08215
G1 X123.489 Y154.759 E.08219
G1 X120.531 Y154.147 E.08215
G1 E-.64 F2100
;WIPE_START
G1 F9600
G1 X121.285 Y154.303 E-.16
;WIPE_END
G1 X126.774 Y123.912 Z4.539 F12000
G1 X127.188 Y121.621 Z4.573
G1 X128.015 Y117.041 Z4.6
G1 X129.789 Y107.221
G1 Z4 F720
G1 E.8 F1500
;TYPE:Overhang perimeter
;WIDTH:0.4229
G1 F900
G1 X129.789 Y107.601 E.01201
G1 X120.211 Y107.601 E.30262
G1 X120.211 Y107.221 E.01201
G1 X129.729 Y107.221 E.30073
;LAYER_CHANGE
;Z:4.2
;HEIGHT:0.2
;BEFORE_LAYER_CHANGE
G92 E0.0
;4.2


G1 E-.64 F2100
;WIPE_START
G1 F9600
G1 X129.789 Y107.221 E-.01247
G1 X129.789 Y107.601 E-.07897
;WIPE_END
G1 E-.06856 F2100
G1 X129.789 Y107.601 Z4 F12000
G1 X123.764 Y137.891 Z4.539
G1 X123.31 Y140.173 Z4.573
G1 X122.402 Y144.738 Z4.6
G1 X120.531 Y154.147 Z4.6
;AFTER_LAYER_CHANGE
;4.2
M486 S-1
M486 S0
G1 Z4.2 F720
G1 E.8 F1500
;TYPE:Support material
;WIDTH:0.37
G1 F3000
G1 X123.489 Y154.759 E.08215
G1 X126.511 Y154.759 E.08219
G1 X129.469 Y154.147 E.08215
G1 X129.734 Y154.032 E.00786
G1 X130.112 Y153.869 F12000
G1 F3000
G1 X119.888 Y153.869 E.27806
G1 X117.758 Y152.948 E.06311
G1 X115.754 Y151.542 E.06658
G1 X134.246 Y151.542 E.50292
G1 X134.715 Y151.212 E.0156
G1 X136.594 Y149.215 E.07457
G1 X113.406 Y149.215 E.63064
G1 X113.215 Y149.011 E.0076
G1 X111.91 Y146.887 E.0678
G1 X138.09 Y146.887 E.71201
G1 X138.366 Y146.437 E.01436
G1 X139.045 Y144.56 E.05429
G1 X127.288 Y144.56 E.31975
G3 X126.426 Y144.94 I-1.973 J-3.313 E.02568
G3 X123.25 Y144.834 I-1.415 J-5.259 E.0877
G1 X122.712 Y144.56 E.01642
G1 X110.955 Y144.56 E.31975
G3 X110.434 Y142.395 I6.15 J-2.625 E.06085
G1 X110.953 Y135.41 F12000
G1 F3000
G1 X110.364 Y137.579 E.06113
G1 X120.508 Y137.579 E.27588
G1 X120.166 Y138.25 E.02048
G2 X119.861 Y139.906 I7.597 J2.251 E.04588
G1 X110.219 Y139.906 E.26223
G2 X110.411 Y142.233 I7.914 J.521 E.06373
G1 X120.412 Y142.233 E.272
G1 X120.743 Y142.883 E.01984
G2 X122.21 Y144.304 I4.621 J-3.301 E.05585
G1 E-.64 F2100
;WIPE_START
G1 F9600
G3 X121.601 Y143.834 I3.154 J-4.723 E-.16
;WIPE_END
G1 X127.791 Y144.304 Z4.308 F12000
G1 Z4.2 F720
G1 E.8 F1500
G1 F3000
G1 X127.883 Y144.257 E.00281
G2 X129.057 Y143.158 I-5.3 J-6.84 E.0438
G2 X129.588 Y142.233 I-3.669 J-2.721 E.02907
G1 X139.589 Y142.233 E.272
G2 X139.781 Y139.906 I-7.722 J-1.806 E.06373
G1 X130.139 Y139.906 E.26223
G1 X129.94 Y138.574 E.03663
G2 X129.492 Y137.579 I-4.497 J1.423 E.02974
G1 X139.636 Y137.579 E.27588
G1 X139.004 Y135.252 E.06558
G1 X126.919 Y135.252 E.32867
G1 X126.75 Y135.166 E.00516
G2 X123.25 Y135.166 I-1.75 J5.092 E.09695
G1 X123.081 Y135.252 E.00516
G1 X110.996 Y135.252 E.32867
G1 X111.153 Y134.674 E.01629
G1 X112.04 Y132.925 E.05333
G1 X137.96 Y132.925 E.70494
G2 X136.379 Y130.598 I-7.963 J3.709 E.07684
G1 X113.621 Y130.598 E.61894
G1 X115.531 Y128.271 E.08188
G1 X134.469 Y128.271 E.51505
G3 X132.793 Y125.944 I8.627 J-7.979 E.07819
G1 X117.207 Y125.944 E.42389
G2 X118.448 Y123.617 I-10.976 J-7.347 E.07184
G1 X131.552 Y123.617 E.35639
G3 X130.685 Y121.29 I23.259 J-9.987 E.06756
G1 X119.314 Y121.29 E.30925
G1 X119.864 Y118.962 E.06506
G1 X130.136 Y118.962 E.27937
G3 X129.885 Y116.635 I20.416 J-3.376 E.06369
G1 X120.115 Y116.635 E.26571
G1 X120.163 Y114.308 E.0633
G1 X129.837 Y114.308 E.2631
G1 X129.837 Y112.447 E.05061
G1 X120.163 Y112.447 E.2631
G1 X120.163 Y114.145 E.04618
G1 E-.64 F2100
;WIPE_START
G1 F9600
G1 X120.163 Y113.375 E-.16
;WIPE_END
G1 X120.163 Y112.09 Z4.222 F12000
G1 Z4.2 F720
G1 E.8 F1500
;TYPE:Support material interface
G1 F2100
G1 X120.939 Y112.12 E.02112
G1 X120.163 Y111.344 E.02985
G1 X120.163 Y110.599 E.02026
G1 X121.684 Y112.12 E.0585
G1 X122.43 Y112.12 E.02029
G1 X120.224 Y109.914 E.08485
G1 X120.969 Y109.914 E.02026
G1 X123.175 Y112.12 E.08485
G1 X123.921 Y112.12 E.02029
G1 X121.714 Y109.914 E.08487
G1 X122.46 Y109.914 E.02029
G1 X124.666 Y112.12 E.08485
G1 X125.411 Y112.12 E.02026
G1 X123.205 Y109.914 E.08485
G1 X123.951 Y109.914 E.02029
G1 X126.157 Y112.12 E.08485
G1 X126.902 Y112.12 E.02026
G1 X124.696 Y109.914 E.08485
G1 X125.441 Y109.914 E.02026
G1 X127.648 Y112.12 E.08487
G1 X128.393 Y112.12 E.02026
G1 X126.187 Y109.914 E.08485
G1 X126.932 Y109.914 E.02026
G1 X129.138 Y112.12 E.08485
G1 X129.837 Y112.12 E.01901
G1 X129.837 Y112.073 E.00128
G1 X127.678 Y109.914 E.08304
G1 X128.423 Y109.914 E.02026
G1 X129.837 Y111.327 E.05437
G1 X129.837 Y110.582 E.02026
G1 X129.168 Y109.914 E.02571
G1 X129.837 Y109.914 E.01819
G1 X129.837 Y110.418 E.01371
G1 E-.64
;WIPE_START
G1 F9600
G1 X129.837 Y109.914 E-.10474
G1 X129.571 Y109.914 E-.05526
;WIPE_END
G1 X129.783 Y107.993 Z4.234 F12000
G1 Z4.2 F720
G1 E.8 F1500
M204 P700
;TYPE:External perimeter
;WIDTH:0.434511
G1 F900
G1 X129.783 Y108.013 E.00065
M204 P1000
;TYPE:Overhang perimeter
G1 X129.783 Y108.384 E.01208
G1 X120.217 Y108.384 E.31148
G1 X120.217 Y108.013 E.01208
M204 P700
;TYPE:External perimeter
G1 X120.217 Y107.993 E.00065
G1 X129.723 Y107.993 E.30952
M204 P1000
G1 E-.64 F2100
M73 Q60 S12
;WIPE_START
G1 F9600
G1 X129.783 Y107.993 E-.01247
G1 X129.783 Y108.013 E-.00416
;WIPE_END
G1 E-.14337 F2100
G1 X123.71 Y138.293 Z4.739 F12000
G1 X123.253 Y140.575 Z4.773
G1 X122.337 Y145.139 Z4.8
M486 S-1
M486 S1
G1 X120.531 Y154.147
G1 Z4.2 F720
G1 E.8 F1500
;TYPE:Support material
;WIDTH:0.37
G1 F3000
G1 X123.489 Y154.759 E.08215
G1 X126.511 Y154.759 E.08219
G1 X129.469 Y154.147 E.08215
G1 X129.734 Y154.032 E.00786
G1 X130.112 Y153.869 F12000
G1 F3000
G1 X119.888 Y153.869 E.27806
G1 X117.758 Y152.948 E.06311
M73 P60 R12
G1 X115.754 Y151.542 E.06658
G1 X134.246 Y151.542 E.50292
G1 X134.715 Y151.212 E.0156
G1 X136.594 Y149.215 E.07457
G1 X113.406 Y149.215 E.63064
G1 X113.215 Y149.011 E.0076
G1 X111.91 Y146.887 E.0678
G1 X138.09 Y146.887 E.71201
G1 X138.366 Y146.437 E.01436
G1 X139.045 Y144.56 E.05429
G1 X127.288 Y144.56 E.31975
G3 X126.426 Y144.94 I-1.973 J-3.313 E.02568
G3 X123.25 Y144.834 I-1.415 J-5.259 E.0877
G1 X122.712 Y144.56 E.01642
G1 X110.955 Y144.56 E.31975
G3 X110.434 Y142.395 I6.15 J-2.625 E.06085
G1 X110.953 Y135.41 F12000
G1 F3000
G1 X110.364 Y137.579 E.06113
G1 X120.508 Y137.579 E.27588
G1 X120.166 Y138.25 E.02048
G2 X119.861 Y139.906 I7.597 J2.251 E.04588
G1 X110.219 Y139.906 E.26223
G2 X110.411 Y142.233 I7.914 J.521 E.06373
G1 X120.412 Y142.233 E.272
G1 X120.743 Y142.883 E.01984
G2 X122.21 Y144.304 I4.621 J-3.301 E.05585
G1 E-.64 F2100
;WIPE_START
G1 F9600
G3 X121.601 Y143.834 I3.154 J-4.723 E-.16
;WIPE_END
G1 X127.791 Y144.304 Z4.308 F12000
G1 Z4.2 F720
G1 E.8 F1500
G1 F3000
G1 X127.883 Y144.257 E.00281
G2 X129.057 Y143.158 I-5.3 J-6.84 E.0438
G2 X129.588 Y142.233 I-3.669 J-2.721 E.02907
G1 X139.589 Y142.233 E.272
G2 X139.781 Y139.906 I-7.722 J-1.806 E.06373
G1 X130.139 Y139.906 E.26223
G1 X129.94 Y138.574 E.03663
G2 X129.492 Y137.579 I-4.497 J1.423 E.02974
G1 X139.636 Y137.579 E.27588
G1 X139.004 Y135.252 E.06558
G1 X126.919 Y135.252 E.32867
G1 X126.75 Y135.166 E.00516
G2 X123.25 Y135.166 I-1.75 J5.092 E.09695
G1 X123.081 Y135.252 E.00516
G1 X110.996 Y135.252 E.32867
G1 X111.153 Y134.674 E.01629
G1 X112.04 Y132.925 E.05333
G1 X137.96 Y132.925 E.70494
G2 X136.379 Y130.598 I-7.963 J3.709 E.07684
G1 X113.621 Y130.598 E.61894
G1 X115.531 Y128.271 E.08188
G1 X134.469 Y128.271 E.51505
G3 X132.793 Y125.944 I8.627 J-7.979 E.07819
G1 X117.207 Y125.944 E.42389
G2 X118.448 Y123.617 I-10.976 J-7.347 E.07184
G1 X131.552 Y123.617 E.35639
G3 X130.685 Y121.29 I23.259 J-9.987 E.06756
G1 X119.314 Y121.29 E.30925
G1 X119.864 Y118.962 E.06506
G1 X130.136 Y118.962 E.27937
G3 X129.885 Y116.635 I20.416 J-3.376 E.06369
G1 X120.115 Y116.635 E.26571
G1 X120.163 Y114.308 E.0633
G1 X129.837 Y114.308 E.2631
G1 X129.837 Y112.447 E.05061
G1 X120.163 Y112.447 E.2631
G1 X120.163 Y114.145 E.04618
G1 E-.64 F2100
;WIPE_START
G1 F9600
G1 X120.163 Y113.375 E-.16
;WIPE_END
G1 X120.163 Y112.09 Z4.222 F12000
G1 Z4.2 F720
G1 E.8 F1500
;TYPE:Support material interface
G1 F2100
G1 X120.939 Y112.12 E.02112
G1 X120.163 Y111.344 E.02985
G1 X120.163 Y110.599 E.02026
G1 X121.684 Y112.12 E.0585
G1 X122.43 Y112.12 E.02029
G1 X120.224 Y109.914 E.08485
G1 X120.969 Y109.914 E.02026
G1 X123.175 Y112.12 E.08485
G1 X123.921 Y112.12 E.02029
G1 X121.714 Y109.914 E.08487
G1 X122.46 Y109.914 E.02029
G1 X124.666 Y112.12 E.08485
G1 X125.411 Y112.12 E.02026
G1 X123.205 Y109.914 E.08485
G1 X123.951 Y109.914 E.02029
G1 X126.157 Y112.12 E.08485
G1 X126.902 Y112.12 E.02026
G1 X124.696 Y109.914 E.08485
G1 X125.441 Y109.914 E.02026
G1 X127.648 Y112.12 E.08487
G1 X128.393 Y112.12 E.02026
G1 X126.187 Y109.914 E.08485
G1 X126.932 Y109.914 E.02026
G1 X129.138 Y112.12 E.08485
G1 X129.837 Y112.12 E.01901
G1 X129.837 Y112.073 E.00128
G1 X127.678 Y109.914 E.08304
G1 X128.423 Y109.914 E.02026
G1 X129.837 Y111.327 E.05437
G1 X129.837 Y110.582 E.02026
G1 X129.168 Y109.914 E.02571
G1 X129.837 Y109.914 E.01819
G1 X129.837 Y110.418 E.01371
G1 E-.64
;WIPE_START
G1 F9600
G1 X129.837 Y109.914 E-.10474
G1 X129.571 Y109.914 E-.05526
;WIPE_END
G1 X129.783 Y107.993 Z4.234 F12000
G1 Z4.2 F720
G1 E.8 F1500
M204 P700
;TYPE:External perimeter
;WIDTH:0.434511
G1 F900
G1 X129.783 Y108.013 E.00065
M204 P1000
;TYPE:Overhang perimeter
G1 X129.783 Y108.384 E.01208
G1 X120.217 Y108.384 E.31148
G1 X120.217 Y108.013 E.01208
M204 P700
;TYPE:External perimeter
G1 X120.217 Y107.993 E.00065
G1 X129.723 Y107.993 E.30952
M204 P1000
;LAYER_CHANGE
;Z:4.4
;HEIGHT:0.2
;BEFORE_LAYER_CHANGE
G92 E0.0
;4.4


G1 E-.64 F2100
;WIPE_START
G1 F9600
G1 X129.783 Y107.993 E-.01247
G1 X129.783 Y108.013 E-.00416
;WIPE_END
G1 E-.14337 F2100
G1 X129.783 Y108.013 Z4.2 F12000
G1 X123.71 Y138.293 Z4.739
G1 X123.253 Y140.575 Z4.773
G1 X122.337 Y145.139 Z4.8
G1 X120.531 Y154.147 Z4.8
;AFTER_LAYER_CHANGE
;4.4
M486 S-1
M486 S0
G1 Z4.4 F720
G1 E.8 F1500
;TYPE:Support material
;WIDTH:0.37
G1 F3000
G1 X123.489 Y154.759 E.08215
G1 X126.511 Y154.759 E.08219
G1 X129.469 Y154.147 E.08215
G1 X129.734 Y154.032 E.00786
G1 X130.112 Y153.869 F12000
G1 F3000
G1 X119.888 Y153.869 E.27806
G1 X117.758 Y152.948 E.06311
G1 X115.754 Y151.542 E.06658
G1 X134.246 Y151.542 E.50292
G1 X134.715 Y151.212 E.0156
M73 P60 R11
G1 X136.594 Y149.215 E.07457
G1 X113.406 Y149.215 E.63064
G1 X113.215 Y149.011 E.0076
G1 X111.91 Y146.887 E.0678
G1 X138.09 Y146.887 E.71201
G1 X138.366 Y146.437 E.01436
G1 X139.045 Y144.56 E.05429
G1 X127.288 Y144.56 E.31975
G3 X126.426 Y144.94 I-1.973 J-3.313 E.02568
G3 X123.25 Y144.834 I-1.415 J-5.259 E.0877
G1 X122.712 Y144.56 E.01642
G1 X110.955 Y144.56 E.31975
G3 X110.434 Y142.395 I6.15 J-2.625 E.06085
M73 Q61 S11
G1 X110.953 Y135.41 F12000
G1 F3000
G1 X110.364 Y137.579 E.06113
G1 X120.508 Y137.579 E.27588
G1 X120.166 Y138.25 E.02048
G2 X119.861 Y139.906 I7.597 J2.251 E.04588
G1 X110.219 Y139.906 E.26223
G2 X110.411 Y142.233 I7.914 J.521 E.06373
G1 X120.412 Y142.233 E.272
G1 X120.743 Y142.883 E.01984
M73 P61 R11
G2 X122.21 Y144.304 I4.621 J-3.301 E.05585
G1 E-.64 F2100
;WIPE_START
G1 F9600
G3 X121.601 Y143.834 I3.154 J-4.723 E-.16
;WIPE_END
G1 X127.79 Y144.304 Z4.508 F12000
G1 Z4.4 F720
G1 E.8 F1500
G1 F3000
G1 X127.883 Y144.257 E.00283
G2 X129.057 Y143.158 I-5.3 J-6.84 E.0438
G2 X129.588 Y142.233 I-3.669 J-2.721 E.02907
G1 X139.589 Y142.233 E.272
G2 X139.781 Y139.906 I-7.722 J-1.806 E.06373
G1 X130.139 Y139.906 E.26223
G1 X129.94 Y138.574 E.03663
G2 X129.492 Y137.579 I-4.497 J1.423 E.02974
G1 X139.636 Y137.579 E.27588
G1 X139.004 Y135.252 E.06558
G1 X126.919 Y135.252 E.32867
G1 X126.75 Y135.166 E.00516
G2 X123.25 Y135.166 I-1.75 J5.092 E.09695
G1 X123.081 Y135.252 E.00516
G1 X110.996 Y135.252 E.32867
G1 X111.153 Y134.674 E.01629
G1 X112.04 Y132.925 E.05333
G1 X137.96 Y132.925 E.70494
G2 X136.379 Y130.598 I-7.963 J3.709 E.07684
G1 X113.621 Y130.598 E.61894
G1 X115.531 Y128.271 E.08188
G1 X134.469 Y128.271 E.51505
G3 X132.793 Y125.944 I8.627 J-7.979 E.07819
G1 X117.207 Y125.944 E.42389
G2 X118.448 Y123.617 I-10.977 J-7.348 E.07184
G1 X131.552 Y123.617 E.35639
G3 X130.685 Y121.29 I23.268 J-9.99 E.06756
G1 X119.314 Y121.29 E.30925
G1 X119.864 Y118.962 E.06506
G1 X130.136 Y118.962 E.27937
G3 X129.885 Y116.635 I20.416 J-3.376 E.06369
G1 X120.115 Y116.635 E.26571
G1 X120.163 Y114.308 E.0633
G1 X129.837 Y114.308 E.2631
G1 X129.837 Y113.236 E.02915
G1 X120.163 Y113.236 E.2631
G1 X120.163 Y114.145 E.02472
G1 E-.64 F2100
;WIPE_START
G1 F9600
G1 X120.163 Y113.375 E-.16
;WIPE_END
G1 X120.625 Y110.703 Z4.447 F12000
G1 Z4.4 F720
G1 E.8 F1500
;TYPE:Support material interface
G1 F2100
G1 X120.163 Y110.703 E.01256
G1 X120.163 Y111.327 E.01697
G1 X120.788 Y110.703 E.02402
G1 X121.534 Y110.703 E.02029
G1 X120.163 Y112.073 E.05271
G1 X120.163 Y112.818 E.02026
G1 X122.279 Y110.703 E.08137
G1 X123.024 Y110.703 E.02026
G1 X120.818 Y112.909 E.08485
G1 X121.564 Y112.909 E.02029
G1 X123.77 Y110.703 E.08485
G1 X124.515 Y110.703 E.02026
G1 X122.309 Y112.909 E.08485
G1 X123.054 Y112.909 E.02026
G1 X125.261 Y110.703 E.08487
G1 X126.006 Y110.703 E.02026
G1 X123.8 Y112.909 E.08485
G1 X124.545 Y112.909 E.02026
G1 X126.751 Y110.703 E.08485
G1 X127.497 Y110.703 E.02029
G1 X125.291 Y112.909 E.08485
G1 X126.036 Y112.909 E.02026
G1 X128.242 Y110.703 E.08485
G1 X128.988 Y110.703 E.02029
G1 X126.781 Y112.909 E.08487
G1 X127.527 Y112.909 E.02029
G1 X129.733 Y110.703 E.08485
G1 X129.837 Y110.703 E.00283
G1 X129.837 Y111.344 E.01743
G1 X128.272 Y112.909 E.06019
G1 X129.018 Y112.909 E.02029
G1 X129.837 Y112.09 E.0315
G1 X129.837 Y112.835 E.02026
G1 X129.763 Y112.909 E.00285
G1 E-.64
;WIPE_START
G1 F9600
G1 X129.837 Y112.835 E-.02175
G1 X129.837 Y112.17 E-.13825
;WIPE_END
G1 X129.777 Y108.764 Z4.459 F12000
G1 Z4.4 F720
G1 E.8 F1500
M204 P700
;TYPE:External perimeter
;WIDTH:0.446122
G1 F900
G1 X129.777 Y108.802 E.00127
M204 P1000
;TYPE:Overhang perimeter
G1 X129.777 Y109.167 E.01224
G1 X120.223 Y109.167 E.32031
G1 X120.223 Y108.802 E.01224
M204 P700
;TYPE:External perimeter
G1 X120.223 Y108.764 E.00127
G1 X129.717 Y108.764 E.3183
M204 P1000
G1 E-.64 F2100
;WIPE_START
G1 F9600
G1 X129.777 Y108.764 E-.01247
G1 X129.777 Y108.802 E-.0079
;WIPE_END
G1 E-.13963 F2100
G1 X123.607 Y139.062 Z4.939 F12000
G1 X123.142 Y141.343 Z4.973
G1 X122.212 Y145.904 Z5
M486 S-1
M486 S1
G1 X120.531 Y154.147
G1 Z4.4 F720
G1 E.8 F1500
;TYPE:Support material
;WIDTH:0.37
G1 F3000
G1 X123.489 Y154.759 E.08215
G1 X126.511 Y154.759 E.08219
G1 X129.469 Y154.147 E.08215
G1 X129.734 Y154.032 E.00786
G1 X130.112 Y153.869 F12000
G1 F3000
G1 X119.888 Y153.869 E.27806
G1 X117.758 Y152.948 E.06311
G1 X115.754 Y151.542 E.06658
G1 X134.246 Y151.542 E.50292
G1 X134.715 Y151.212 E.0156
G1 X136.594 Y149.215 E.07457
G1 X113.406 Y149.215 E.63064
G1 X113.215 Y149.011 E.0076
G1 X111.91 Y146.887 E.0678
G1 X138.09 Y146.887 E.71201
G1 X138.366 Y146.437 E.01436
G1 X139.045 Y144.56 E.05429
G1 X127.288 Y144.56 E.31975
G3 X126.426 Y144.94 I-1.973 J-3.313 E.02568
G3 X123.25 Y144.834 I-1.415 J-5.259 E.0877
G1 X122.712 Y144.56 E.01642
G1 X110.955 Y144.56 E.31975
G3 X110.434 Y142.395 I6.15 J-2.625 E.06085
G1 X110.953 Y135.41 F12000
G1 F3000
G1 X110.364 Y137.579 E.06113
G1 X120.508 Y137.579 E.27588
G1 X120.166 Y138.25 E.02048
G2 X119.861 Y139.906 I7.597 J2.251 E.04588
G1 X110.219 Y139.906 E.26223
G2 X110.411 Y142.233 I7.914 J.521 E.06373
G1 X120.412 Y142.233 E.272
G1 X120.743 Y142.883 E.01984
G2 X122.21 Y144.304 I4.621 J-3.301 E.05585
G1 E-.64 F2100
;WIPE_START
G1 F9600
G3 X121.601 Y143.834 I3.154 J-4.723 E-.16
;WIPE_END
G1 X127.79 Y144.304 Z4.508 F12000
G1 Z4.4 F720
G1 E.8 F1500
G1 F3000
G1 X127.883 Y144.257 E.00283
G2 X129.057 Y143.158 I-5.3 J-6.84 E.0438
G2 X129.588 Y142.233 I-3.669 J-2.721 E.02907
G1 X139.589 Y142.233 E.272
G2 X139.781 Y139.906 I-7.722 J-1.806 E.06373
G1 X130.139 Y139.906 E.26223
G1 X129.94 Y138.574 E.03663
G2 X129.492 Y137.579 I-4.497 J1.423 E.02974
G1 X139.636 Y137.579 E.27588
G1 X139.004 Y135.252 E.06558
G1 X126.919 Y135.252 E.32867
G1 X126.75 Y135.166 E.00516
G2 X123.25 Y135.166 I-1.75 J5.092 E.09695
G1 X123.081 Y135.252 E.00516
G1 X110.996 Y135.252 E.32867
G1 X111.153 Y134.674 E.01629
G1 X112.04 Y132.925 E.05333
G1 X137.96 Y132.925 E.70494
G2 X136.379 Y130.598 I-7.963 J3.709 E.07684
M73 Q62 S11
G1 X113.621 Y130.598 E.61894
G1 X115.531 Y128.271 E.08188
G1 X134.469 Y128.271 E.51505
G3 X132.793 Y125.944 I8.627 J-7.979 E.07819
M73 P62 R11
G1 X117.207 Y125.944 E.42389
G2 X118.448 Y123.617 I-10.977 J-7.348 E.07184
G1 X131.552 Y123.617 E.35639
G3 X130.685 Y121.29 I23.268 J-9.99 E.06756
G1 X119.314 Y121.29 E.30925
G1 X119.864 Y118.962 E.06506
G1 X130.136 Y118.962 E.27937
G3 X129.885 Y116.635 I20.416 J-3.376 E.06369
G1 X120.115 Y116.635 E.26571
G1 X120.163 Y114.308 E.0633
G1 X129.837 Y114.308 E.2631
G1 X129.837 Y113.236 E.02915
G1 X120.163 Y113.236 E.2631
G1 X120.163 Y114.145 E.02472
G1 E-.64 F2100
;WIPE_START
G1 F9600
G1 X120.163 Y113.375 E-.16
;WIPE_END
G1 X120.625 Y110.703 Z4.447 F12000
G1 Z4.4 F720
G1 E.8 F1500
;TYPE:Support material interface
G1 F2100
G1 X120.163 Y110.703 E.01256
G1 X120.163 Y111.327 E.01697
G1 X120.788 Y110.703 E.02402
G1 X121.534 Y110.703 E.02029
G1 X120.163 Y112.073 E.05271
G1 X120.163 Y112.818 E.02026
G1 X122.279 Y110.703 E.08137
G1 X123.024 Y110.703 E.02026
G1 X120.818 Y112.909 E.08485
G1 X121.564 Y112.909 E.02029
G1 X123.77 Y110.703 E.08485
G1 X124.515 Y110.703 E.02026
G1 X122.309 Y112.909 E.08485
G1 X123.054 Y112.909 E.02026
G1 X125.261 Y110.703 E.08487
G1 X126.006 Y110.703 E.02026
G1 X123.8 Y112.909 E.08485
G1 X124.545 Y112.909 E.02026
G1 X126.751 Y110.703 E.08485
G1 X127.497 Y110.703 E.02029
G1 X125.291 Y112.909 E.08485
G1 X126.036 Y112.909 E.02026
G1 X128.242 Y110.703 E.08485
G1 X128.988 Y110.703 E.02029
G1 X126.781 Y112.909 E.08487
G1 X127.527 Y112.909 E.02029
G1 X129.733 Y110.703 E.08485
G1 X129.837 Y110.703 E.00283
G1 X129.837 Y111.344 E.01743
G1 X128.272 Y112.909 E.06019
G1 X129.018 Y112.909 E.02029
G1 X129.837 Y112.09 E.0315
G1 X129.837 Y112.835 E.02026
G1 X129.763 Y112.909 E.00285
G1 E-.64
;WIPE_START
G1 F9600
G1 X129.837 Y112.835 E-.02175
G1 X129.837 Y112.17 E-.13825
;WIPE_END
G1 X129.777 Y108.764 Z4.459 F12000
G1 Z4.4 F720
G1 E.8 F1500
M204 P700
;TYPE:External perimeter
;WIDTH:0.446122
G1 F900
G1 X129.777 Y108.802 E.00127
M204 P1000
;TYPE:Overhang perimeter
G1 X129.777 Y109.167 E.01224
G1 X120.223 Y109.167 E.32031
G1 X120.223 Y108.802 E.01224
M204 P700
;TYPE:External perimeter
G1 X120.223 Y108.764 E.00127
G1 X129.717 Y108.764 E.3183
M204 P1000
;LAYER_CHANGE
;Z:4.6
;HEIGHT:0.2
;BEFORE_LAYER_CHANGE
G92 E0.0
;4.6


G1 E-.64 F2100
;WIPE_START
G1 F9600
G1 X129.777 Y108.764 E-.01247
G1 X129.777 Y108.802 E-.0079
;WIPE_END
G1 E-.13963 F2100
G1 X129.777 Y108.802 Z4.4 F12000
G1 X129.747 Y139.685 Z4.939
G1 X129.745 Y142.012 Z4.973
G1 X129.741 Y146.667 Z5
G1 X129.734 Y154.032 Z5
;AFTER_LAYER_CHANGE
;4.6
M486 S-1
M486 S0
G1 Z4.6 F720
G1 E.8 F1500
;TYPE:Support material
;WIDTH:0.37
G1 F3000
G1 X129.469 Y154.147 E.00786
G1 X126.511 Y154.759 E.08215
G1 X123.489 Y154.759 E.08219
G1 X120.531 Y154.147 E.08215
G1 X119.888 Y153.869 F12000
G1 F3000
G1 X130.112 Y153.869 E.27806
G1 X132.242 Y152.948 E.06311
G1 X134.246 Y151.542 E.06658
G1 X115.754 Y151.542 E.50292
G1 X115.285 Y151.212 E.0156
G1 X113.406 Y149.215 E.07457
G1 X136.594 Y149.215 E.63064
G1 X136.785 Y149.011 E.0076
G1 X138.09 Y146.887 E.0678
G1 X111.91 Y146.887 E.71201
G1 X111.634 Y146.437 E.01436
G1 X110.955 Y144.56 E.05429
G1 X122.712 Y144.56 E.31975
G1 X123.25 Y144.834 E.01642
G2 X126.426 Y144.94 I1.761 J-5.153 E.0877
G2 X127.288 Y144.56 I-1.111 J-3.693 E.02568
G1 X139.045 Y144.56 E.31975
G2 X139.589 Y142.233 I-6.686 J-2.791 E.06529
G1 X129.588 Y142.233 E.272
G1 X129.834 Y141.75 E.01474
G2 X130.139 Y139.906 I-6.569 J-2.031 E.05099
G1 X139.781 Y139.906 E.26223
G1 X139.639 Y137.59 E.06311
G1 X129.492 Y137.579 E.27597
G1 X129.257 Y137.117 E.0141
G2 X128.158 Y135.943 I-6.84 J5.3 E.0438
G2 X127.422 Y135.508 I-2.088 J2.695 E.02331
G1 E-.64 F2100
;WIPE_START
G1 F9600
G3 X128.088 Y135.89 I-1.353 J3.129 E-.16
;WIPE_END
G1 X122.21 Y144.304 Z4.779 F12000
G1 Z4.6 F720
G1 E.8 F1500
G1 F3000
G3 X120.743 Y142.883 I3.154 J-4.722 E.05585
G1 X120.412 Y142.233 E.01984
G1 X110.411 Y142.233 E.272
G3 X110.219 Y139.906 I7.722 J-1.806 E.06373
G1 X119.861 Y139.906 E.26223
G3 X120.166 Y138.25 I7.902 J.595 E.04588
G1 X120.508 Y137.579 E.02048
G1 X110.364 Y137.579 E.27588
G1 X110.996 Y135.252 E.06558
G1 X123.081 Y135.252 E.32867
G1 X123.25 Y135.166 E.00516
G3 X126.75 Y135.166 I1.75 J5.092 E.09695
G1 X126.919 Y135.252 E.00516
G1 X139.004 Y135.252 E.32867
G1 X138.847 Y134.674 E.01629
G1 X137.96 Y132.925 E.05333
G1 X112.04 Y132.925 E.70494
G3 X113.621 Y130.598 I7.963 J3.709 E.07684
G1 X136.379 Y130.598 E.61894
G1 X134.469 Y128.271 E.08188
G1 X115.531 Y128.271 E.51505
G2 X117.207 Y125.944 I-8.627 J-7.979 E.07819
G1 X132.793 Y125.944 E.42389
G3 X131.552 Y123.617 I11 J-7.362 E.07184
G1 X118.448 Y123.617 E.35639
G1 X118.669 Y123.116 E.01489
G1 X119.314 Y121.29 E.05267
G1 X130.685 Y121.29 E.30925
G1 X130.136 Y118.962 E.06505
G1 X119.864 Y118.962 E.27937
G2 X120.115 Y116.635 I-17.395 J-3.051 E.0637
G1 X129.885 Y116.635 E.26571
G1 X129.837 Y114.308 E.0633
G1 X120.163 Y114.308 E.2631
G1 X120.163 Y114.025 E.0077
G1 X129.837 Y114.025 E.2631
G1 X129.837 Y114.145 E.00326
G1 E-.64 F2100
;WIPE_START
G1 F9600
G1 X129.837 Y114.025 E-.02494
G1 X129.187 Y114.025 E-.13506
;WIPE_END
G1 X129.837 Y111.909 Z4.639 F12000
G1 Z4.6 F720
G1 E.8 F1500
;TYPE:Support material interface
G1 F2100
G1 X129.837 Y111.491 E.01137
G1 X129.255 Y111.491 E.01583
G1 X129.837 Y112.073 E.02238
G1 X129.837 Y112.818 E.02026
G1 X128.51 Y111.491 E.05104
M73 Q63 S11
G1 X127.764 Y111.491 E.02029
G1 X129.837 Y113.564 E.07973
G1 X129.837 Y113.698 E.00364
G1 X129.225 Y113.698 E.01664
G1 X127.019 Y111.491 E.08487
G1 X126.274 Y111.491 E.02026
G1 X128.48 Y113.698 E.08487
G1 X127.734 Y113.698 E.02029
G1 X125.528 Y111.491 E.08487
G1 X124.783 Y111.491 E.02026
G1 X126.989 Y113.698 E.08487
G1 X126.244 Y113.698 E.02026
G1 X124.037 Y111.491 E.08489
G1 X123.292 Y111.491 E.02026
G1 X125.498 Y113.698 E.08487
G1 X124.753 Y113.698 E.02026
G1 X122.547 Y111.491 E.08487
G1 X121.801 Y111.491 E.02029
M73 P63 R11
G1 X124.007 Y113.698 E.08487
G1 X123.262 Y113.698 E.02026
G1 X121.056 Y111.491 E.08487
G1 X120.31 Y111.491 E.02029
G1 X122.517 Y113.698 E.08489
G1 X121.771 Y113.698 E.02029
G1 X120.163 Y112.09 E.06185
G1 X120.163 Y112.835 E.02026
G1 X121.026 Y113.698 E.03319
G1 X120.28 Y113.698 E.02029
G1 X120.163 Y113.581 E.0045
G1 E-.64
;WIPE_START
G1 F9600
G1 X120.28 Y113.698 E-.03439
G1 X120.884 Y113.698 E-.12561
;WIPE_END
G1 X129.771 Y109.535 Z4.771 F12000
G1 Z4.6 F720
G1 E.8 F1500
M204 P700
;TYPE:External perimeter
;WIDTH:0.457734
G1 F900
G1 X129.771 Y109.59 E.0019
M204 P1000
;TYPE:Overhang perimeter
;WIDTH:0.457735
G1 X129.771 Y109.95 E.01242
G1 X120.229 Y109.95 E.32912
G1 X120.229 Y109.59 E.01242
M204 P700
;TYPE:External perimeter
;WIDTH:0.457734
G1 X120.229 Y109.535 E.0019
G1 X129.711 Y109.535 E.32705
M204 P1000
G1 E-.64 F2100
;WIPE_START
G1 F9600
G1 X129.771 Y109.535 E-.01247
G1 X129.771 Y109.59 E-.01143
;WIPE_END
G1 E-.1361 F2100
G1 X129.745 Y140.473 Z5.139 F12000
G1 X129.743 Y142.8 Z5.173
G1 X129.739 Y147.455 Z5.2
M486 S-1
M486 S1
G1 X129.734 Y154.032
G1 Z4.6 F720
G1 E.8 F1500
;TYPE:Support material
;WIDTH:0.37
G1 F3000
G1 X129.469 Y154.147 E.00786
G1 X126.511 Y154.759 E.08215
G1 X123.489 Y154.759 E.08219
G1 X120.531 Y154.147 E.08215
G1 X119.888 Y153.869 F12000
G1 F3000
G1 X130.112 Y153.869 E.27806
G1 X132.242 Y152.948 E.06311
G1 X134.246 Y151.542 E.06658
G1 X115.754 Y151.542 E.50292
G1 X115.285 Y151.212 E.0156
G1 X113.406 Y149.215 E.07457
G1 X136.594 Y149.215 E.63064
G1 X136.785 Y149.011 E.0076
G1 X138.09 Y146.887 E.0678
G1 X111.91 Y146.887 E.71201
G1 X111.634 Y146.437 E.01436
G1 X110.955 Y144.56 E.05429
G1 X122.712 Y144.56 E.31975
G1 X123.25 Y144.834 E.01642
G2 X126.426 Y144.94 I1.761 J-5.153 E.0877
G2 X127.288 Y144.56 I-1.111 J-3.693 E.02568
G1 X139.045 Y144.56 E.31975
G2 X139.589 Y142.233 I-6.686 J-2.791 E.06529
G1 X129.588 Y142.233 E.272
G1 X129.834 Y141.75 E.01474
G2 X130.139 Y139.906 I-6.569 J-2.031 E.05099
G1 X139.781 Y139.906 E.26223
G1 X139.639 Y137.59 E.06311
G1 X129.492 Y137.579 E.27597
G1 X129.257 Y137.117 E.0141
G2 X128.158 Y135.943 I-6.84 J5.3 E.0438
G2 X127.422 Y135.508 I-2.088 J2.695 E.02331
G1 E-.64 F2100
;WIPE_START
G1 F9600
G3 X128.088 Y135.89 I-1.353 J3.129 E-.16
;WIPE_END
G1 X122.21 Y144.304 Z4.779 F12000
G1 Z4.6 F720
G1 E.8 F1500
G1 F3000
G3 X120.743 Y142.883 I3.154 J-4.722 E.05585
G1 X120.412 Y142.233 E.01984
G1 X110.411 Y142.233 E.272
G3 X110.219 Y139.906 I7.722 J-1.806 E.06373
G1 X119.861 Y139.906 E.26223
G3 X120.166 Y138.25 I7.902 J.595 E.04588
G1 X120.508 Y137.579 E.02048
G1 X110.364 Y137.579 E.27588
G1 X110.996 Y135.252 E.06558
G1 X123.081 Y135.252 E.32867
G1 X123.25 Y135.166 E.00516
G3 X126.75 Y135.166 I1.75 J5.092 E.09695
G1 X126.919 Y135.252 E.00516
G1 X139.004 Y135.252 E.32867
G1 X138.847 Y134.674 E.01629
G1 X137.96 Y132.925 E.05333
G1 X112.04 Y132.925 E.70494
G3 X113.621 Y130.598 I7.963 J3.709 E.07684
G1 X136.379 Y130.598 E.61894
G1 X134.469 Y128.271 E.08188
G1 X115.531 Y128.271 E.51505
G2 X117.207 Y125.944 I-8.627 J-7.979 E.07819
G1 X132.793 Y125.944 E.42389
G3 X131.552 Y123.617 I11 J-7.362 E.07184
G1 X118.448 Y123.617 E.35639
G1 X118.669 Y123.116 E.01489
G1 X119.314 Y121.29 E.05267
G1 X130.685 Y121.29 E.30925
G1 X130.136 Y118.962 E.06505
G1 X119.864 Y118.962 E.27937
G2 X120.115 Y116.635 I-17.395 J-3.051 E.0637
G1 X129.885 Y116.635 E.26571
G1 X129.837 Y114.308 E.0633
G1 X120.163 Y114.308 E.2631
G1 X120.163 Y114.025 E.0077
G1 X129.837 Y114.025 E.2631
G1 X129.837 Y114.145 E.00326
G1 E-.64 F2100
;WIPE_START
G1 F9600
G1 X129.837 Y114.025 E-.02494
G1 X129.187 Y114.025 E-.13506
;WIPE_END
G1 X129.837 Y111.909 Z4.639 F12000
G1 Z4.6 F720
G1 E.8 F1500
;TYPE:Support material interface
G1 F2100
G1 X129.837 Y111.491 E.01137
G1 X129.255 Y111.491 E.01583
G1 X129.837 Y112.073 E.02238
G1 X129.837 Y112.818 E.02026
G1 X128.51 Y111.491 E.05104
G1 X127.764 Y111.491 E.02029
G1 X129.837 Y113.564 E.07973
G1 X129.837 Y113.698 E.00364
G1 X129.225 Y113.698 E.01664
G1 X127.019 Y111.491 E.08487
G1 X126.274 Y111.491 E.02026
G1 X128.48 Y113.698 E.08487
G1 X127.734 Y113.698 E.02029
G1 X125.528 Y111.491 E.08487
G1 X124.783 Y111.491 E.02026
G1 X126.989 Y113.698 E.08487
G1 X126.244 Y113.698 E.02026
G1 X124.037 Y111.491 E.08489
G1 X123.292 Y111.491 E.02026
G1 X125.498 Y113.698 E.08487
G1 X124.753 Y113.698 E.02026
G1 X122.547 Y111.491 E.08487
G1 X121.801 Y111.491 E.02029
G1 X124.007 Y113.698 E.08487
G1 X123.262 Y113.698 E.02026
G1 X121.056 Y111.491 E.08487
G1 X120.31 Y111.491 E.02029
G1 X122.517 Y113.698 E.08489
G1 X121.771 Y113.698 E.02029
G1 X120.163 Y112.09 E.06185
G1 X120.163 Y112.835 E.02026
G1 X121.026 Y113.698 E.03319
G1 X120.28 Y113.698 E.02029
G1 X120.163 Y113.581 E.0045
G1 E-.64
;WIPE_START
G1 F9600
G1 X120.28 Y113.698 E-.03439
G1 X120.884 Y113.698 E-.12561
;WIPE_END
G1 X129.771 Y109.535 Z4.771 F12000
G1 Z4.6 F720
G1 E.8 F1500
M204 P700
;TYPE:External perimeter
;WIDTH:0.457734
G1 F900
G1 X129.771 Y109.59 E.0019
M204 P1000
;TYPE:Overhang perimeter
;WIDTH:0.457735
G1 X129.771 Y109.95 E.01242
G1 X120.229 Y109.95 E.32912
G1 X120.229 Y109.59 E.01242
M204 P700
;TYPE:External perimeter
;WIDTH:0.457734
G1 X120.229 Y109.535 E.0019
G1 X129.711 Y109.535 E.32705
M204 P1000
;LAYER_CHANGE
;Z:4.8
;HEIGHT:0.2
;BEFORE_LAYER_CHANGE
G92 E0.0
;4.8


G1 E-.64 F2100
;WIPE_START
G1 F9600
G1 X129.771 Y109.535 E-.01247
G1 X129.771 Y109.59 E-.01143
;WIPE_END
G1 E-.1361 F2100
G1 X129.771 Y109.59 Z4.6 F12000
G1 X129.745 Y140.473 Z5.139
G1 X129.743 Y142.8 Z5.173
M73 Q64 S11
G1 X129.739 Y147.455 Z5.2
G1 X129.734 Y154.032 Z5.2
;AFTER_LAYER_CHANGE
;4.8
M486 S-1
M486 S0
G1 Z4.8 F720
G1 E.8 F1500
;TYPE:Support material
;WIDTH:0.37
G1 F3000
G1 X129.469 Y154.147 E.00786
G1 X126.511 Y154.759 E.08215
G1 X123.489 Y154.759 E.08219
G1 X120.531 Y154.147 E.08215
G1 X119.888 Y153.869 F12000
G1 F3000
G1 X130.112 Y153.869 E.27806
G1 X132.242 Y152.948 E.06311
G1 X134.246 Y151.542 E.06658
G1 X115.754 Y151.542 E.50292
G1 X115.285 Y151.212 E.0156
M73 P64 R11
G1 X113.406 Y149.215 E.07457
G1 X136.594 Y149.215 E.63064
G1 X136.785 Y149.011 E.0076
G1 X138.09 Y146.887 E.0678
G1 X111.91 Y146.887 E.71201
G1 X111.634 Y146.437 E.01436
G1 X110.955 Y144.56 E.05429
G1 X122.712 Y144.56 E.31975
G1 X123.25 Y144.834 E.01642
M73 P64 R10
G2 X126.426 Y144.94 I1.761 J-5.153 E.0877
G2 X127.288 Y144.56 I-1.111 J-3.693 E.02568
G1 X139.045 Y144.56 E.31975
G2 X139.589 Y142.233 I-6.686 J-2.791 E.06529
G1 X129.588 Y142.233 E.272
G1 X129.834 Y141.75 E.01474
G2 X130.139 Y139.906 I-6.569 J-2.031 E.05099
G1 X139.781 Y139.906 E.26223
G1 X139.639 Y137.59 E.06311
G1 X129.492 Y137.579 E.27597
G1 X129.257 Y137.117 E.0141
G2 X128.158 Y135.943 I-6.84 J5.3 E.0438
G2 X127.422 Y135.508 I-2.088 J2.694 E.02331
G1 E-.64 F2100
;WIPE_START
G1 F9600
G3 X128.088 Y135.89 I-1.352 J3.129 E-.16
;WIPE_END
G1 X122.21 Y144.304 Z4.979 F12000
G1 Z4.8 F720
M73 Q64 S10
G1 E.8 F1500
G1 F3000
G3 X120.743 Y142.883 I3.154 J-4.722 E.05585
G1 X120.412 Y142.233 E.01984
G1 X110.411 Y142.233 E.272
G3 X110.219 Y139.906 I7.722 J-1.806 E.06373
G1 X119.861 Y139.906 E.26223
G3 X120.166 Y138.25 I7.902 J.595 E.04588
G1 X120.508 Y137.579 E.02048
G1 X110.364 Y137.579 E.27588
G1 X110.996 Y135.252 E.06558
G1 X123.081 Y135.252 E.32867
G1 X123.25 Y135.166 E.00516
G3 X126.75 Y135.166 I1.75 J5.092 E.09695
G1 X126.919 Y135.252 E.00516
G1 X139.004 Y135.252 E.32867
G1 X138.847 Y134.674 E.01629
G1 X137.96 Y132.925 E.05333
G1 X112.04 Y132.925 E.70494
G3 X113.621 Y130.598 I7.963 J3.709 E.07684
G1 X136.379 Y130.598 E.61894
G1 X134.469 Y128.271 E.08188
G1 X115.531 Y128.271 E.51505
G2 X117.207 Y125.944 I-8.627 J-7.979 E.07819
G1 X132.793 Y125.944 E.42389
G3 X131.552 Y123.617 I11.002 J-7.363 E.07184
G1 X118.448 Y123.617 E.35639
G1 X118.669 Y123.116 E.01489
G1 X119.314 Y121.29 E.05267
G1 X130.685 Y121.29 E.30925
G1 X130.136 Y118.962 E.06505
G1 X119.864 Y118.962 E.27937
G2 X120.115 Y116.635 I-17.395 J-3.051 E.0637
G1 X129.885 Y116.635 E.26571
G1 X129.837 Y114.813 E.04957
G1 X120.163 Y114.813 E.2631
G1 X120.122 Y116.472 E.04513
G1 E-.64 F2100
;WIPE_START
G1 F9600
G1 X120.141 Y115.702 E-.16
;WIPE_END
G1 X120.538 Y112.28 Z4.86 F12000
G1 Z4.8 F720
G1 E.8 F1500
;TYPE:Support material interface
G1 F2100
G1 X120.163 Y112.28 E.0102
G1 X120.163 Y112.818 E.01463
G1 X120.702 Y112.28 E.02071
G1 X121.447 Y112.28 E.02026
G1 X120.163 Y113.564 E.04939
G1 X120.163 Y114.309 E.02026
G1 X122.192 Y112.28 E.07804
G1 X122.938 Y112.28 E.02029
G1 X120.732 Y114.486 E.08485
G1 X121.477 Y114.486 E.02026
G1 X123.683 Y112.28 E.08485
G1 X124.429 Y112.28 E.02029
G1 X122.222 Y114.486 E.08487
G1 X122.968 Y114.486 E.02029
G1 X125.174 Y112.28 E.08485
G1 X125.919 Y112.28 E.02026
G1 X123.713 Y114.486 E.08485
G1 X124.459 Y114.486 E.02029
G1 X126.665 Y112.28 E.08485
G1 X127.41 Y112.28 E.02026
G1 X125.204 Y114.486 E.08485
G1 X125.949 Y114.486 E.02026
G1 X128.156 Y112.28 E.08487
G1 X128.901 Y112.28 E.02026
G1 X126.695 Y114.486 E.08485
G1 X127.44 Y114.486 E.02026
G1 X129.646 Y112.28 E.08485
G1 X129.837 Y112.28 E.00519
G1 X129.837 Y112.835 E.01509
G1 X128.186 Y114.486 E.0635
G1 X128.931 Y114.486 E.02026
G1 X129.837 Y113.581 E.03483
G1 X129.837 Y114.326 E.02026
G1 X129.676 Y114.486 E.00617
G1 E-.64
;WIPE_START
G1 F9600
G1 X129.837 Y114.326 E-.04717
G1 X129.837 Y113.783 E-.11283
;WIPE_END
G1 X129.765 Y110.307 Z4.861 F12000
G1 Z4.8 F720
G1 E.8 F1500
M204 P700
;TYPE:External perimeter
;WIDTH:0.469346
G1 F900
G1 X129.765 Y110.379 E.00255
M204 P1000
;TYPE:Overhang perimeter
G1 X129.765 Y110.733 E.01255
G1 X128.273 Y110.733 E.0529
G1 X121.727 Y110.733 E.2321
G1 X120.235 Y110.733 E.0529
G1 X120.235 Y110.379 E.01255
M204 P700
;TYPE:External perimeter
G1 X120.235 Y110.307 E.00255
G1 X129.705 Y110.307 E.33578
M204 P1000
G1 E-.64 F2100
;WIPE_START
G1 F9600
G1 X129.765 Y110.307 E-.01247
G1 X129.765 Y110.379 E-.01496
;WIPE_END
G1 E-.13257 F2100
G1 X129.743 Y141.262 Z5.339 F12000
G1 X129.741 Y143.589 Z5.373
G1 X129.738 Y148.244 Z5.4
M486 S-1
M486 S1
G1 X129.734 Y154.032
G1 Z4.8 F720
G1 E.8 F1500
;TYPE:Support material
;WIDTH:0.37
G1 F3000
G1 X129.469 Y154.147 E.00786
G1 X126.511 Y154.759 E.08215
G1 X123.489 Y154.759 E.08219
G1 X120.531 Y154.147 E.08215
G1 X119.888 Y153.869 F12000
G1 F3000
G1 X130.112 Y153.869 E.27806
G1 X132.242 Y152.948 E.06311
G1 X134.246 Y151.542 E.06658
G1 X115.754 Y151.542 E.50292
G1 X115.285 Y151.212 E.0156
G1 X113.406 Y149.215 E.07457
G1 X136.594 Y149.215 E.63064
G1 X136.785 Y149.011 E.0076
G1 X138.09 Y146.887 E.0678
G1 X111.91 Y146.887 E.71201
G1 X111.634 Y146.437 E.01436
G1 X110.955 Y144.56 E.05429
G1 X122.712 Y144.56 E.31975
G1 X123.25 Y144.834 E.01642
G2 X126.426 Y144.94 I1.761 J-5.153 E.0877
G2 X127.288 Y144.56 I-1.111 J-3.693 E.02568
G1 X139.045 Y144.56 E.31975
G2 X139.589 Y142.233 I-6.686 J-2.791 E.06529
G1 X129.588 Y142.233 E.272
G1 X129.834 Y141.75 E.01474
G2 X130.139 Y139.906 I-6.569 J-2.031 E.05099
G1 X139.781 Y139.906 E.26223
G1 X139.639 Y137.59 E.06311
G1 X129.492 Y137.579 E.27597
G1 X129.257 Y137.117 E.0141
M73 Q65 S10
G2 X128.158 Y135.943 I-6.84 J5.3 E.0438
G2 X127.422 Y135.508 I-2.088 J2.694 E.02331
G1 E-.64 F2100
;WIPE_START
G1 F9600
G3 X128.088 Y135.89 I-1.352 J3.129 E-.16
;WIPE_END
G1 X122.21 Y144.304 Z4.979 F12000
G1 Z4.8 F720
G1 E.8 F1500
G1 F3000
G3 X120.743 Y142.883 I3.154 J-4.722 E.05585
G1 X120.412 Y142.233 E.01984
G1 X110.411 Y142.233 E.272
G3 X110.219 Y139.906 I7.722 J-1.806 E.06373
G1 X119.861 Y139.906 E.26223
G3 X120.166 Y138.25 I7.902 J.595 E.04588
G1 X120.508 Y137.579 E.02048
G1 X110.364 Y137.579 E.27588
G1 X110.996 Y135.252 E.06558
M73 P65 R10
G1 X123.081 Y135.252 E.32867
G1 X123.25 Y135.166 E.00516
G3 X126.75 Y135.166 I1.75 J5.092 E.09695
G1 X126.919 Y135.252 E.00516
G1 X139.004 Y135.252 E.32867
G1 X138.847 Y134.674 E.01629
G1 X137.96 Y132.925 E.05333
G1 X112.04 Y132.925 E.70494
G3 X113.621 Y130.598 I7.963 J3.709 E.07684
G1 X136.379 Y130.598 E.61894
G1 X134.469 Y128.271 E.08188
G1 X115.531 Y128.271 E.51505
G2 X117.207 Y125.944 I-8.627 J-7.979 E.07819
G1 X132.793 Y125.944 E.42389
G3 X131.552 Y123.617 I11.002 J-7.363 E.07184
G1 X118.448 Y123.617 E.35639
G1 X118.669 Y123.116 E.01489
G1 X119.314 Y121.29 E.05267
G1 X130.685 Y121.29 E.30925
G1 X130.136 Y118.962 E.06505
G1 X119.864 Y118.962 E.27937
G2 X120.115 Y116.635 I-17.395 J-3.051 E.0637
G1 X129.885 Y116.635 E.26571
G1 X129.837 Y114.813 E.04957
G1 X120.163 Y114.813 E.2631
G1 X120.122 Y116.472 E.04513
G1 E-.64 F2100
;WIPE_START
G1 F9600
G1 X120.141 Y115.702 E-.16
;WIPE_END
G1 X120.538 Y112.28 Z4.86 F12000
G1 Z4.8 F720
G1 E.8 F1500
;TYPE:Support material interface
G1 F2100
G1 X120.163 Y112.28 E.0102
G1 X120.163 Y112.818 E.01463
G1 X120.702 Y112.28 E.02071
G1 X121.447 Y112.28 E.02026
G1 X120.163 Y113.564 E.04939
G1 X120.163 Y114.309 E.02026
G1 X122.192 Y112.28 E.07804
G1 X122.938 Y112.28 E.02029
G1 X120.732 Y114.486 E.08485
G1 X121.477 Y114.486 E.02026
G1 X123.683 Y112.28 E.08485
G1 X124.429 Y112.28 E.02029
G1 X122.222 Y114.486 E.08487
G1 X122.968 Y114.486 E.02029
G1 X125.174 Y112.28 E.08485
G1 X125.919 Y112.28 E.02026
G1 X123.713 Y114.486 E.08485
G1 X124.459 Y114.486 E.02029
G1 X126.665 Y112.28 E.08485
G1 X127.41 Y112.28 E.02026
G1 X125.204 Y114.486 E.08485
G1 X125.949 Y114.486 E.02026
G1 X128.156 Y112.28 E.08487
G1 X128.901 Y112.28 E.02026
G1 X126.695 Y114.486 E.08485
G1 X127.44 Y114.486 E.02026
G1 X129.646 Y112.28 E.08485
G1 X129.837 Y112.28 E.00519
G1 X129.837 Y112.835 E.01509
G1 X128.186 Y114.486 E.0635
G1 X128.931 Y114.486 E.02026
G1 X129.837 Y113.581 E.03483
G1 X129.837 Y114.326 E.02026
G1 X129.676 Y114.486 E.00617
G1 E-.64
;WIPE_START
G1 F9600
G1 X129.837 Y114.326 E-.04717
G1 X129.837 Y113.783 E-.11283
;WIPE_END
G1 X129.765 Y110.307 Z4.861 F12000
G1 Z4.8 F720
G1 E.8 F1500
M204 P700
;TYPE:External perimeter
;WIDTH:0.469346
G1 F900
G1 X129.765 Y110.379 E.00255
M204 P1000
;TYPE:Overhang perimeter
G1 X129.765 Y110.733 E.01255
G1 X128.273 Y110.733 E.0529
G1 X121.727 Y110.733 E.2321
G1 X120.235 Y110.733 E.0529
G1 X120.235 Y110.379 E.01255
M204 P700
;TYPE:External perimeter
G1 X120.235 Y110.307 E.00255
G1 X129.705 Y110.307 E.33578
M204 P1000
;LAYER_CHANGE
;Z:5
;HEIGHT:0.2
;BEFORE_LAYER_CHANGE
G92 E0.0
;5


G1 E-.64 F2100
;WIPE_START
G1 F9600
G1 X129.765 Y110.307 E-.01247
G1 X129.765 Y110.379 E-.01496
;WIPE_END
G1 E-.13257 F2100
G1 X129.765 Y110.379 Z4.8 F12000
G1 X129.743 Y141.262 Z5.339
G1 X129.741 Y143.589 Z5.373
G1 X129.738 Y148.244 Z5.4
G1 X129.734 Y154.032 Z5.4
;AFTER_LAYER_CHANGE
;5
M486 S-1
M486 S0
G1 Z5 F720
G1 E.8 F1500
;TYPE:Support material
;WIDTH:0.37
G1 F3000
G1 X129.469 Y154.147 E.00786
G1 X126.511 Y154.759 E.08215
G1 X123.489 Y154.759 E.08219
G1 X120.531 Y154.147 E.08215
G1 X119.888 Y153.869 F12000
G1 F3000
G1 X130.112 Y153.869 E.27806
G1 X132.242 Y152.948 E.06311
G1 X134.246 Y151.542 E.06658
G1 X115.754 Y151.542 E.50292
G1 X115.285 Y151.212 E.0156
G1 X113.406 Y149.215 E.07457
G1 X136.594 Y149.215 E.63064
G1 X136.785 Y149.011 E.0076
G1 X138.09 Y146.887 E.0678
G1 X111.91 Y146.887 E.71201
G1 X111.634 Y146.437 E.01436
G1 X110.955 Y144.56 E.05429
G1 X122.712 Y144.56 E.31975
G1 X123.25 Y144.834 E.01642
G2 X126.426 Y144.94 I1.761 J-5.153 E.0877
G2 X127.288 Y144.56 I-1.111 J-3.693 E.02568
G1 X139.045 Y144.56 E.31975
G2 X139.589 Y142.233 I-6.686 J-2.791 E.06529
G1 X129.588 Y142.233 E.272
G1 X129.834 Y141.75 E.01474
G2 X130.139 Y139.906 I-6.569 J-2.031 E.05099
G1 X139.781 Y139.906 E.26223
G1 X139.639 Y137.59 E.06311
G1 X129.492 Y137.579 E.27597
G1 X129.257 Y137.117 E.0141
G2 X128.158 Y135.943 I-6.84 J5.3 E.0438
G2 X127.422 Y135.508 I-2.088 J2.694 E.02331
G1 E-.64 F2100
;WIPE_START
G1 F9600
G3 X128.088 Y135.89 I-1.352 J3.129 E-.16
;WIPE_END
G1 X122.21 Y144.304 Z5.179 F12000
G1 Z5 F720
G1 E.8 F1500
G1 F3000
G3 X120.743 Y142.883 I3.154 J-4.722 E.05585
G1 X120.412 Y142.233 E.01984
G1 X110.411 Y142.233 E.272
G3 X110.219 Y139.906 I7.722 J-1.806 E.06373
G1 X119.861 Y139.906 E.26223
G3 X120.166 Y138.25 I7.902 J.595 E.04588
G1 X120.508 Y137.579 E.02048
G1 X110.364 Y137.579 E.27588
G1 X110.996 Y135.252 E.06558
G1 X123.081 Y135.252 E.32867
G1 X123.25 Y135.166 E.00516
G3 X126.75 Y135.166 I1.75 J5.092 E.09695
G1 X126.919 Y135.252 E.00516
G1 X139.004 Y135.252 E.32867
G1 X138.847 Y134.674 E.01629
G1 X137.96 Y132.925 E.05333
G1 X112.04 Y132.925 E.70494
G3 X113.621 Y130.598 I7.963 J3.709 E.07684
G1 X136.379 Y130.598 E.61894
G1 X134.469 Y128.271 E.08188
G1 X115.531 Y128.271 E.51505
G2 X117.207 Y125.944 I-8.627 J-7.979 E.07819
G1 X132.793 Y125.944 E.42389
G3 X131.552 Y123.617 I11.003 J-7.364 E.07184
M73 Q66 S10
G1 X118.448 Y123.617 E.35639
G1 X118.669 Y123.116 E.01489
G1 X119.314 Y121.29 E.05267
G1 X130.685 Y121.29 E.30925
G1 X130.136 Y118.962 E.06505
G1 X119.864 Y118.962 E.27937
G2 X120.115 Y116.635 I-17.395 J-3.051 E.0637
G1 X129.885 Y116.635 E.26571
G1 X129.844 Y115.685 E.02586
M73 P66 R10
G1 X120.156 Y115.685 E.26348
G1 X120.122 Y116.472 E.02142
G1 X120.286 Y115.358 F12000
;TYPE:Support material interface
G1 F2100
G1 X120.163 Y115.358 E.00335
G1 X120.163 Y115.071 E.00781
G1 X120.45 Y115.358 E.01104
G1 X121.195 Y115.358 E.02026
G1 X120.163 Y114.326 E.03969
G1 X120.163 Y113.581 E.02026
G1 X121.941 Y115.358 E.06837
G1 X122.686 Y115.358 E.02026
G1 X120.397 Y113.069 E.08804
G1 X121.142 Y113.069 E.02026
G1 X123.431 Y115.358 E.08804
G1 X124.177 Y115.358 E.02029
G1 X121.888 Y113.069 E.08804
G1 X122.633 Y113.069 E.02026
G1 X124.922 Y115.358 E.08804
G1 X125.668 Y115.358 E.02029
G1 X123.379 Y113.069 E.08804
G1 X124.124 Y113.069 E.02026
G1 X126.413 Y115.358 E.08804
G1 X127.158 Y115.358 E.02026
G1 X124.869 Y113.069 E.08804
G1 X125.615 Y113.069 E.02029
G1 X127.904 Y115.358 E.08804
G1 X128.649 Y115.358 E.02026
G1 X126.36 Y113.069 E.08804
G1 X127.106 Y113.069 E.02029
G1 X129.395 Y115.358 E.08804
G1 X129.837 Y115.358 E.01202
G1 X129.837 Y115.054 E.00827
G1 X127.851 Y113.069 E.07637
G1 X128.596 Y113.069 E.02026
G1 X129.837 Y114.309 E.04771
G1 X129.837 Y113.564 E.02026
G1 X129.342 Y113.069 E.01904
G1 X129.837 Y113.069 E.01346
G1 X129.837 Y113.4 E.009
G1 E-.64
;WIPE_START
G1 F9600
G1 X129.837 Y113.069 E-.06879
G1 X129.398 Y113.069 E-.09121
;WIPE_END
G1 X129.76 Y111.078 Z5.035 F12000
G1 Z5 F720
G1 E.8 F1500
M204 P700
;TYPE:External perimeter
;WIDTH:0.480957
G1 F900
G1 X129.76 Y111.168 E.00328
M204 P1000
;TYPE:Overhang perimeter
G1 X129.76 Y111.516 E.01268
G1 X128.249 Y111.516 E.05504
G1 X121.751 Y111.516 E.23668
G1 X120.24 Y111.516 E.05504
G1 X120.24 Y111.168 E.01268
M204 P700
;TYPE:External perimeter
G1 X120.24 Y111.078 E.00328
G1 F925.021
G1 X121.313 Y111.078 E.03908
G1 X128.687 Y111.078 E.26858
G1 X129.7 Y111.078 E.0369
M204 P1000
G1 E-.64 F2100
;WIPE_START
G1 F9600
G1 X129.76 Y111.078 E-.01247
G1 X129.76 Y111.168 E-.0187
;WIPE_END
G1 E-.12883 F2100
G1 X129.741 Y142.051 Z5.539 F12000
G1 X129.74 Y144.378 Z5.573
G1 X129.737 Y149.033 Z5.6
M486 S-1
M486 S1
G1 X129.734 Y154.032
G1 Z5 F720
G1 E.8 F1500
;TYPE:Support material
;WIDTH:0.37
G1 F3000
G1 X129.469 Y154.147 E.00786
G1 X126.511 Y154.759 E.08215
G1 X123.489 Y154.759 E.08219
G1 X120.531 Y154.147 E.08215
G1 X119.888 Y153.869 F12000
G1 F3000
G1 X130.112 Y153.869 E.27806
G1 X132.242 Y152.948 E.06311
G1 X134.246 Y151.542 E.06658
G1 X115.754 Y151.542 E.50292
G1 X115.285 Y151.212 E.0156
G1 X113.406 Y149.215 E.07457
G1 X136.594 Y149.215 E.63064
G1 X136.785 Y149.011 E.0076
G1 X138.09 Y146.887 E.0678
G1 X111.91 Y146.887 E.71201
G1 X111.634 Y146.437 E.01436
G1 X110.955 Y144.56 E.05429
G1 X122.712 Y144.56 E.31975
G1 X123.25 Y144.834 E.01642
G2 X126.426 Y144.94 I1.761 J-5.153 E.0877
G2 X127.288 Y144.56 I-1.111 J-3.693 E.02568
G1 X139.045 Y144.56 E.31975
G2 X139.589 Y142.233 I-6.686 J-2.791 E.06529
G1 X129.588 Y142.233 E.272
G1 X129.834 Y141.75 E.01474
G2 X130.139 Y139.906 I-6.569 J-2.031 E.05099
G1 X139.781 Y139.906 E.26223
G1 X139.639 Y137.59 E.06311
G1 X129.492 Y137.579 E.27597
G1 X129.257 Y137.117 E.0141
G2 X128.158 Y135.943 I-6.84 J5.3 E.0438
G2 X127.422 Y135.508 I-2.088 J2.694 E.02331
G1 E-.64 F2100
;WIPE_START
G1 F9600
G3 X128.088 Y135.89 I-1.352 J3.129 E-.16
;WIPE_END
G1 X122.21 Y144.304 Z5.179 F12000
G1 Z5 F720
G1 E.8 F1500
G1 F3000
G3 X120.743 Y142.883 I3.154 J-4.722 E.05585
G1 X120.412 Y142.233 E.01984
G1 X110.411 Y142.233 E.272
G3 X110.219 Y139.906 I7.722 J-1.806 E.06373
G1 X119.861 Y139.906 E.26223
G3 X120.166 Y138.25 I7.902 J.595 E.04588
G1 X120.508 Y137.579 E.02048
G1 X110.364 Y137.579 E.27588
G1 X110.996 Y135.252 E.06558
G1 X123.081 Y135.252 E.32867
G1 X123.25 Y135.166 E.00516
G3 X126.75 Y135.166 I1.75 J5.092 E.09695
G1 X126.919 Y135.252 E.00516
G1 X139.004 Y135.252 E.32867
G1 X138.847 Y134.674 E.01629
G1 X137.96 Y132.925 E.05333
G1 X112.04 Y132.925 E.70494
G3 X113.621 Y130.598 I7.963 J3.709 E.07684
G1 X136.379 Y130.598 E.61894
G1 X134.469 Y128.271 E.08188
G1 X115.531 Y128.271 E.51505
G2 X117.207 Y125.944 I-8.627 J-7.979 E.07819
G1 X132.793 Y125.944 E.42389
G3 X131.552 Y123.617 I11.003 J-7.364 E.07184
G1 X118.448 Y123.617 E.35639
G1 X118.669 Y123.116 E.01489
G1 X119.314 Y121.29 E.05267
G1 X130.685 Y121.29 E.30925
G1 X130.136 Y118.962 E.06505
G1 X119.864 Y118.962 E.27937
G2 X120.115 Y116.635 I-17.395 J-3.051 E.0637
G1 X129.885 Y116.635 E.26571
G1 X129.844 Y115.685 E.02586
G1 X120.156 Y115.685 E.26348
G1 X120.122 Y116.472 E.02142
G1 X120.286 Y115.358 F12000
;TYPE:Support material interface
G1 F2100
G1 X120.163 Y115.358 E.00335
G1 X120.163 Y115.071 E.00781
G1 X120.45 Y115.358 E.01104
G1 X121.195 Y115.358 E.02026
G1 X120.163 Y114.326 E.03969
G1 X120.163 Y113.581 E.02026
G1 X121.941 Y115.358 E.06837
G1 X122.686 Y115.358 E.02026
G1 X120.397 Y113.069 E.08804
G1 X121.142 Y113.069 E.02026
G1 X123.431 Y115.358 E.08804
G1 X124.177 Y115.358 E.02029
G1 X121.888 Y113.069 E.08804
G1 X122.633 Y113.069 E.02026
G1 X124.922 Y115.358 E.08804
G1 X125.668 Y115.358 E.02029
G1 X123.379 Y113.069 E.08804
G1 X124.124 Y113.069 E.02026
G1 X126.413 Y115.358 E.08804
G1 X127.158 Y115.358 E.02026
G1 X124.869 Y113.069 E.08804
G1 X125.615 Y113.069 E.02029
G1 X127.904 Y115.358 E.08804
G1 X128.649 Y115.358 E.02026
G1 X126.36 Y113.069 E.08804
G1 X127.106 Y113.069 E.02029
G1 X129.395 Y115.358 E.08804
G1 X129.837 Y115.358 E.01202
G1 X129.837 Y115.054 E.00827
G1 X127.851 Y113.069 E.07637
G1 X128.596 Y113.069 E.02026
G1 X129.837 Y114.309 E.04771
G1 X129.837 Y113.564 E.02026
G1 X129.342 Y113.069 E.01904
G1 X129.837 Y113.069 E.01346
G1 X129.837 Y113.4 E.009
G1 E-.64
;WIPE_START
G1 F9600
G1 X129.837 Y113.069 E-.06879
G1 X129.398 Y113.069 E-.09121
;WIPE_END
G1 X129.76 Y111.078 Z5.035 F12000
G1 Z5 F720
M73 Q67 S10
G1 E.8 F1500
M204 P700
;TYPE:External perimeter
;WIDTH:0.480957
G1 F900
G1 X129.76 Y111.168 E.00328
M204 P1000
;TYPE:Overhang perimeter
G1 X129.76 Y111.516 E.01268
G1 X128.249 Y111.516 E.05504
G1 X121.751 Y111.516 E.23668
G1 X120.24 Y111.516 E.05504
G1 X120.24 Y111.168 E.01268
M204 P700
;TYPE:External perimeter
G1 X120.24 Y111.078 E.00328
G1 F925.021
G1 X121.313 Y111.078 E.03908
G1 X128.687 Y111.078 E.26858
G1 X129.7 Y111.078 E.0369
M204 P1000
;LAYER_CHANGE
;Z:5.2
;HEIGHT:0.2
;BEFORE_LAYER_CHANGE
G92 E0.0
;5.2


G1 E-.64 F2100
;WIPE_START
G1 F9600
G1 X129.76 Y111.078 E-.01247
G1 X129.76 Y111.168 E-.0187
;WIPE_END
G1 E-.12883 F2100
G1 X129.76 Y111.168 Z5 F12000
G1 X123.276 Y141.363 Z5.539
G1 X122.787 Y143.638 Z5.573
M73 P67 R10
G1 X121.81 Y148.189 Z5.6
G1 X120.531 Y154.147 Z5.6
;AFTER_LAYER_CHANGE
;5.2
M486 S-1
M486 S0
G1 Z5.2 F720
G1 E.8 F1500
;TYPE:Support material
;WIDTH:0.37
G1 F3000
G1 X123.489 Y154.759 E.08215
G1 X126.511 Y154.759 E.08219
G1 X129.469 Y154.147 E.08215
G1 X129.734 Y154.032 E.00786
G1 X130.112 Y153.869 F12000
G1 F3000
G1 X119.888 Y153.869 E.27806
G1 X117.758 Y152.948 E.06311
G1 X115.754 Y151.542 E.06658
G1 X134.246 Y151.542 E.50292
G1 X134.715 Y151.212 E.0156
G1 X136.594 Y149.215 E.07457
G1 X113.406 Y149.215 E.63064
G1 X113.215 Y149.011 E.0076
G1 X111.91 Y146.887 E.0678
G1 X138.09 Y146.887 E.71201
G1 X138.366 Y146.437 E.01436
G1 X139.045 Y144.56 E.05429
G1 X127.288 Y144.56 E.31975
G3 X126.426 Y144.94 I-1.973 J-3.313 E.02568
G3 X123.25 Y144.834 I-1.415 J-5.259 E.0877
G1 X122.712 Y144.56 E.01642
G1 X110.955 Y144.56 E.31975
G3 X110.434 Y142.395 I6.15 J-2.625 E.06085
G1 X110.953 Y135.41 F12000
G1 F3000
G1 X110.364 Y137.579 E.06113
G1 X120.508 Y137.579 E.27588
G1 X120.166 Y138.25 E.02048
G2 X119.861 Y139.906 I7.597 J2.251 E.04588
G1 X110.219 Y139.906 E.26223
G2 X110.411 Y142.233 I7.914 J.521 E.06373
G1 X120.412 Y142.233 E.272
G1 X120.743 Y142.883 E.01984
G2 X122.21 Y144.304 I4.621 J-3.301 E.05585
G1 E-.64 F2100
;WIPE_START
G1 F9600
G3 X121.601 Y143.834 I3.154 J-4.723 E-.16
;WIPE_END
G1 X127.79 Y144.304 Z5.308 F12000
G1 Z5.2 F720
G1 E.8 F1500
G1 F3000
G1 X127.883 Y144.257 E.00283
G2 X129.057 Y143.158 I-5.3 J-6.84 E.0438
G2 X129.588 Y142.233 I-3.669 J-2.721 E.02907
G1 X139.589 Y142.233 E.272
G2 X139.781 Y139.906 I-7.722 J-1.806 E.06373
G1 X130.139 Y139.906 E.26223
G1 X129.94 Y138.574 E.03663
G2 X129.492 Y137.579 I-4.497 J1.423 E.02974
G1 X139.636 Y137.579 E.27588
G1 X139.004 Y135.252 E.06558
G1 X126.919 Y135.252 E.32867
G1 X126.75 Y135.166 E.00516
G2 X123.25 Y135.166 I-1.75 J5.092 E.09695
G1 X123.081 Y135.252 E.00516
G1 X110.996 Y135.252 E.32867
G1 X111.153 Y134.674 E.01629
M73 P67 R9
G1 X112.04 Y132.925 E.05333
G1 X137.96 Y132.925 E.70494
G2 X136.379 Y130.598 I-7.963 J3.709 E.07684
G1 X113.621 Y130.598 E.61894
G1 X115.531 Y128.271 E.08188
M73 Q67 S9
G1 X134.469 Y128.271 E.51505
G3 X132.793 Y125.944 I8.627 J-7.979 E.07819
G1 X117.207 Y125.944 E.42389
G2 X118.448 Y123.617 I-10.982 J-7.351 E.07184
G1 X131.552 Y123.617 E.35639
G3 X130.685 Y121.29 I23.309 J-10.004 E.06756
G1 X119.314 Y121.29 E.30925
G1 X119.864 Y118.962 E.06506
G1 X130.136 Y118.962 E.27937
G3 X129.885 Y116.635 I20.416 J-3.376 E.06369
G1 X120.115 Y116.635 E.26571
G1 E-.64 F2100
;WIPE_START
G1 F9600
G1 X120.885 Y116.635 E-.16
;WIPE_END
G1 X120.451 Y113.858 Z5.249 F12000
G1 Z5.2 F720
G1 E.8 F1500
;TYPE:Support material interface
G1 F2100
G1 X120.163 Y113.858 E.00783
G1 X120.163 Y114.309 E.01227
G1 X120.615 Y113.858 E.01737
G1 X121.36 Y113.858 E.02026
G1 X120.163 Y115.054 E.04602
G1 X120.15 Y115.813 E.02065
G1 X122.106 Y113.858 E.07521
G1 X122.851 Y113.858 E.02026
G1 X120.42 Y116.288 E.09348
G1 X121.166 Y116.288 E.02029
G1 X123.597 Y113.858 E.09348
G1 X124.342 Y113.858 E.02026
G1 X121.911 Y116.288 E.09348
G1 X122.656 Y116.288 E.02026
G1 X125.087 Y113.858 E.09348
G1 X125.833 Y113.858 E.02029
G1 X123.402 Y116.288 E.09348
G1 X124.147 Y116.288 E.02026
G1 X126.578 Y113.858 E.09348
G1 X127.324 Y113.858 E.02029
G1 X124.893 Y116.288 E.09348
G1 X125.638 Y116.288 E.02026
G1 X128.069 Y113.858 E.09348
G1 X128.814 Y113.858 E.02026
G1 X126.383 Y116.288 E.09348
G1 X127.129 Y116.288 E.02029
G1 X129.56 Y113.858 E.09348
G1 X129.837 Y113.858 E.00753
G1 X129.837 Y114.326 E.01273
G1 X127.874 Y116.288 E.07548
G1 X128.62 Y116.288 E.02029
G1 X129.837 Y115.071 E.04681
G1 X129.849 Y115.804 E.01994
G1 X129.365 Y116.288 E.01862
G1 X129.87 Y116.288 E.01373
G1 X129.856 Y115.968 E.00871
G1 E-.64
;WIPE_START
G1 F9600
G1 X129.87 Y116.288 E-.06656
G1 X129.42 Y116.288 E-.09344
;WIPE_END
G1 X129.763 Y111.877 Z5.277 F12000
G1 Z5.2 F720
G1 E.8 F1500
M204 P700
;TYPE:External perimeter
;WIDTH:0.474168
G1 F900
G1 X129.763 Y111.957 E.00287
M204 P1000
;TYPE:Overhang perimeter
G1 X129.763 Y112.308 E.01259
G1 X128.263 Y112.308 E.05379
G1 X121.737 Y112.308 E.23401
G1 X120.237 Y112.308 E.05379
G1 X120.237 Y111.957 E.01259
M204 P700
;TYPE:External perimeter
G1 X120.237 Y111.877 E.00287
G1 X129.703 Y111.877 E.33944
M204 P1000
G1 E-.64 F2100
;WIPE_START
G1 F9600
G1 X129.763 Y111.877 E-.01247
G1 X129.763 Y111.957 E-.01663
;WIPE_END
G1 E-.1309 F2100
G1 X123.161 Y142.126 Z5.739 F12000
G1 X122.664 Y144.4 Z5.773
G1 X121.669 Y148.947 Z5.8
M486 S-1
M486 S1
G1 X120.531 Y154.147
G1 Z5.2 F720
G1 E.8 F1500
;TYPE:Support material
;WIDTH:0.37
G1 F3000
G1 X123.489 Y154.759 E.08215
G1 X126.511 Y154.759 E.08219
G1 X129.469 Y154.147 E.08215
G1 X129.734 Y154.032 E.00786
G1 X130.112 Y153.869 F12000
G1 F3000
G1 X119.888 Y153.869 E.27806
G1 X117.758 Y152.948 E.06311
G1 X115.754 Y151.542 E.06658
G1 X134.246 Y151.542 E.50292
G1 X134.715 Y151.212 E.0156
G1 X136.594 Y149.215 E.07457
G1 X113.406 Y149.215 E.63064
G1 X113.215 Y149.011 E.0076
G1 X111.91 Y146.887 E.0678
G1 X138.09 Y146.887 E.71201
G1 X138.366 Y146.437 E.01436
M73 Q68 S9
G1 X139.045 Y144.56 E.05429
G1 X127.288 Y144.56 E.31975
G3 X126.426 Y144.94 I-1.973 J-3.313 E.02568
G3 X123.25 Y144.834 I-1.415 J-5.259 E.0877
G1 X122.712 Y144.56 E.01642
G1 X110.955 Y144.56 E.31975
G3 X110.434 Y142.395 I6.15 J-2.625 E.06085
G1 X110.953 Y135.41 F12000
G1 F3000
G1 X110.364 Y137.579 E.06113
G1 X120.508 Y137.579 E.27588
G1 X120.166 Y138.25 E.02048
G2 X119.861 Y139.906 I7.597 J2.251 E.04588
G1 X110.219 Y139.906 E.26223
G2 X110.411 Y142.233 I7.914 J.521 E.06373
M73 P68 R9
G1 X120.412 Y142.233 E.272
G1 X120.743 Y142.883 E.01984
G2 X122.21 Y144.304 I4.621 J-3.301 E.05585
G1 E-.64 F2100
;WIPE_START
G1 F9600
G3 X121.601 Y143.834 I3.154 J-4.723 E-.16
;WIPE_END
G1 X127.79 Y144.304 Z5.308 F12000
G1 Z5.2 F720
G1 E.8 F1500
G1 F3000
G1 X127.883 Y144.257 E.00283
G2 X129.057 Y143.158 I-5.3 J-6.84 E.0438
G2 X129.588 Y142.233 I-3.669 J-2.721 E.02907
G1 X139.589 Y142.233 E.272
G2 X139.781 Y139.906 I-7.722 J-1.806 E.06373
G1 X130.139 Y139.906 E.26223
G1 X129.94 Y138.574 E.03663
G2 X129.492 Y137.579 I-4.497 J1.423 E.02974
G1 X139.636 Y137.579 E.27588
G1 X139.004 Y135.252 E.06558
G1 X126.919 Y135.252 E.32867
G1 X126.75 Y135.166 E.00516
G2 X123.25 Y135.166 I-1.75 J5.092 E.09695
G1 X123.081 Y135.252 E.00516
G1 X110.996 Y135.252 E.32867
G1 X111.153 Y134.674 E.01629
G1 X112.04 Y132.925 E.05333
G1 X137.96 Y132.925 E.70494
G2 X136.379 Y130.598 I-7.963 J3.709 E.07684
G1 X113.621 Y130.598 E.61894
G1 X115.531 Y128.271 E.08188
G1 X134.469 Y128.271 E.51505
G3 X132.793 Y125.944 I8.627 J-7.979 E.07819
G1 X117.207 Y125.944 E.42389
G2 X118.448 Y123.617 I-10.982 J-7.351 E.07184
G1 X131.552 Y123.617 E.35639
G3 X130.685 Y121.29 I23.309 J-10.004 E.06756
G1 X119.314 Y121.29 E.30925
G1 X119.864 Y118.962 E.06506
G1 X130.136 Y118.962 E.27937
G3 X129.885 Y116.635 I20.416 J-3.376 E.06369
G1 X120.115 Y116.635 E.26571
G1 E-.64 F2100
;WIPE_START
G1 F9600
G1 X120.885 Y116.635 E-.16
;WIPE_END
G1 X120.451 Y113.858 Z5.249 F12000
G1 Z5.2 F720
G1 E.8 F1500
;TYPE:Support material interface
G1 F2100
G1 X120.163 Y113.858 E.00783
G1 X120.163 Y114.309 E.01227
G1 X120.615 Y113.858 E.01737
G1 X121.36 Y113.858 E.02026
G1 X120.163 Y115.054 E.04602
G1 X120.15 Y115.813 E.02065
G1 X122.106 Y113.858 E.07521
G1 X122.851 Y113.858 E.02026
G1 X120.42 Y116.288 E.09348
G1 X121.166 Y116.288 E.02029
G1 X123.597 Y113.858 E.09348
G1 X124.342 Y113.858 E.02026
G1 X121.911 Y116.288 E.09348
G1 X122.656 Y116.288 E.02026
G1 X125.087 Y113.858 E.09348
G1 X125.833 Y113.858 E.02029
G1 X123.402 Y116.288 E.09348
G1 X124.147 Y116.288 E.02026
G1 X126.578 Y113.858 E.09348
G1 X127.324 Y113.858 E.02029
G1 X124.893 Y116.288 E.09348
G1 X125.638 Y116.288 E.02026
G1 X128.069 Y113.858 E.09348
G1 X128.814 Y113.858 E.02026
G1 X126.383 Y116.288 E.09348
G1 X127.129 Y116.288 E.02029
G1 X129.56 Y113.858 E.09348
G1 X129.837 Y113.858 E.00753
G1 X129.837 Y114.326 E.01273
G1 X127.874 Y116.288 E.07548
G1 X128.62 Y116.288 E.02029
G1 X129.837 Y115.071 E.04681
G1 X129.849 Y115.804 E.01994
G1 X129.365 Y116.288 E.01862
G1 X129.87 Y116.288 E.01373
G1 X129.856 Y115.968 E.00871
G1 E-.64
;WIPE_START
G1 F9600
G1 X129.87 Y116.288 E-.06656
G1 X129.42 Y116.288 E-.09344
;WIPE_END
G1 X129.763 Y111.877 Z5.277 F12000
G1 Z5.2 F720
G1 E.8 F1500
M204 P700
;TYPE:External perimeter
;WIDTH:0.474168
G1 F900
G1 X129.763 Y111.957 E.00287
M204 P1000
;TYPE:Overhang perimeter
G1 X129.763 Y112.308 E.01259
G1 X128.263 Y112.308 E.05379
G1 X121.737 Y112.308 E.23401
G1 X120.237 Y112.308 E.05379
G1 X120.237 Y111.957 E.01259
M204 P700
;TYPE:External perimeter
G1 X120.237 Y111.877 E.00287
G1 X129.703 Y111.877 E.33944
M204 P1000
;LAYER_CHANGE
;Z:5.4
;HEIGHT:0.2
;BEFORE_LAYER_CHANGE
G92 E0.0
;5.4


G1 E-.64 F2100
;WIPE_START
G1 F9600
G1 X129.763 Y111.877 E-.01247
G1 X129.763 Y111.957 E-.01663
;WIPE_END
G1 E-.1309 F2100
G1 X129.763 Y111.957 Z5.2 F12000
G1 X123.161 Y142.126 Z5.739
G1 X122.664 Y144.4 Z5.773
G1 X121.669 Y148.947 Z5.8
G1 X120.531 Y154.147 Z5.8
;AFTER_LAYER_CHANGE
;5.4
M486 S-1
M486 S0
G1 Z5.4 F720
G1 E.8 F1500
;TYPE:Support material
;WIDTH:0.37
G1 F3000
G1 X123.489 Y154.759 E.08215
G1 X126.511 Y154.759 E.08219
G1 X129.469 Y154.147 E.08215
G1 X129.734 Y154.032 E.00786
G1 X130.112 Y153.869 F12000
G1 F3000
G1 X119.888 Y153.869 E.27806
G1 X117.758 Y152.948 E.06311
G1 X115.754 Y151.542 E.06658
G1 X134.246 Y151.542 E.50292
G1 X134.715 Y151.212 E.0156
G1 X136.594 Y149.215 E.07457
G1 X113.406 Y149.215 E.63064
G1 X113.215 Y149.011 E.0076
G1 X111.91 Y146.887 E.0678
G1 X138.09 Y146.887 E.71201
G1 X138.366 Y146.437 E.01436
G1 X139.045 Y144.56 E.05429
G1 X127.288 Y144.56 E.31975
G3 X126.426 Y144.94 I-1.973 J-3.313 E.02568
G3 X123.25 Y144.834 I-1.415 J-5.259 E.0877
G1 X122.712 Y144.56 E.01642
G1 X110.955 Y144.56 E.31975
G3 X110.434 Y142.395 I6.15 J-2.625 E.06085
G1 X110.953 Y135.41 F12000
G1 F3000
G1 X110.364 Y137.579 E.06113
G1 X120.508 Y137.579 E.27588
G1 X120.166 Y138.25 E.02048
G2 X119.861 Y139.906 I7.597 J2.251 E.04588
G1 X110.219 Y139.906 E.26223
G2 X110.411 Y142.233 I7.914 J.521 E.06373
G1 X120.412 Y142.233 E.272
G1 X120.743 Y142.883 E.01984
G2 X122.21 Y144.304 I4.621 J-3.301 E.05585
G1 E-.64 F2100
;WIPE_START
G1 F9600
G3 X121.601 Y143.834 I3.154 J-4.723 E-.16
;WIPE_END
G1 X127.79 Y144.304 Z5.508 F12000
G1 Z5.4 F720
G1 E.8 F1500
G1 F3000
G1 X127.883 Y144.257 E.00283
G2 X129.057 Y143.158 I-5.3 J-6.84 E.0438
G2 X129.588 Y142.233 I-3.669 J-2.721 E.02907
G1 X139.589 Y142.233 E.272
G2 X139.781 Y139.906 I-7.722 J-1.806 E.06373
G1 X130.139 Y139.906 E.26223
G1 X129.94 Y138.574 E.03663
G2 X129.492 Y137.579 I-4.497 J1.423 E.02974
G1 X139.636 Y137.579 E.27588
G1 X139.004 Y135.252 E.06558
G1 X126.919 Y135.252 E.32867
G1 X126.75 Y135.166 E.00516
G2 X123.25 Y135.166 I-1.75 J5.092 E.09695
G1 X123.081 Y135.252 E.00516
G1 X110.996 Y135.252 E.32867
G1 X111.153 Y134.674 E.01629
G1 X112.04 Y132.925 E.05333
G1 X137.96 Y132.925 E.70494
G2 X136.379 Y130.598 I-7.963 J3.709 E.07684
M73 Q69 S9
G1 X113.621 Y130.598 E.61894
G1 X115.531 Y128.271 E.08188
G1 X134.469 Y128.271 E.51505
G3 X132.793 Y125.944 I8.627 J-7.979 E.07819
G1 X117.207 Y125.944 E.42389
G2 X118.448 Y123.617 I-10.983 J-7.352 E.07184
M73 P69 R9
G1 X131.552 Y123.617 E.35639
G3 X130.685 Y121.29 I23.318 J-10.008 E.06756
G1 X119.314 Y121.29 E.30925
G1 X119.864 Y118.962 E.06506
G1 X130.136 Y118.962 E.27937
G1 X129.954 Y117.594 E.03753
G1 X120.046 Y117.594 E.26947
G1 X119.89 Y118.801 E.0331
G1 E-.64 F2100
;WIPE_START
G1 F9600
G1 X119.989 Y118.037 E-.16
;WIPE_END
G1 X120.123 Y117.267 Z5.414 F12000
G1 Z5.4 F720
G1 E.8 F1500
;TYPE:Support material interface
G1 F2100
G1 X120.088 Y117.232 E.00135
G1 X120.12 Y116.519 E.01941
G1 X120.868 Y117.267 E.02877
G1 X121.613 Y117.267 E.02026
G1 X120.151 Y115.804 E.05625
G1 X120.163 Y115.071 E.01994
G1 X122.359 Y117.267 E.08446
G1 X123.104 Y117.267 E.02026
G1 X120.484 Y114.646 E.10079
G1 X121.229 Y114.646 E.02026
G1 X123.85 Y117.267 E.10081
G1 X124.595 Y117.267 E.02026
G1 X121.974 Y114.646 E.10081
G1 X122.72 Y114.646 E.02029
G1 X125.34 Y117.267 E.10079
G1 X126.086 Y117.267 E.02029
G1 X123.465 Y114.646 E.10081
G1 X124.211 Y114.646 E.02029
G1 X126.831 Y117.267 E.10079
G1 X127.576 Y117.267 E.02026
G1 X124.956 Y114.646 E.10079
G1 X125.701 Y114.646 E.02026
G1 X128.322 Y117.267 E.10081
G1 X129.067 Y117.267 E.02026
G1 X126.447 Y114.646 E.10079
G1 X127.192 Y114.646 E.02026
G1 X129.813 Y117.267 E.10081
G2 X129.909 Y117.188 I.04 J-.049 E.0048
G1 X129.883 Y116.592 E.01622
G1 X127.938 Y114.646 E.07483
G1 X128.683 Y114.646 E.02026
G1 X129.85 Y115.813 E.04489
G1 X129.837 Y115.054 E.02065
G1 X129.428 Y114.646 E.01571
G1 X129.837 Y114.646 E.01112
G1 X129.837 Y114.891 E.00666
G1 E-.64
;WIPE_START
G1 F9600
G1 X129.837 Y114.646 E-.05091
G1 X129.428 Y114.646 E-.085
G1 X129.51 Y114.728 E-.02409
;WIPE_END
G1 X129.776 Y112.705 Z5.436 F12000
G1 Z5.4 F720
G1 E.8 F1500
M204 P700
;TYPE:External perimeter
;WIDTH:0.447846
G1 F900
G1 X129.776 Y112.745 E.00135
M204 P1000
;TYPE:Overhang perimeter
;WIDTH:0.447845
G1 X129.776 Y113.11 E.01229
;WIDTH:0.447846
G1 X120.224 Y113.11 E.32161
G1 X120.224 Y112.745 E.01229
M204 P700
;TYPE:External perimeter
G1 X120.224 Y112.705 E.00135
G1 X129.716 Y112.705 E.31959
M204 P1000
G1 E-.64 F2100
;WIPE_START
G1 F9600
G1 X129.776 Y112.705 E-.01247
G1 X129.776 Y112.745 E-.00831
;WIPE_END
G1 E-.13922 F2100
G1 X123.045 Y142.886 Z5.939 F12000
G1 X122.538 Y145.157 Z5.973
G1 X121.524 Y149.7 Z6
M486 S-1
M486 S1
G1 X120.531 Y154.147
G1 Z5.4 F720
G1 E.8 F1500
;TYPE:Support material
;WIDTH:0.37
G1 F3000
G1 X123.489 Y154.759 E.08215
G1 X126.511 Y154.759 E.08219
G1 X129.469 Y154.147 E.08215
G1 X129.734 Y154.032 E.00786
G1 X130.112 Y153.869 F12000
G1 F3000
G1 X119.888 Y153.869 E.27806
G1 X117.758 Y152.948 E.06311
G1 X115.754 Y151.542 E.06658
G1 X134.246 Y151.542 E.50292
G1 X134.715 Y151.212 E.0156
G1 X136.594 Y149.215 E.07457
G1 X113.406 Y149.215 E.63064
G1 X113.215 Y149.011 E.0076
G1 X111.91 Y146.887 E.0678
G1 X138.09 Y146.887 E.71201
G1 X138.366 Y146.437 E.01436
G1 X139.045 Y144.56 E.05429
G1 X127.288 Y144.56 E.31975
G3 X126.426 Y144.94 I-1.973 J-3.313 E.02568
G3 X123.25 Y144.834 I-1.415 J-5.259 E.0877
G1 X122.712 Y144.56 E.01642
G1 X110.955 Y144.56 E.31975
G3 X110.434 Y142.395 I6.15 J-2.625 E.06085
G1 X110.953 Y135.41 F12000
G1 F3000
G1 X110.364 Y137.579 E.06113
G1 X120.508 Y137.579 E.27588
G1 X120.166 Y138.25 E.02048
G2 X119.861 Y139.906 I7.597 J2.251 E.04588
G1 X110.219 Y139.906 E.26223
G2 X110.411 Y142.233 I7.914 J.521 E.06373
G1 X120.412 Y142.233 E.272
G1 X120.743 Y142.883 E.01984
G2 X122.21 Y144.304 I4.621 J-3.301 E.05585
G1 E-.64 F2100
;WIPE_START
G1 F9600
G3 X121.601 Y143.834 I3.154 J-4.723 E-.16
;WIPE_END
G1 X127.79 Y144.304 Z5.508 F12000
G1 Z5.4 F720
G1 E.8 F1500
G1 F3000
G1 X127.883 Y144.257 E.00283
G2 X129.057 Y143.158 I-5.3 J-6.84 E.0438
G2 X129.588 Y142.233 I-3.669 J-2.721 E.02907
G1 X139.589 Y142.233 E.272
G2 X139.781 Y139.906 I-7.722 J-1.806 E.06373
G1 X130.139 Y139.906 E.26223
G1 X129.94 Y138.574 E.03663
G2 X129.492 Y137.579 I-4.497 J1.423 E.02974
G1 X139.636 Y137.579 E.27588
G1 X139.004 Y135.252 E.06558
G1 X126.919 Y135.252 E.32867
G1 X126.75 Y135.166 E.00516
G2 X123.25 Y135.166 I-1.75 J5.092 E.09695
G1 X123.081 Y135.252 E.00516
G1 X110.996 Y135.252 E.32867
G1 X111.153 Y134.674 E.01629
G1 X112.04 Y132.925 E.05333
G1 X137.96 Y132.925 E.70494
G2 X136.379 Y130.598 I-7.963 J3.709 E.07684
G1 X113.621 Y130.598 E.61894
G1 X115.531 Y128.271 E.08188
G1 X134.469 Y128.271 E.51505
G3 X132.793 Y125.944 I8.627 J-7.979 E.07819
G1 X117.207 Y125.944 E.42389
G2 X118.448 Y123.617 I-10.983 J-7.352 E.07184
G1 X131.552 Y123.617 E.35639
G3 X130.685 Y121.29 I23.318 J-10.008 E.06756
G1 X119.314 Y121.29 E.30925
G1 X119.864 Y118.962 E.06506
G1 X130.136 Y118.962 E.27937
G1 X129.954 Y117.594 E.03753
G1 X120.046 Y117.594 E.26947
G1 X119.89 Y118.801 E.0331
G1 E-.64 F2100
;WIPE_START
G1 F9600
G1 X119.989 Y118.037 E-.16
;WIPE_END
G1 X120.123 Y117.267 Z5.414 F12000
G1 Z5.4 F720
G1 E.8 F1500
;TYPE:Support material interface
G1 F2100
G1 X120.088 Y117.232 E.00135
G1 X120.12 Y116.519 E.01941
G1 X120.868 Y117.267 E.02877
G1 X121.613 Y117.267 E.02026
G1 X120.151 Y115.804 E.05625
G1 X120.163 Y115.071 E.01994
G1 X122.359 Y117.267 E.08446
G1 X123.104 Y117.267 E.02026
G1 X120.484 Y114.646 E.10079
G1 X121.229 Y114.646 E.02026
G1 X123.85 Y117.267 E.10081
G1 X124.595 Y117.267 E.02026
M73 Q70 S9
G1 X121.974 Y114.646 E.10081
G1 X122.72 Y114.646 E.02029
G1 X125.34 Y117.267 E.10079
G1 X126.086 Y117.267 E.02029
G1 X123.465 Y114.646 E.10081
G1 X124.211 Y114.646 E.02029
G1 X126.831 Y117.267 E.10079
G1 X127.576 Y117.267 E.02026
G1 X124.956 Y114.646 E.10079
G1 X125.701 Y114.646 E.02026
G1 X128.322 Y117.267 E.10081
G1 X129.067 Y117.267 E.02026
G1 X126.447 Y114.646 E.10079
G1 X127.192 Y114.646 E.02026
G1 X129.813 Y117.267 E.10081
G2 X129.909 Y117.188 I.04 J-.049 E.0048
G1 X129.883 Y116.592 E.01622
G1 X127.938 Y114.646 E.07483
G1 X128.683 Y114.646 E.02026
G1 X129.85 Y115.813 E.04489
G1 X129.837 Y115.054 E.02065
G1 X129.428 Y114.646 E.01571
G1 X129.837 Y114.646 E.01112
G1 X129.837 Y114.891 E.00666
M73 P70 R9
G1 E-.64
;WIPE_START
G1 F9600
G1 X129.837 Y114.646 E-.05091
G1 X129.428 Y114.646 E-.085
G1 X129.51 Y114.728 E-.02409
;WIPE_END
G1 X129.776 Y112.705 Z5.436 F12000
G1 Z5.4 F720
G1 E.8 F1500
M204 P700
;TYPE:External perimeter
;WIDTH:0.447846
G1 F900
G1 X129.776 Y112.745 E.00135
M204 P1000
;TYPE:Overhang perimeter
;WIDTH:0.447845
G1 X129.776 Y113.11 E.01229
;WIDTH:0.447846
G1 X120.224 Y113.11 E.32161
G1 X120.224 Y112.745 E.01229
M204 P700
;TYPE:External perimeter
G1 X120.224 Y112.705 E.00135
G1 X129.716 Y112.705 E.31959
M204 P1000
;LAYER_CHANGE
;Z:5.6
;HEIGHT:0.2
;BEFORE_LAYER_CHANGE
G92 E0.0
;5.6


G1 E-.64 F2100
;WIPE_START
G1 F9600
G1 X129.776 Y112.705 E-.01247
G1 X129.776 Y112.745 E-.00831
;WIPE_END
G1 E-.13922 F2100
G1 X129.776 Y112.745 Z5.4 F12000
G1 X120.282 Y115.518 Z5.6
;AFTER_LAYER_CHANGE
;5.6
M486 S-1
M486 S0
G1 Z5.6 F720
G1 E.8 F1500
;TYPE:Support material interface
;WIDTH:0.37
G1 F2100
G1 X120.163 Y115.518 E.00324
G1 X120.15 Y115.813 E.00803
G1 X120.445 Y115.518 E.01135
G1 X121.191 Y115.518 E.02029
G1 X120.117 Y116.592 E.04131
G1 X120.071 Y117.383 E.02155
G1 X121.936 Y115.518 E.07173
G1 X122.682 Y115.518 E.02029
G1 X119.969 Y118.231 E.10435
G1 X119.953 Y118.348 E.00321
G1 X120.597 Y118.348 E.01751
G1 X123.427 Y115.518 E.10885
G1 X124.172 Y115.518 E.02026
G1 X121.342 Y118.348 E.10885
G1 X122.087 Y118.348 E.02026
G1 X124.918 Y115.518 E.10887
G1 X125.663 Y115.518 E.02026
G1 X122.833 Y118.348 E.10885
G1 X123.578 Y118.348 E.02026
G1 X126.409 Y115.518 E.10887
G1 X127.154 Y115.518 E.02026
G1 X124.324 Y118.348 E.10885
G1 X125.069 Y118.348 E.02026
G1 X127.899 Y115.518 E.10885
G1 X128.645 Y115.518 E.02029
G1 X125.814 Y118.348 E.10887
G1 X126.56 Y118.348 E.02029
G1 X129.39 Y115.518 E.10885
G1 X129.837 Y115.518 E.01216
G1 X129.849 Y115.804 E.00779
G1 X127.305 Y118.348 E.09785
G1 X128.051 Y118.348 E.02029
G1 X129.88 Y116.519 E.07035
G1 X129.912 Y117.232 E.01941
G1 X128.796 Y118.348 E.04292
G1 X129.541 Y118.348 E.02026
G1 X129.995 Y117.894 E.01746
G1 X130.047 Y118.348 E.01243
G1 X129.705 Y118.348 E.0093
G1 X130.11 Y118.801 F12000
;TYPE:Support material
G1 F3000
G1 X130.093 Y118.675 E.00346
G1 X119.907 Y118.675 E.27703
G1 X119.864 Y118.962 E.00789
G1 X130.136 Y118.962 E.27937
G1 X130.685 Y121.29 E.06505
G1 X119.314 Y121.29 E.30925
G1 X118.669 Y123.116 E.05267
G1 X118.448 Y123.617 E.01489
G1 X131.552 Y123.617 E.35639
G2 X132.793 Y125.944 I12.248 J-5.039 E.07184
G1 X117.207 Y125.944 E.42389
G3 X115.531 Y128.271 I-10.303 J-5.652 E.07819
G1 X134.469 Y128.271 E.51505
G1 X136.379 Y130.598 E.08188
G1 X113.621 Y130.598 E.61894
G2 X112.04 Y132.925 I6.382 J6.036 E.07684
G1 X137.96 Y132.925 E.70494
G1 X138.847 Y134.674 E.05333
G1 X139.004 Y135.252 E.01629
G1 X126.919 Y135.252 E.32867
G1 X126.75 Y135.166 E.00516
G2 X123.25 Y135.166 I-1.75 J5.092 E.09695
G1 X123.081 Y135.252 E.00516
G1 X110.996 Y135.252 E.32867
G1 X110.364 Y137.579 E.06558
G1 X120.508 Y137.579 E.27588
G1 X120.166 Y138.25 E.02048
G2 X119.861 Y139.906 I7.597 J2.251 E.04588
G1 X110.219 Y139.906 E.26223
G2 X110.411 Y142.233 I7.914 J.521 E.06373
G1 X120.412 Y142.233 E.272
G1 X120.743 Y142.883 E.01984
G2 X122.21 Y144.304 I4.621 J-3.301 E.05585
G1 E-.64 F2100
;WIPE_START
G1 F9600
G3 X121.601 Y143.834 I3.153 J-4.723 E-.16
;WIPE_END
G1 X127.422 Y135.508 Z5.777 F12000
G1 Z5.6 F720
G1 E.8 F1500
G1 F3000
G3 X128.158 Y135.943 I-1.352 J3.129 E.02331
G3 X129.257 Y137.117 I-5.741 J6.474 E.0438
G1 X129.492 Y137.579 E.0141
G1 X139.639 Y137.59 E.27597
G1 X139.781 Y139.906 E.06311
G1 X130.139 Y139.906 E.26223
G3 X129.834 Y141.75 I-6.874 J-.187 E.05099
G1 X129.588 Y142.233 E.01474
G1 X139.589 Y142.233 E.272
G3 X139.045 Y144.56 I-7.23 J-.464 E.06529
G1 X127.288 Y144.56 E.31975
G3 X126.426 Y144.94 I-1.973 J-3.313 E.02568
G3 X123.25 Y144.834 I-1.415 J-5.259 E.0877
G1 X122.712 Y144.56 E.01642
G1 X110.955 Y144.56 E.31975
G1 X111.634 Y146.437 E.05429
M73 P70 R8
G1 X111.91 Y146.887 E.01436
G1 X138.09 Y146.887 E.71201
G1 X136.785 Y149.011 E.0678
G1 X136.594 Y149.215 E.0076
M73 Q70 S8
G1 X113.406 Y149.215 E.63064
G1 X115.285 Y151.212 E.07457
G1 X115.754 Y151.542 E.0156
G1 X134.246 Y151.542 E.50292
G1 X132.242 Y152.948 E.06658
G1 X130.112 Y153.869 E.06311
G1 X119.888 Y153.869 E.27806
G1 X120.531 Y154.147 F12000
G1 F3000
G1 X123.489 Y154.759 E.08215
G1 X126.511 Y154.759 E.08219
G1 X129.469 Y154.147 E.08215
G1 X129.734 Y154.032 E.00786
G1 E-.64 F2100
;WIPE_START
G1 F9600
G1 X129.469 Y154.147 E-.06003
G1 X128.998 Y154.244 E-.09997
;WIPE_END
G1 X129.598 Y123.367 Z6.139 F12000
G1 X129.643 Y121.04 Z6.173
G1 X129.734 Y116.386 Z6.2
G1 X129.789 Y113.533
G1 Z5.6 F720
G1 E.8 F1500
M204 P700
;TYPE:External perimeter
;WIDTH:0.421523
G1 F900
G1 X129.789 Y113.534 E.00003
M204 P1000
;TYPE:Overhang perimeter
G1 X129.789 Y113.912 E.0119
G1 X120.211 Y113.912 E.30152
G1 X120.211 Y113.534 E.0119
M204 P700
;TYPE:External perimeter
G1 X120.211 Y113.533 E.00003
G1 X129.729 Y113.533 E.29964
M204 P1000
G1 E-.64 F2100
;WIPE_START
G1 F9600
G1 X129.789 Y113.533 E-.01247
G1 X129.789 Y113.534 E-.00021
;WIPE_END
G1 E-.14732 F2100
M486 S-1
M486 S1
G1 X120.282 Y115.518 Z5.77 F12000
G1 Z5.6 F720
G1 E.8 F1500
;TYPE:Support material interface
;WIDTH:0.37
G1 F2100
G1 X120.163 Y115.518 E.00324
G1 X120.15 Y115.813 E.00803
G1 X120.445 Y115.518 E.01135
G1 X121.191 Y115.518 E.02029
G1 X120.117 Y116.592 E.04131
G1 X120.071 Y117.383 E.02155
G1 X121.936 Y115.518 E.07173
G1 X122.682 Y115.518 E.02029
G1 X119.969 Y118.231 E.10435
G1 X119.953 Y118.348 E.00321
G1 X120.597 Y118.348 E.01751
G1 X123.427 Y115.518 E.10885
G1 X124.172 Y115.518 E.02026
G1 X121.342 Y118.348 E.10885
G1 X122.087 Y118.348 E.02026
M73 Q71 S8
G1 X124.918 Y115.518 E.10887
G1 X125.663 Y115.518 E.02026
G1 X122.833 Y118.348 E.10885
G1 X123.578 Y118.348 E.02026
G1 X126.409 Y115.518 E.10887
G1 X127.154 Y115.518 E.02026
G1 X124.324 Y118.348 E.10885
G1 X125.069 Y118.348 E.02026
G1 X127.899 Y115.518 E.10885
G1 X128.645 Y115.518 E.02029
G1 X125.814 Y118.348 E.10887
G1 X126.56 Y118.348 E.02029
G1 X129.39 Y115.518 E.10885
G1 X129.837 Y115.518 E.01216
G1 X129.849 Y115.804 E.00779
G1 X127.305 Y118.348 E.09785
G1 X128.051 Y118.348 E.02029
G1 X129.88 Y116.519 E.07035
G1 X129.912 Y117.232 E.01941
G1 X128.796 Y118.348 E.04292
G1 X129.541 Y118.348 E.02026
G1 X129.995 Y117.894 E.01746
G1 X130.047 Y118.348 E.01243
M73 P71 R8
G1 X129.705 Y118.348 E.0093
G1 X130.11 Y118.801 F12000
;TYPE:Support material
G1 F3000
G1 X130.093 Y118.675 E.00346
G1 X119.907 Y118.675 E.27703
G1 X119.864 Y118.962 E.00789
G1 X130.136 Y118.962 E.27937
G1 X130.685 Y121.29 E.06505
G1 X119.314 Y121.29 E.30925
G1 X118.669 Y123.116 E.05267
G1 X118.448 Y123.617 E.01489
G1 X131.552 Y123.617 E.35639
G2 X132.793 Y125.944 I12.248 J-5.039 E.07184
G1 X117.207 Y125.944 E.42389
G3 X115.531 Y128.271 I-10.303 J-5.652 E.07819
G1 X134.469 Y128.271 E.51505
G1 X136.379 Y130.598 E.08188
G1 X113.621 Y130.598 E.61894
G2 X112.04 Y132.925 I6.382 J6.036 E.07684
G1 X137.96 Y132.925 E.70494
G1 X138.847 Y134.674 E.05333
G1 X139.004 Y135.252 E.01629
G1 X126.919 Y135.252 E.32867
G1 X126.75 Y135.166 E.00516
G2 X123.25 Y135.166 I-1.75 J5.092 E.09695
G1 X123.081 Y135.252 E.00516
G1 X110.996 Y135.252 E.32867
G1 X110.364 Y137.579 E.06558
G1 X120.508 Y137.579 E.27588
G1 X120.166 Y138.25 E.02048
G2 X119.861 Y139.906 I7.597 J2.251 E.04588
G1 X110.219 Y139.906 E.26223
G2 X110.411 Y142.233 I7.914 J.521 E.06373
G1 X120.412 Y142.233 E.272
G1 X120.743 Y142.883 E.01984
G2 X122.21 Y144.304 I4.621 J-3.301 E.05585
G1 E-.64 F2100
;WIPE_START
G1 F9600
G3 X121.601 Y143.834 I3.153 J-4.723 E-.16
;WIPE_END
G1 X127.422 Y135.508 Z5.777 F12000
G1 Z5.6 F720
G1 E.8 F1500
G1 F3000
G3 X128.158 Y135.943 I-1.352 J3.129 E.02331
G3 X129.257 Y137.117 I-5.741 J6.474 E.0438
G1 X129.492 Y137.579 E.0141
G1 X139.639 Y137.59 E.27597
G1 X139.781 Y139.906 E.06311
G1 X130.139 Y139.906 E.26223
G3 X129.834 Y141.75 I-6.874 J-.187 E.05099
G1 X129.588 Y142.233 E.01474
G1 X139.589 Y142.233 E.272
G3 X139.045 Y144.56 I-7.23 J-.464 E.06529
G1 X127.288 Y144.56 E.31975
G3 X126.426 Y144.94 I-1.973 J-3.313 E.02568
G3 X123.25 Y144.834 I-1.415 J-5.259 E.0877
G1 X122.712 Y144.56 E.01642
G1 X110.955 Y144.56 E.31975
G1 X111.634 Y146.437 E.05429
G1 X111.91 Y146.887 E.01436
G1 X138.09 Y146.887 E.71201
G1 X136.785 Y149.011 E.0678
G1 X136.594 Y149.215 E.0076
G1 X113.406 Y149.215 E.63064
G1 X115.285 Y151.212 E.07457
G1 X115.754 Y151.542 E.0156
G1 X134.246 Y151.542 E.50292
G1 X132.242 Y152.948 E.06658
G1 X130.112 Y153.869 E.06311
G1 X119.888 Y153.869 E.27806
G1 X120.531 Y154.147 F12000
G1 F3000
G1 X123.489 Y154.759 E.08215
G1 X126.511 Y154.759 E.08219
G1 X129.469 Y154.147 E.08215
G1 X129.734 Y154.032 E.00786
G1 E-.64 F2100
;WIPE_START
G1 F9600
G1 X129.469 Y154.147 E-.06003
G1 X128.998 Y154.244 E-.09997
;WIPE_END
G1 X129.598 Y123.367 Z6.139 F12000
G1 X129.643 Y121.04 Z6.173
G1 X129.734 Y116.386 Z6.2
G1 X129.789 Y113.533
G1 Z5.6 F720
G1 E.8 F1500
M204 P700
;TYPE:External perimeter
;WIDTH:0.421523
G1 F900
G1 X129.789 Y113.534 E.00003
M204 P1000
;TYPE:Overhang perimeter
G1 X129.789 Y113.912 E.0119
G1 X120.211 Y113.912 E.30152
G1 X120.211 Y113.534 E.0119
M204 P700
;TYPE:External perimeter
G1 X120.211 Y113.533 E.00003
G1 X129.729 Y113.533 E.29964
M204 P1000
;LAYER_CHANGE
;Z:5.8
;HEIGHT:0.2
;BEFORE_LAYER_CHANGE
G92 E0.0
;5.8


G1 E-.64 F2100
;WIPE_START
G1 F9600
G1 X129.789 Y113.533 E-.01247
G1 X129.789 Y113.534 E-.00021
;WIPE_END
G1 E-.14732 F2100
G1 X129.789 Y113.534 Z5.6 F12000
G1 X129.74 Y116.448 Z5.8 F10517.9
;AFTER_LAYER_CHANGE
;5.8
M486 S-1
M486 S0
G1 X129.74 Y116.448 F12000
G1 Z5.8 F720
G1 E.8 F1500
;TYPE:Support material interface
;WIDTH:0.37
G1 F2100
G1 X129.883 Y116.592 E.00552
G1 X129.929 Y117.383 E.02155
G1 X128.994 Y116.448 E.03596
G1 X128.249 Y116.448 E.02026
G1 X130.032 Y118.231 E.06858
G1 X130.169 Y119.114 E.0243
G1 X127.504 Y116.448 E.10252
G1 X126.758 Y116.448 E.02029
G1 X129.839 Y119.529 E.1185
G1 X129.093 Y119.529 E.02029
G1 X126.013 Y116.448 E.11848
G1 X125.267 Y116.448 E.02029
G1 X128.348 Y119.529 E.1185
G1 X127.602 Y119.529 E.02029
G1 X124.522 Y116.448 E.11848
G1 X123.777 Y116.448 E.02026
G1 X126.857 Y119.529 E.11848
G1 X126.111 Y119.529 E.02029
G1 X123.031 Y116.448 E.11848
G1 X122.286 Y116.448 E.02026
G1 X125.366 Y119.529 E.11848
G1 X124.621 Y119.529 E.02026
G1 X121.54 Y116.448 E.1185
G1 X120.795 Y116.448 E.02026
G1 X123.875 Y119.529 E.11848
G1 X123.13 Y119.529 E.02026
G1 X120.12 Y116.519 E.11577
G1 X120.088 Y117.232 E.01941
G1 X122.384 Y119.529 E.08833
G1 X121.639 Y119.529 E.02026
G1 X120.009 Y117.899 E.06269
G1 X119.924 Y118.559 E.0181
G1 X120.894 Y119.529 E.03731
G1 X120.148 Y119.529 E.02029
G1 X119.821 Y119.201 E.0126
G1 X119.747 Y119.529 E.00914
G1 X119.985 Y119.529 E.00647
G1 X119.359 Y121.132 F12000
;TYPE:Support material
G1 F3000
G1 X119.67 Y119.856 E.03572
G1 X130.345 Y119.856 E.29033
G1 X130.685 Y121.29 E.04008
G1 X119.314 Y121.29 E.30925
G1 X118.669 Y123.116 E.05267
G1 X118.448 Y123.617 E.01489
G1 X131.552 Y123.617 E.35639
G2 X132.793 Y125.944 I12.248 J-5.039 E.07184
G1 X117.207 Y125.944 E.42389
G3 X115.531 Y128.271 I-10.303 J-5.652 E.07819
G1 X134.469 Y128.271 E.51505
G1 X136.379 Y130.598 E.08188
G1 X113.621 Y130.598 E.61894
G2 X112.04 Y132.925 I6.382 J6.036 E.07684
M73 Q72 S8
G1 X137.96 Y132.925 E.70494
G1 X138.847 Y134.674 E.05333
G1 X139.004 Y135.252 E.01629
G1 X126.919 Y135.252 E.32867
G1 X126.75 Y135.166 E.00516
G2 X123.25 Y135.166 I-1.75 J5.092 E.09695
G1 X123.081 Y135.252 E.00516
G1 X110.996 Y135.252 E.32867
G1 X110.364 Y137.579 E.06558
G1 X120.508 Y137.579 E.27588
G1 X120.166 Y138.25 E.02048
M73 P72 R8
G2 X119.861 Y139.906 I7.597 J2.251 E.04588
G1 X110.219 Y139.906 E.26223
G2 X110.411 Y142.233 I7.914 J.521 E.06373
G1 X120.412 Y142.233 E.272
G1 X120.743 Y142.883 E.01984
G2 X122.21 Y144.304 I4.621 J-3.301 E.05585
G1 E-.64 F2100
;WIPE_START
G1 F9600
G3 X121.601 Y143.834 I3.153 J-4.723 E-.16
;WIPE_END
G1 X127.422 Y135.508 Z5.977 F12000
G1 Z5.8 F720
G1 E.8 F1500
G1 F3000
G3 X128.158 Y135.943 I-1.352 J3.129 E.02331
G3 X129.257 Y137.117 I-5.741 J6.474 E.0438
G1 X129.492 Y137.579 E.0141
G1 X139.639 Y137.59 E.27597
G1 X139.781 Y139.906 E.06311
G1 X130.139 Y139.906 E.26223
G3 X129.834 Y141.75 I-6.874 J-.187 E.05099
G1 X129.588 Y142.233 E.01474
G1 X139.589 Y142.233 E.272
G3 X139.045 Y144.56 I-7.23 J-.464 E.06529
G1 X127.288 Y144.56 E.31975
G3 X126.426 Y144.94 I-1.973 J-3.313 E.02568
G3 X123.25 Y144.834 I-1.415 J-5.259 E.0877
G1 X122.712 Y144.56 E.01642
G1 X110.955 Y144.56 E.31975
G1 X111.634 Y146.437 E.05429
G1 X111.91 Y146.887 E.01436
G1 X138.09 Y146.887 E.71201
G1 X136.785 Y149.011 E.0678
G1 X136.594 Y149.215 E.0076
G1 X113.406 Y149.215 E.63064
G1 X115.285 Y151.212 E.07457
G1 X115.754 Y151.542 E.0156
G1 X134.246 Y151.542 E.50292
G1 X132.242 Y152.948 E.06658
G1 X130.112 Y153.869 E.06311
G1 X119.888 Y153.869 E.27806
G1 X120.531 Y154.147 F12000
G1 F3000
G1 X123.489 Y154.759 E.08215
G1 X126.511 Y154.759 E.08219
G1 X129.469 Y154.147 E.08215
G1 X129.734 Y154.032 E.00786
G1 E-.64 F2100
;WIPE_START
G1 F9600
G1 X129.469 Y154.147 E-.06003
G1 X128.998 Y154.244 E-.09997
;WIPE_END
G1 X129.605 Y123.367 Z6.339 F12000
G1 X129.651 Y121.04 Z6.373
G1 X129.742 Y116.386 Z6.4
G1 X129.782 Y114.382
G1 Z5.8 F720
G1 E.8 F1500
;TYPE:Overhang perimeter
;WIDTH:0.436653
G1 F900
G1 X129.782 Y114.776 E.0129
G1 X120.218 Y114.776 E.31312
G1 X120.218 Y114.382 E.0129
G1 X129.722 Y114.382 E.31115
G1 E-.64 F2100
;WIPE_START
G1 F9600
G1 X129.782 Y114.382 E-.01247
G1 X129.782 Y114.776 E-.08188
;WIPE_END
G1 E-.06565 F2100
M486 S-1
M486 S1
G1 X129.74 Y116.448 Z5.829 F12000
G1 Z5.8 F720
G1 E.8 F1500
;TYPE:Support material interface
;WIDTH:0.37
G1 F2100
G1 X129.883 Y116.592 E.00552
G1 X129.929 Y117.383 E.02155
G1 X128.994 Y116.448 E.03596
G1 X128.249 Y116.448 E.02026
G1 X130.032 Y118.231 E.06858
G1 X130.169 Y119.114 E.0243
G1 X127.504 Y116.448 E.10252
G1 X126.758 Y116.448 E.02029
G1 X129.839 Y119.529 E.1185
G1 X129.093 Y119.529 E.02029
G1 X126.013 Y116.448 E.11848
G1 X125.267 Y116.448 E.02029
G1 X128.348 Y119.529 E.1185
G1 X127.602 Y119.529 E.02029
G1 X124.522 Y116.448 E.11848
G1 X123.777 Y116.448 E.02026
G1 X126.857 Y119.529 E.11848
G1 X126.111 Y119.529 E.02029
G1 X123.031 Y116.448 E.11848
G1 X122.286 Y116.448 E.02026
G1 X125.366 Y119.529 E.11848
G1 X124.621 Y119.529 E.02026
G1 X121.54 Y116.448 E.1185
G1 X120.795 Y116.448 E.02026
G1 X123.875 Y119.529 E.11848
G1 X123.13 Y119.529 E.02026
G1 X120.12 Y116.519 E.11577
G1 X120.088 Y117.232 E.01941
G1 X122.384 Y119.529 E.08833
G1 X121.639 Y119.529 E.02026
G1 X120.009 Y117.899 E.06269
G1 X119.924 Y118.559 E.0181
G1 X120.894 Y119.529 E.03731
G1 X120.148 Y119.529 E.02029
G1 X119.821 Y119.201 E.0126
G1 X119.747 Y119.529 E.00914
G1 X119.985 Y119.529 E.00647
G1 X119.359 Y121.132 F12000
;TYPE:Support material
G1 F3000
G1 X119.67 Y119.856 E.03572
G1 X130.345 Y119.856 E.29033
G1 X130.685 Y121.29 E.04008
G1 X119.314 Y121.29 E.30925
G1 X118.669 Y123.116 E.05267
G1 X118.448 Y123.617 E.01489
G1 X131.552 Y123.617 E.35639
G2 X132.793 Y125.944 I12.248 J-5.039 E.07184
G1 X117.207 Y125.944 E.42389
G3 X115.531 Y128.271 I-10.303 J-5.652 E.07819
G1 X134.469 Y128.271 E.51505
G1 X136.379 Y130.598 E.08188
G1 X113.621 Y130.598 E.61894
G2 X112.04 Y132.925 I6.382 J6.036 E.07684
G1 X137.96 Y132.925 E.70494
G1 X138.847 Y134.674 E.05333
G1 X139.004 Y135.252 E.01629
G1 X126.919 Y135.252 E.32867
G1 X126.75 Y135.166 E.00516
G2 X123.25 Y135.166 I-1.75 J5.092 E.09695
G1 X123.081 Y135.252 E.00516
G1 X110.996 Y135.252 E.32867
G1 X110.364 Y137.579 E.06558
G1 X120.508 Y137.579 E.27588
G1 X120.166 Y138.25 E.02048
G2 X119.861 Y139.906 I7.597 J2.251 E.04588
G1 X110.219 Y139.906 E.26223
G2 X110.411 Y142.233 I7.914 J.521 E.06373
G1 X120.412 Y142.233 E.272
G1 X120.743 Y142.883 E.01984
G2 X122.21 Y144.304 I4.621 J-3.301 E.05585
G1 E-.64 F2100
;WIPE_START
G1 F9600
G3 X121.601 Y143.834 I3.153 J-4.723 E-.16
;WIPE_END
G1 X127.422 Y135.508 Z5.977 F12000
G1 Z5.8 F720
G1 E.8 F1500
G1 F3000
G3 X128.158 Y135.943 I-1.352 J3.129 E.02331
G3 X129.257 Y137.117 I-5.741 J6.474 E.0438
G1 X129.492 Y137.579 E.0141
G1 X139.639 Y137.59 E.27597
G1 X139.781 Y139.906 E.06311
G1 X130.139 Y139.906 E.26223
G3 X129.834 Y141.75 I-6.874 J-.187 E.05099
G1 X129.588 Y142.233 E.01474
G1 X139.589 Y142.233 E.272
G3 X139.045 Y144.56 I-7.23 J-.464 E.06529
G1 X127.288 Y144.56 E.31975
G3 X126.426 Y144.94 I-1.973 J-3.313 E.02568
G3 X123.25 Y144.834 I-1.415 J-5.259 E.0877
G1 X122.712 Y144.56 E.01642
G1 X110.955 Y144.56 E.31975
G1 X111.634 Y146.437 E.05429
M73 Q73 S8
G1 X111.91 Y146.887 E.01436
G1 X138.09 Y146.887 E.71201
G1 X136.785 Y149.011 E.0678
G1 X136.594 Y149.215 E.0076
G1 X113.406 Y149.215 E.63064
G1 X115.285 Y151.212 E.07457
G1 X115.754 Y151.542 E.0156
G1 X134.246 Y151.542 E.50292
G1 X132.242 Y152.948 E.06658
M73 P73 R8
G1 X130.112 Y153.869 E.06311
G1 X119.888 Y153.869 E.27806
G1 X120.531 Y154.147 F12000
G1 F3000
G1 X123.489 Y154.759 E.08215
G1 X126.511 Y154.759 E.08219
G1 X129.469 Y154.147 E.08215
G1 X129.734 Y154.032 E.00786
G1 E-.64 F2100
;WIPE_START
G1 F9600
G1 X129.469 Y154.147 E-.06003
G1 X128.998 Y154.244 E-.09997
;WIPE_END
G1 X129.605 Y123.367 Z6.339 F12000
G1 X129.651 Y121.04 Z6.373
G1 X129.742 Y116.386 Z6.4
G1 X129.782 Y114.382
G1 Z5.8 F720
G1 E.8 F1500
;TYPE:Overhang perimeter
;WIDTH:0.436653
G1 F900
G1 X129.782 Y114.776 E.0129
G1 X120.218 Y114.776 E.31312
G1 X120.218 Y114.382 E.0129
G1 X129.722 Y114.382 E.31115
;LAYER_CHANGE
;Z:6
;HEIGHT:0.2
;BEFORE_LAYER_CHANGE
G92 E0.0
;6


G1 E-.64 F2100
;WIPE_START
G1 F9600
G1 X129.782 Y114.382 E-.01247
G1 X129.782 Y114.776 E-.08188
;WIPE_END
G1 E-.06565 F2100
G1 X129.782 Y114.776 Z5.8 F12000
G1 X122.718 Y144.84 Z6.339
G1 X122.185 Y147.106 Z6.373
G1 X121.12 Y151.637 Z6.4
G1 X120.531 Y154.147 Z6.4
;AFTER_LAYER_CHANGE
;6
M486 S-1
M486 S0
G1 Z6 F720
G1 E.8 F1500
;TYPE:Support material
;WIDTH:0.37
G1 F3000
G1 X123.489 Y154.759 E.08215
G1 X126.511 Y154.759 E.08219
G1 X129.469 Y154.147 E.08215
G1 X129.734 Y154.032 E.00786
G1 X130.112 Y153.869 F12000
G1 F3000
G1 X119.888 Y153.869 E.27806
G1 X117.758 Y152.948 E.06311
G1 X115.754 Y151.542 E.06658
G1 X134.246 Y151.542 E.50292
G1 X134.715 Y151.212 E.0156
G1 X136.594 Y149.215 E.07457
G1 X113.406 Y149.215 E.63064
G1 X113.215 Y149.011 E.0076
G1 X111.91 Y146.887 E.0678
G1 X138.09 Y146.887 E.71201
G1 X138.366 Y146.437 E.01436
G1 X139.045 Y144.56 E.05429
G1 X127.288 Y144.56 E.31975
G3 X126.426 Y144.94 I-1.973 J-3.313 E.02568
G3 X123.25 Y144.834 I-1.415 J-5.259 E.0877
G1 X122.712 Y144.56 E.01642
G1 X110.955 Y144.56 E.31975
G3 X110.434 Y142.395 I6.15 J-2.625 E.06085
G1 X110.953 Y135.41 F12000
G1 F3000
G1 X110.364 Y137.579 E.06113
G1 X120.508 Y137.579 E.27588
G1 X120.166 Y138.25 E.02048
G2 X119.861 Y139.906 I7.597 J2.251 E.04588
G1 X110.219 Y139.906 E.26223
G2 X110.411 Y142.233 I7.914 J.521 E.06373
G1 X120.412 Y142.233 E.272
G1 X120.743 Y142.883 E.01984
G2 X122.21 Y144.304 I4.621 J-3.301 E.05585
G1 E-.64 F2100
;WIPE_START
G1 F9600
G3 X121.601 Y143.834 I3.153 J-4.723 E-.16
;WIPE_END
G1 X127.79 Y144.304 Z6.108 F12000
G1 Z6 F720
G1 E.8 F1500
G1 F3000
G1 X127.883 Y144.257 E.00283
G2 X129.057 Y143.158 I-5.3 J-6.84 E.0438
G2 X129.588 Y142.233 I-3.669 J-2.721 E.02907
G1 X139.589 Y142.233 E.272
G2 X139.781 Y139.906 I-7.722 J-1.806 E.06373
G1 X130.139 Y139.906 E.26223
G1 X129.94 Y138.574 E.03663
G2 X129.492 Y137.579 I-4.497 J1.423 E.02974
G1 X139.636 Y137.579 E.27588
G1 X139.004 Y135.252 E.06558
G1 X126.919 Y135.252 E.32867
G1 X126.75 Y135.166 E.00516
G2 X123.25 Y135.166 I-1.75 J5.092 E.09695
G1 X123.081 Y135.252 E.00516
G1 X110.996 Y135.252 E.32867
G1 X111.153 Y134.674 E.01629
G1 X112.04 Y132.925 E.05333
G1 X137.96 Y132.925 E.70494
G2 X136.379 Y130.598 I-7.963 J3.709 E.07684
G1 X113.621 Y130.598 E.61894
G1 X115.531 Y128.271 E.08188
G1 X134.469 Y128.271 E.51505
G3 X132.793 Y125.944 I8.627 J-7.978 E.07819
G1 X117.207 Y125.944 E.42389
G2 X118.448 Y123.617 I-10.987 J-7.354 E.07184
G1 X131.552 Y123.617 E.35639
G3 X130.685 Y121.29 I23.327 J-10.011 E.06756
G1 X119.314 Y121.29 E.30925
G1 E-.64 F2100
;WIPE_START
G1 F9600
G1 X120.084 Y121.29 E-.16
;WIPE_END
G1 X120.609 Y117.427 Z6.068 F12000
G1 Z6 F720
G1 E.8 F1500
;TYPE:Support material interface
G1 F2100
G1 X120.066 Y117.427 E.01477
G1 X119.969 Y118.231 E.02202
G1 X120.773 Y117.427 E.03092
G1 X121.518 Y117.427 E.02026
G1 X119.837 Y119.108 E.06465
G1 X119.619 Y120.071 E.02685
G1 X122.263 Y117.427 E.10169
G1 X123.009 Y117.427 E.02029
G1 X119.482 Y120.954 E.13566
G1 X120.227 Y120.954 E.02026
G1 X123.754 Y117.427 E.13566
G1 X124.5 Y117.427 E.02029
G1 X120.972 Y120.954 E.13567
G1 X121.718 Y120.954 E.02029
G1 X125.245 Y117.427 E.13566
G1 X125.991 Y117.427 E.02029
G1 X122.463 Y120.954 E.13567
G1 X123.208 Y120.955 E.02026
G1 X126.736 Y117.427 E.13569
G1 X127.481 Y117.427 E.02026
G1 X123.953 Y120.955 E.13569
G1 X124.699 Y120.955 E.02029
G1 X128.227 Y117.427 E.13569
G1 X128.972 Y117.427 E.02026
G1 X125.444 Y120.955 E.13569
G1 X126.189 Y120.955 E.02026
G1 X129.718 Y117.427 E.13571
G3 X129.963 Y117.663 I.08 J.162 E.01202
G1 X129.995 Y117.894 E.00634
G1 X126.934 Y120.955 E.11773
G1 X127.68 Y120.956 E.02029
G1 X130.077 Y118.559 E.09219
G1 X130.188 Y119.193 E.01751
G1 X128.425 Y120.956 E.06781
G1 X129.17 Y120.956 E.02026
G1 X130.33 Y119.796 E.04462
G1 X130.47 Y120.401 E.01689
G1 X129.915 Y120.956 E.02135
G1 X130.6 Y120.956 E.01863
G1 X130.507 Y120.56 E.01106
G1 E-.64
;WIPE_START
G1 F9600
G1 X130.6 Y120.956 E-.08453
G1 X130.237 Y120.956 E-.07547
;WIPE_END
G1 X129.761 Y115.246 Z6.1 F12000
G1 Z6 F720
G1 E.8 F1500
;TYPE:Overhang perimeter
;WIDTH:0.481223
G1 F900
G1 X129.764 Y115.246 E.00011
G1 X129.772 Y115.684 E.01597
G1 X129.549 Y115.684 E.00813
G1 X121.88 Y115.684 E.2795
G1 X120.228 Y115.684 E.06021
G1 X120.236 Y115.246 E.01597
M73 P73 R7
G1 X120.451 Y115.246 E.00784
G1 X129.701 Y115.246 E.33712
G1 E-.64 F2100
M73 Q74 S7
;WIPE_START
G1 F9600
G1 X129.761 Y115.246 E-.01247
G1 X129.764 Y115.246 E-.00062
;WIPE_END
G1 E-.14691 F2100
G1 X122.632 Y145.294 Z6.539 F12000
G1 X122.094 Y147.559 Z6.573
G1 X121.02 Y152.087 Z6.6
M486 S-1
M486 S1
G1 X120.531 Y154.147
G1 Z6 F720
G1 E.8 F1500
;TYPE:Support material
;WIDTH:0.37
G1 F3000
G1 X123.489 Y154.759 E.08215
G1 X126.511 Y154.759 E.08219
G1 X129.469 Y154.147 E.08215
G1 X129.734 Y154.032 E.00786
G1 X130.112 Y153.869 F12000
G1 F3000
G1 X119.888 Y153.869 E.27806
G1 X117.758 Y152.948 E.06311
G1 X115.754 Y151.542 E.06658
G1 X134.246 Y151.542 E.50292
G1 X134.715 Y151.212 E.0156
M73 P74 R7
G1 X136.594 Y149.215 E.07457
G1 X113.406 Y149.215 E.63064
G1 X113.215 Y149.011 E.0076
G1 X111.91 Y146.887 E.0678
G1 X138.09 Y146.887 E.71201
G1 X138.366 Y146.437 E.01436
G1 X139.045 Y144.56 E.05429
G1 X127.288 Y144.56 E.31975
G3 X126.426 Y144.94 I-1.973 J-3.313 E.02568
G3 X123.25 Y144.834 I-1.415 J-5.259 E.0877
G1 X122.712 Y144.56 E.01642
G1 X110.955 Y144.56 E.31975
G3 X110.434 Y142.395 I6.15 J-2.625 E.06085
G1 X110.953 Y135.41 F12000
G1 F3000
G1 X110.364 Y137.579 E.06113
G1 X120.508 Y137.579 E.27588
G1 X120.166 Y138.25 E.02048
G2 X119.861 Y139.906 I7.597 J2.251 E.04588
G1 X110.219 Y139.906 E.26223
G2 X110.411 Y142.233 I7.914 J.521 E.06373
G1 X120.412 Y142.233 E.272
G1 X120.743 Y142.883 E.01984
G2 X122.21 Y144.304 I4.621 J-3.301 E.05585
G1 E-.64 F2100
;WIPE_START
G1 F9600
G3 X121.601 Y143.834 I3.153 J-4.723 E-.16
;WIPE_END
G1 X127.79 Y144.304 Z6.108 F12000
G1 Z6 F720
G1 E.8 F1500
G1 F3000
G1 X127.883 Y144.257 E.00283
G2 X129.057 Y143.158 I-5.3 J-6.84 E.0438
G2 X129.588 Y142.233 I-3.669 J-2.721 E.02907
G1 X139.589 Y142.233 E.272
G2 X139.781 Y139.906 I-7.722 J-1.806 E.06373
G1 X130.139 Y139.906 E.26223
G1 X129.94 Y138.574 E.03663
G2 X129.492 Y137.579 I-4.497 J1.423 E.02974
G1 X139.636 Y137.579 E.27588
G1 X139.004 Y135.252 E.06558
G1 X126.919 Y135.252 E.32867
G1 X126.75 Y135.166 E.00516
G2 X123.25 Y135.166 I-1.75 J5.092 E.09695
G1 X123.081 Y135.252 E.00516
G1 X110.996 Y135.252 E.32867
G1 X111.153 Y134.674 E.01629
G1 X112.04 Y132.925 E.05333
G1 X137.96 Y132.925 E.70494
G2 X136.379 Y130.598 I-7.963 J3.709 E.07684
G1 X113.621 Y130.598 E.61894
G1 X115.531 Y128.271 E.08188
G1 X134.469 Y128.271 E.51505
G3 X132.793 Y125.944 I8.627 J-7.978 E.07819
G1 X117.207 Y125.944 E.42389
G2 X118.448 Y123.617 I-10.987 J-7.354 E.07184
G1 X131.552 Y123.617 E.35639
G3 X130.685 Y121.29 I23.327 J-10.011 E.06756
G1 X119.314 Y121.29 E.30925
G1 E-.64 F2100
;WIPE_START
G1 F9600
G1 X120.084 Y121.29 E-.16
;WIPE_END
G1 X120.609 Y117.427 Z6.068 F12000
G1 Z6 F720
G1 E.8 F1500
;TYPE:Support material interface
G1 F2100
G1 X120.066 Y117.427 E.01477
G1 X119.969 Y118.231 E.02202
G1 X120.773 Y117.427 E.03092
G1 X121.518 Y117.427 E.02026
G1 X119.837 Y119.108 E.06465
G1 X119.619 Y120.071 E.02685
G1 X122.263 Y117.427 E.10169
G1 X123.009 Y117.427 E.02029
G1 X119.482 Y120.954 E.13566
G1 X120.227 Y120.954 E.02026
G1 X123.754 Y117.427 E.13566
G1 X124.5 Y117.427 E.02029
G1 X120.972 Y120.954 E.13567
G1 X121.718 Y120.954 E.02029
G1 X125.245 Y117.427 E.13566
G1 X125.991 Y117.427 E.02029
G1 X122.463 Y120.954 E.13567
G1 X123.208 Y120.955 E.02026
G1 X126.736 Y117.427 E.13569
G1 X127.481 Y117.427 E.02026
G1 X123.953 Y120.955 E.13569
G1 X124.699 Y120.955 E.02029
G1 X128.227 Y117.427 E.13569
G1 X128.972 Y117.427 E.02026
G1 X125.444 Y120.955 E.13569
G1 X126.189 Y120.955 E.02026
G1 X129.718 Y117.427 E.13571
G3 X129.963 Y117.663 I.08 J.162 E.01202
G1 X129.995 Y117.894 E.00634
G1 X126.934 Y120.955 E.11773
G1 X127.68 Y120.956 E.02029
G1 X130.077 Y118.559 E.09219
G1 X130.188 Y119.193 E.01751
G1 X128.425 Y120.956 E.06781
G1 X129.17 Y120.956 E.02026
G1 X130.33 Y119.796 E.04462
G1 X130.47 Y120.401 E.01689
G1 X129.915 Y120.956 E.02135
G1 X130.6 Y120.956 E.01863
G1 X130.507 Y120.56 E.01106
G1 E-.64
;WIPE_START
G1 F9600
G1 X130.6 Y120.956 E-.08453
G1 X130.237 Y120.956 E-.07547
;WIPE_END
G1 X129.761 Y115.246 Z6.1 F12000
G1 Z6 F720
G1 E.8 F1500
;TYPE:Overhang perimeter
;WIDTH:0.481223
G1 F900
G1 X129.764 Y115.246 E.00011
G1 X129.772 Y115.684 E.01597
G1 X129.549 Y115.684 E.00813
G1 X121.88 Y115.684 E.2795
G1 X120.228 Y115.684 E.06021
G1 X120.236 Y115.246 E.01597
G1 X120.451 Y115.246 E.00784
G1 X129.701 Y115.246 E.33712
;LAYER_CHANGE
;Z:6.2
;HEIGHT:0.2
;BEFORE_LAYER_CHANGE
G92 E0.0
;6.2


G1 E-.64 F2100
;WIPE_START
G1 F9600
G1 X129.761 Y115.246 E-.01247
G1 X129.764 Y115.246 E-.00062
;WIPE_END
G1 E-.14691 F2100
G1 X129.764 Y115.246 Z6 F12000
G1 X118.9 Y122.913 Z6.232
;AFTER_LAYER_CHANGE
;6.2
M486 S-1
M486 S0
G1 Z6.2 F720
G1 E.8 F1500
;TYPE:Support material interface
;WIDTH:0.37
G1 F2100
G1 X118.741 Y122.91 E.00433
G1 X118.823 Y122.676 E.00674
G1 X119.063 Y122.916 E.00923
G1 X119.822 Y122.93 E.02065
G1 X119.028 Y122.136 E.03054
G1 X119.221 Y121.583 E.01593
G1 X120.581 Y122.943 E.05231
G1 X121.302 Y122.919 E.01962
G1 X119.389 Y121.005 E.0736
G1 X119.53 Y120.401 E.01687
G1 X122.039 Y122.91 E.0965
G1 X122.784 Y122.91 E.02026
G1 X119.681 Y119.807 E.11935
G1 X119.821 Y119.201 E.01692
G1 X123.529 Y122.91 E.14264
G1 X124.275 Y122.91 E.02029
G1 X119.924 Y118.559 E.16735
G1 X119.931 Y118.508 E.0014
G1 X120.618 Y118.508 E.01868
G1 X125.02 Y122.91 E.16931
G1 X125.766 Y122.91 E.02029
G1 X121.364 Y118.508 E.16931
G1 X122.109 Y118.508 E.02026
G1 X126.511 Y122.91 E.16931
G1 X127.256 Y122.91 E.02026
G1 X122.855 Y118.508 E.16929
G1 X123.6 Y118.508 E.02026
G1 X128.002 Y122.91 E.16931
G1 X128.747 Y122.91 E.02026
G1 X124.345 Y118.508 E.16931
G1 X125.091 Y118.508 E.02029
G1 X129.493 Y122.91 E.16931
G1 X130.238 Y122.91 E.02026
G1 X125.836 Y118.508 E.16931
G1 X126.582 Y118.508 E.02029
G1 X130.983 Y122.91 E.16929
G1 X131.259 Y122.91 E.00751
M73 Q75 S7
G1 X130.982 Y122.163 E.02167
G1 X127.327 Y118.508 E.14058
G1 X127.909 Y118.508 E.01583
G1 E-.64
;WIPE_START
G1 F9600
G1 X127.327 Y118.508 E-.12095
G1 X127.46 Y118.641 E-.03905
;WIPE_END
G1 X130.134 Y118.954 Z6.247 F12000
G1 Z6.2 F720
G1 E.8 F1500
G1 F2100
G1 X130.069 Y118.508 E.01226
G1 X129.564 Y118.508 E.01373
G1 X130.169 Y119.114 E.02329
G1 X130.396 Y120.087 E.02717
G1 X128.818 Y118.508 E.06071
G1 X128.073 Y118.508 E.02026
G1 X130.624 Y121.06 E.09814
G1 X130.782 Y121.594 E.01515
G1 X131.485 Y123.468 F12000
;TYPE:Support material
G1 F3000
G1 X131.381 Y123.237 E.00689
G1 X121.705 Y123.237 E.26316
G1 X121.209 Y123.282 E.01355
G1 X118.62 Y123.235 E.07042
G1 X118.448 Y123.617 E.01139
G1 X131.552 Y123.617 E.35639
G2 X132.793 Y125.944 I12.248 J-5.039 E.07184
G1 X117.207 Y125.944 E.42389
G3 X115.531 Y128.271 I-10.303 J-5.652 E.07819
M73 P75 R7
G1 X134.469 Y128.271 E.51505
G1 X136.379 Y130.598 E.08188
G1 X113.621 Y130.598 E.61894
G2 X112.04 Y132.925 I6.382 J6.036 E.07684
G1 X137.96 Y132.925 E.70494
G1 X138.847 Y134.674 E.05333
G1 X139.004 Y135.252 E.01629
G1 X126.919 Y135.252 E.32867
G1 X126.75 Y135.166 E.00516
G2 X123.25 Y135.166 I-1.75 J5.092 E.09695
G1 X123.081 Y135.252 E.00516
G1 X110.996 Y135.252 E.32867
G1 X110.364 Y137.579 E.06558
G1 X120.508 Y137.579 E.27588
G1 X120.166 Y138.25 E.02048
G2 X119.861 Y139.906 I7.597 J2.251 E.04588
G1 X110.219 Y139.906 E.26223
G2 X110.411 Y142.233 I7.914 J.521 E.06373
G1 X120.412 Y142.233 E.272
G1 X120.743 Y142.883 E.01984
G2 X122.21 Y144.304 I4.621 J-3.301 E.05585
G1 E-.64 F2100
;WIPE_START
G1 F9600
G3 X121.601 Y143.834 I3.153 J-4.723 E-.16
;WIPE_END
G1 X127.422 Y135.508 Z6.377 F12000
G1 Z6.2 F720
G1 E.8 F1500
G1 F3000
G3 X128.158 Y135.943 I-1.352 J3.129 E.02331
G3 X129.257 Y137.117 I-5.741 J6.474 E.0438
G1 X129.492 Y137.579 E.0141
G1 X139.639 Y137.59 E.27597
G1 X139.781 Y139.906 E.06311
G1 X130.139 Y139.906 E.26223
G3 X129.834 Y141.75 I-6.874 J-.187 E.05099
G1 X129.588 Y142.233 E.01474
G1 X139.589 Y142.233 E.272
G3 X139.045 Y144.56 I-7.23 J-.464 E.06529
G1 X127.288 Y144.56 E.31975
G3 X126.426 Y144.94 I-1.973 J-3.313 E.02568
G3 X123.25 Y144.834 I-1.415 J-5.259 E.0877
G1 X122.712 Y144.56 E.01642
G1 X110.955 Y144.56 E.31975
G1 X111.634 Y146.437 E.05429
G1 X111.91 Y146.887 E.01436
G1 X138.09 Y146.887 E.71201
G1 X136.785 Y149.011 E.0678
G1 X136.594 Y149.215 E.0076
G1 X113.406 Y149.215 E.63064
G1 X115.285 Y151.212 E.07457
G1 X115.754 Y151.542 E.0156
G1 X134.246 Y151.542 E.50292
G1 X132.242 Y152.948 E.06658
G1 X130.112 Y153.869 E.06311
G1 X119.888 Y153.869 E.27806
G1 X120.531 Y154.147 F12000
G1 F3000
G1 X123.489 Y154.759 E.08215
G1 X126.511 Y154.759 E.08219
G1 X129.469 Y154.147 E.08215
G1 X129.734 Y154.032 E.00786
G1 E-.64 F2100
;WIPE_START
G1 F9600
G1 X129.469 Y154.147 E-.06003
G1 X128.998 Y154.244 E-.09997
;WIPE_END
G1 X129.622 Y123.367 Z6.739 F12000
G1 X129.669 Y121.04 Z6.773
G1 X129.763 Y116.387 Z6.8
G1 X129.767 Y116.164
G1 Z6.2 F720
G1 E.8 F1500
;TYPE:Overhang perimeter
;WIDTH:0.521299
G1 F900
G1 X129.788 Y116.642 E.01903
G1 X129.538 Y116.642 E.00994
;WIDTH:0.521419
G1 X120.212 Y116.643 E.37106
G1 X120.233 Y116.164 E.01908
G1 X120.462 Y116.164 E.00911
G1 X129.707 Y116.164 E.36783
G1 E-.64 F2100
;WIPE_START
G1 F9600
G1 X129.767 Y116.164 E-.01247
G1 X129.788 Y116.642 E-.09943
;WIPE_END
G1 E-.0481 F2100
M486 S-1
M486 S1
G1 X118.9 Y122.913 Z6.419 F12000
G1 Z6.2 F720
G1 E.8 F1500
;TYPE:Support material interface
;WIDTH:0.37
G1 F2100
G1 X118.741 Y122.91 E.00433
G1 X118.823 Y122.676 E.00674
G1 X119.063 Y122.916 E.00923
G1 X119.822 Y122.93 E.02065
G1 X119.028 Y122.136 E.03054
G1 X119.221 Y121.583 E.01593
G1 X120.581 Y122.943 E.05231
G1 X121.302 Y122.919 E.01962
G1 X119.389 Y121.005 E.0736
G1 X119.53 Y120.401 E.01687
G1 X122.039 Y122.91 E.0965
G1 X122.784 Y122.91 E.02026
G1 X119.681 Y119.807 E.11935
G1 X119.821 Y119.201 E.01692
G1 X123.529 Y122.91 E.14264
G1 X124.275 Y122.91 E.02029
G1 X119.924 Y118.559 E.16735
G1 X119.931 Y118.508 E.0014
G1 X120.618 Y118.508 E.01868
G1 X125.02 Y122.91 E.16931
G1 X125.766 Y122.91 E.02029
G1 X121.364 Y118.508 E.16931
G1 X122.109 Y118.508 E.02026
G1 X126.511 Y122.91 E.16931
G1 X127.256 Y122.91 E.02026
G1 X122.855 Y118.508 E.16929
G1 X123.6 Y118.508 E.02026
G1 X128.002 Y122.91 E.16931
G1 X128.747 Y122.91 E.02026
G1 X124.345 Y118.508 E.16931
G1 X125.091 Y118.508 E.02029
G1 X129.493 Y122.91 E.16931
G1 X130.238 Y122.91 E.02026
G1 X125.836 Y118.508 E.16931
G1 X126.582 Y118.508 E.02029
G1 X130.983 Y122.91 E.16929
G1 X131.259 Y122.91 E.00751
G1 X130.982 Y122.163 E.02167
G1 X127.327 Y118.508 E.14058
G1 X127.909 Y118.508 E.01583
G1 E-.64
;WIPE_START
G1 F9600
G1 X127.327 Y118.508 E-.12095
G1 X127.46 Y118.641 E-.03905
;WIPE_END
G1 X130.134 Y118.954 Z6.247 F12000
G1 Z6.2 F720
G1 E.8 F1500
G1 F2100
G1 X130.069 Y118.508 E.01226
G1 X129.564 Y118.508 E.01373
G1 X130.169 Y119.114 E.02329
G1 X130.396 Y120.087 E.02717
G1 X128.818 Y118.508 E.06071
G1 X128.073 Y118.508 E.02026
G1 X130.624 Y121.06 E.09814
G1 X130.782 Y121.594 E.01515
G1 X131.485 Y123.468 F12000
;TYPE:Support material
G1 F3000
G1 X131.381 Y123.237 E.00689
G1 X121.705 Y123.237 E.26316
G1 X121.209 Y123.282 E.01355
G1 X118.62 Y123.235 E.07042
G1 X118.448 Y123.617 E.01139
G1 X131.552 Y123.617 E.35639
G2 X132.793 Y125.944 I12.248 J-5.039 E.07184
G1 X117.207 Y125.944 E.42389
G3 X115.531 Y128.271 I-10.303 J-5.652 E.07819
G1 X134.469 Y128.271 E.51505
G1 X136.379 Y130.598 E.08188
G1 X113.621 Y130.598 E.61894
G2 X112.04 Y132.925 I6.382 J6.036 E.07684
M73 Q76 S7
G1 X137.96 Y132.925 E.70494
G1 X138.847 Y134.674 E.05333
G1 X139.004 Y135.252 E.01629
G1 X126.919 Y135.252 E.32867
G1 X126.75 Y135.166 E.00516
G2 X123.25 Y135.166 I-1.75 J5.092 E.09695
G1 X123.081 Y135.252 E.00516
G1 X110.996 Y135.252 E.32867
G1 X110.364 Y137.579 E.06558
G1 X120.508 Y137.579 E.27588
G1 X120.166 Y138.25 E.02048
G2 X119.861 Y139.906 I7.597 J2.251 E.04588
G1 X110.219 Y139.906 E.26223
G2 X110.411 Y142.233 I7.914 J.521 E.06373
M73 P76 R7
G1 X120.412 Y142.233 E.272
G1 X120.743 Y142.883 E.01984
G2 X122.21 Y144.304 I4.621 J-3.301 E.05585
G1 E-.64 F2100
;WIPE_START
G1 F9600
G3 X121.601 Y143.834 I3.153 J-4.723 E-.16
;WIPE_END
G1 X127.422 Y135.508 Z6.377 F12000
G1 Z6.2 F720
G1 E.8 F1500
G1 F3000
G3 X128.158 Y135.943 I-1.352 J3.129 E.02331
G3 X129.257 Y137.117 I-5.741 J6.474 E.0438
G1 X129.492 Y137.579 E.0141
G1 X139.639 Y137.59 E.27597
G1 X139.781 Y139.906 E.06311
G1 X130.139 Y139.906 E.26223
G3 X129.834 Y141.75 I-6.874 J-.187 E.05099
G1 X129.588 Y142.233 E.01474
G1 X139.589 Y142.233 E.272
G3 X139.045 Y144.56 I-7.23 J-.464 E.06529
G1 X127.288 Y144.56 E.31975
G3 X126.426 Y144.94 I-1.973 J-3.313 E.02568
G3 X123.25 Y144.834 I-1.415 J-5.259 E.0877
G1 X122.712 Y144.56 E.01642
G1 X110.955 Y144.56 E.31975
G1 X111.634 Y146.437 E.05429
G1 X111.91 Y146.887 E.01436
G1 X138.09 Y146.887 E.71201
G1 X136.785 Y149.011 E.0678
G1 X136.594 Y149.215 E.0076
G1 X113.406 Y149.215 E.63064
G1 X115.285 Y151.212 E.07457
G1 X115.754 Y151.542 E.0156
G1 X134.246 Y151.542 E.50292
G1 X132.242 Y152.948 E.06658
G1 X130.112 Y153.869 E.06311
G1 X119.888 Y153.869 E.27806
G1 X120.531 Y154.147 F12000
G1 F3000
G1 X123.489 Y154.759 E.08215
G1 X126.511 Y154.759 E.08219
G1 X129.469 Y154.147 E.08215
G1 X129.734 Y154.032 E.00786
G1 E-.64 F2100
;WIPE_START
G1 F9600
G1 X129.469 Y154.147 E-.06003
G1 X128.998 Y154.244 E-.09997
;WIPE_END
G1 X129.622 Y123.367 Z6.739 F12000
G1 X129.669 Y121.04 Z6.773
G1 X129.763 Y116.387 Z6.8
G1 X129.767 Y116.164
G1 Z6.2 F720
G1 E.8 F1500
;TYPE:Overhang perimeter
;WIDTH:0.521299
G1 F900
G1 X129.788 Y116.642 E.01903
G1 X129.538 Y116.642 E.00994
;WIDTH:0.521419
G1 X120.212 Y116.643 E.37106
G1 X120.233 Y116.164 E.01908
G1 X120.462 Y116.164 E.00911
G1 X129.707 Y116.164 E.36783
;LAYER_CHANGE
;Z:6.4
;HEIGHT:0.2
;BEFORE_LAYER_CHANGE
G92 E0.0
;6.4


G1 E-.64 F2100
;WIPE_START
G1 F9600
G1 X129.767 Y116.164 E-.01247
G1 X129.788 Y116.642 E-.09943
;WIPE_END
G1 E-.0481 F2100
G1 X129.788 Y116.642 Z6.2 F12000
G1 X120.65 Y137.3 Z6.594
;AFTER_LAYER_CHANGE
;6.4
M486 S-1
M486 S0
G1 Z6.4 F720
G1 E.8 F1500
;TYPE:Support material interface
;WIDTH:0.37
G1 F2100
G1 X120.26 Y138.066 E.02338
G1 X111.73 Y146.595 E.32806
G1 X112.014 Y147.057 E.01475
G1 X119.978 Y139.092 E.30633
G1 X119.862 Y139.955 E.02368
G1 X112.298 Y147.518 E.29091
G1 X112.581 Y147.98 E.01473
G1 X119.934 Y140.628 E.28279
G1 X120.036 Y141.271 E.01771
G1 X112.865 Y148.442 E.27581
G1 X113.149 Y148.904 E.01475
G1 X120.212 Y141.84 E.27168
G1 X120.463 Y142.334 E.01507
G1 X113.492 Y149.306 E.26814
G1 X113.853 Y149.69 E.01433
G1 X120.715 Y142.828 E.26393
G1 X121.037 Y143.252 E.01448
G1 X114.214 Y150.074 E.26241
G1 X114.576 Y150.458 E.01435
G1 X121.409 Y143.625 E.26281
G1 X121.782 Y143.997 E.01433
G1 X114.937 Y150.842 E.26327
G1 X115.285 Y151.212 E.01381
G1 X122.217 Y144.308 E.26608
G1 X122.711 Y144.559 E.01507
G1 X115.739 Y151.531 E.26816
G1 X116.177 Y151.838 E.01455
G1 X123.204 Y144.811 E.27027
G1 X123.788 Y144.973 E.01648
G1 X116.615 Y152.146 E.27589
G1 X117.053 Y152.453 E.01455
G1 X124.431 Y145.075 E.28377
G1 X125.113 Y145.138 E.01863
G1 X117.491 Y152.761 E.29318
G1 X117.961 Y153.036 E.01481
G1 X125.988 Y145.009 E.30873
G1 X126.436 Y144.936 E.01234
G1 E-.64
;WIPE_START
G1 F9600
G1 X125.988 Y145.009 E-.09433
G1 X125.765 Y145.232 E-.06567
;WIPE_END
G1 X127.838 Y144.28 Z6.44 F12000
G1 Z6.4 F720
G1 E.8 F1500
G1 F2100
G1 X127.073 Y144.67 E.02335
G1 X118.482 Y153.261 E.33043
G1 X119.002 Y153.486 E.01541
G1 X138.499 Y133.989 E.74989
G1 X138.75 Y134.483 E.01507
G1 X119.523 Y153.711 E.73953
G1 X120.043 Y153.936 E.01541
G1 X138.945 Y135.034 E.72701
G1 X139.104 Y135.62 E.01651
G1 X120.57 Y154.155 E.71288
G1 X121.187 Y154.282 E.01713
M73 Q77 S7
G1 X139.263 Y136.207 E.69522
G1 X139.422 Y136.793 E.01651
G1 X121.805 Y154.41 E.67759
G1 X122.422 Y154.538 E.01714
M73 P77 R7
G1 X139.581 Y137.379 E.65997
G1 X139.666 Y138.04 E.01813
G1 X123.04 Y154.666 E.63947
G1 X123.693 Y154.759 E.01794
G1 X139.709 Y138.742 E.61603
G1 X139.752 Y139.444 E.01913
G1 X124.438 Y154.759 E.58903
G1 X125.183 Y154.759 E.02026
M73 P77 R6
M73 Q77 S6
G1 X139.795 Y140.147 E.56201
G3 X139.78 Y140.907 I-2.314 J.333 E.02077
G1 X125.929 Y154.759 E.53276
G1 X126.717 Y154.716 E.02146
G1 X139.655 Y141.778 E.49762
G1 X139.53 Y142.649 E.02393
G1 X127.657 Y154.522 E.45666
G1 X128.596 Y154.327 E.02608
G1 X139.404 Y143.519 E.4157
G1 X139.272 Y143.931 E.01177
G1 X138.876 Y145.028 F12000
G1 F2100
G1 X139.009 Y144.66 E.01064
G1 X129.563 Y154.106 E.36331
G1 X128.757 Y154.294 E.02251
G1 E-.64
;WIPE_START
G1 F9600
G1 X129.507 Y154.119 E-.16
;WIPE_END
G1 X130.215 Y153.824 Z6.413 F12000
G1 Z6.4 F720
G1 E.8 F1500
G1 F2100
G1 X130.876 Y153.539 E.01958
G1 X138.587 Y145.828 E.29658
G1 X138.454 Y146.195 E.01062
G1 X138.377 Y146.407 F12000
G1 F2100
G1 X137.799 Y147.36 E.03031
G1 X132.189 Y152.971 E.21579
G1 X131.528 Y153.257 E.01959
G1 E-.64
;WIPE_START
G1 F9600
G1 X132.189 Y152.971 E-.14967
G1 X132.224 Y152.936 E-.01033
;WIPE_END
G1 X133.382 Y152.148 Z6.424 F12000
G1 Z6.4 F720
G1 E.8 F1500
G1 F2100
G2 X135.068 Y150.837 I-4.495 J-7.521 E.05823
G1 X136.785 Y149.011 E.06817
G1 X137.21 Y148.32 E.02206
G1 E-.64
;WIPE_START
G1 F9600
G1 X136.807 Y148.976 E-.16
;WIPE_END
G1 X129.28 Y142.838 Z6.57 F12000
G1 Z6.4 F720
G1 E.8 F1500
G1 F2100
G1 X129.67 Y142.073 E.02335
G1 X138.249 Y133.494 E.32997
G1 X137.998 Y132.999 E.01509
G1 X130.009 Y140.988 E.30727
G1 X130.138 Y140.113 E.02405
G1 X137.747 Y132.505 E.29264
G1 X137.496 Y132.01 E.01509
G1 X130.075 Y139.431 E.28543
G1 X129.973 Y138.788 E.01771
G1 X137.171 Y131.59 E.27685
G1 X136.84 Y131.176 E.01442
G1 X129.811 Y138.204 E.27033
G1 X129.559 Y137.711 E.01506
G1 X136.509 Y130.761 E.26731
G1 X136.178 Y130.346 E.01444
G1 X129.308 Y137.217 E.26425
G1 X128.997 Y136.782 E.01454
G1 X135.848 Y129.932 E.26348
G1 X135.515 Y129.519 E.01443
G1 X128.625 Y136.409 E.265
G1 X128.252 Y136.037 E.01433
G1 X135.175 Y129.113 E.26629
G1 X134.835 Y128.708 E.01438
G1 X127.828 Y135.715 E.2695
G1 X127.334 Y135.463 E.01508
G1 X134.495 Y128.302 E.27543
G1 X134.155 Y127.897 E.01438
G1 X126.84 Y135.212 E.28135
G1 X126.271 Y135.036 E.0162
G1 X133.815 Y127.491 E.29018
G1 X133.494 Y127.068 E.01444
G1 X125.628 Y134.934 E.30254
G1 X124.955 Y134.862 E.01841
G1 X133.208 Y126.608 E.31745
G1 X132.921 Y126.149 E.01472
G1 X124.092 Y134.978 E.33958
G1 X123.646 Y135.049 E.01228
G1 X122.3 Y135.65 F12000
G1 F2100
G1 X123.066 Y135.26 E.02338
G1 X132.635 Y125.69 E.36806
G1 X132.349 Y125.231 E.01471
G1 X111.503 Y146.077 E.80178
G1 X111.305 Y145.529 E.01585
G1 X132.084 Y124.751 E.79918
G1 X131.841 Y124.248 E.01519
G1 X111.107 Y144.982 E.79747
G1 X110.91 Y144.434 E.01584
M73 Q78 S6
G1 X131.607 Y123.737 E.79605
G1 X131.375 Y123.223 E.01534
G1 X110.712 Y143.887 E.79476
G1 X110.563 Y143.29 E.01673
M73 P78 R6
G1 X131.177 Y122.676 E.79286
G1 X130.972 Y122.135 E.01573
G1 X110.469 Y142.638 E.78859
G1 X110.375 Y141.987 E.01789
G1 X130.779 Y121.583 E.78478
G1 X130.612 Y121.005 E.01636
G1 X110.282 Y141.335 E.78193
G1 X110.188 Y140.683 E.01792
G1 X130.47 Y120.401 E.78009
G1 X130.319 Y119.807 E.01667
G1 X110.219 Y139.906 E.77307
G1 X110.268 Y139.112 E.02164
G1 X129.692 Y119.689 E.74707
G1 X128.946 Y119.689 E.02029
G1 X110.317 Y138.318 E.71651
G1 X110.384 Y137.505 E.02219
G1 X128.201 Y119.689 E.68526
G1 X127.456 Y119.689 E.02026
G1 X110.662 Y136.482 E.64591
G1 X110.94 Y135.459 E.02883
G1 X126.71 Y119.689 E.60655
G1 X125.965 Y119.689 E.02026
G1 X111.332 Y134.321 E.5628
G1 X111.153 Y134.674 E.01076
G1 X111.712 Y133.571 F12000
G1 F2100
G1 X112.098 Y132.81 E.02321
G1 X125.219 Y119.689 E.50466
G1 X124.474 Y119.689 E.02026
G1 X113.842 Y130.32 E.40891
G1 E-.64
;WIPE_START
G1 F9600
G1 X114.386 Y129.776 E-.16
;WIPE_END
G1 X115.58 Y128.212 Z6.434 F12000
G1 Z6.4 F720
G1 E.8 F1500
G1 F2100
G2 X116.765 Y126.652 I-6.187 J-5.929 E.0534
G1 X123.729 Y119.689 E.26783
G1 X122.983 Y119.689 E.02029
G1 X117.911 Y124.76 E.19506
G1 X117.722 Y125.117 E.01099
G1 X118.248 Y124.054 F12000
G1 F2100
G1 X118.561 Y123.365 E.02058
G1 X122.238 Y119.689 E.14141
G1 X121.492 Y119.689 E.02029
G1 X119.019 Y122.162 E.09512
G1 X119.151 Y121.785 E.01086
G1 X119.218 Y121.594 F12000
G1 F2100
G1 X119.376 Y121.06 E.01515
G1 X120.747 Y119.689 E.05273
G1 X120.002 Y119.689 E.02026
G1 X119.619 Y120.071 E.01471
G1 X119.709 Y119.689 E.01067
G1 X119.838 Y119.689 E.00351
G1 E-.64
;WIPE_START
G1 F9600
G1 X119.709 Y119.689 E-.02681
G1 X119.619 Y120.071 E-.08156
G1 X119.795 Y119.895 E-.05163
;WIPE_END
G1 X129.792 Y117.17 Z6.581 F12000
G1 Z6.4 F720
G1 E.8 F1500
;TYPE:Overhang perimeter
;WIDTH:0.571627
G1 F900
G1 X129.8 Y117.17 E.00035
G1 X129.855 Y117.699 E.02338
G1 X120.152 Y117.699 E.42656
;WIDTH:0.571522
G1 X120.214 Y117.17 E.02341
G1 X120.453 Y117.17 E.0105
;WIDTH:0.571627
G1 X129.732 Y117.17 E.40792
G1 E-.64 F2100
;WIPE_START
G1 F9600
G1 X129.792 Y117.17 E-.01247
G1 X129.8 Y117.17 E-.00166
;WIPE_END
G1 E-.14587 F2100
M486 S-1
M486 S1
G1 X120.65 Y137.3 Z6.786 F12000
G1 Z6.4 F720
G1 E.8 F1500
;TYPE:Support material interface
;WIDTH:0.37
G1 F2100
G1 X120.26 Y138.066 E.02338
G1 X111.73 Y146.595 E.32806
G1 X112.014 Y147.057 E.01475
G1 X119.978 Y139.092 E.30633
G1 X119.862 Y139.955 E.02368
G1 X112.298 Y147.518 E.29091
G1 X112.581 Y147.98 E.01473
G1 X119.934 Y140.628 E.28279
G1 X120.036 Y141.271 E.01771
G1 X112.865 Y148.442 E.27581
G1 X113.149 Y148.904 E.01475
M73 Q79 S6
G1 X120.212 Y141.84 E.27168
G1 X120.463 Y142.334 E.01507
G1 X113.492 Y149.306 E.26814
G1 X113.853 Y149.69 E.01433
G1 X120.715 Y142.828 E.26393
G1 X121.037 Y143.252 E.01448
G1 X114.214 Y150.074 E.26241
G1 X114.576 Y150.458 E.01435
G1 X121.409 Y143.625 E.26281
G1 X121.782 Y143.997 E.01433
M73 P79 R6
G1 X114.937 Y150.842 E.26327
G1 X115.285 Y151.212 E.01381
G1 X122.217 Y144.308 E.26608
G1 X122.711 Y144.559 E.01507
G1 X115.739 Y151.531 E.26816
G1 X116.177 Y151.838 E.01455
G1 X123.204 Y144.811 E.27027
G1 X123.788 Y144.973 E.01648
G1 X116.615 Y152.146 E.27589
G1 X117.053 Y152.453 E.01455
G1 X124.431 Y145.075 E.28377
G1 X125.113 Y145.138 E.01863
G1 X117.491 Y152.761 E.29318
G1 X117.961 Y153.036 E.01481
G1 X125.988 Y145.009 E.30873
G1 X126.436 Y144.936 E.01234
G1 E-.64
;WIPE_START
G1 F9600
G1 X125.988 Y145.009 E-.09433
G1 X125.765 Y145.232 E-.06567
;WIPE_END
G1 X127.838 Y144.28 Z6.44 F12000
G1 Z6.4 F720
G1 E.8 F1500
G1 F2100
G1 X127.073 Y144.67 E.02335
G1 X118.482 Y153.261 E.33043
G1 X119.002 Y153.486 E.01541
G1 X138.499 Y133.989 E.74989
G1 X138.75 Y134.483 E.01507
G1 X119.523 Y153.711 E.73953
G1 X120.043 Y153.936 E.01541
G1 X138.945 Y135.034 E.72701
G1 X139.104 Y135.62 E.01651
G1 X120.57 Y154.155 E.71288
G1 X121.187 Y154.282 E.01713
G1 X139.263 Y136.207 E.69522
G1 X139.422 Y136.793 E.01651
G1 X121.805 Y154.41 E.67759
G1 X122.422 Y154.538 E.01714
G1 X139.581 Y137.379 E.65997
G1 X139.666 Y138.04 E.01813
G1 X123.04 Y154.666 E.63947
G1 X123.693 Y154.759 E.01794
G1 X139.709 Y138.742 E.61603
G1 X139.752 Y139.444 E.01913
G1 X124.438 Y154.759 E.58903
G1 X125.183 Y154.759 E.02026
G1 X139.795 Y140.147 E.56201
G3 X139.78 Y140.907 I-2.314 J.333 E.02077
G1 X125.929 Y154.759 E.53276
G1 X126.717 Y154.716 E.02146
G1 X139.655 Y141.778 E.49762
G1 X139.53 Y142.649 E.02393
G1 X127.657 Y154.522 E.45666
G1 X128.596 Y154.327 E.02608
G1 X139.404 Y143.519 E.4157
G1 X139.272 Y143.931 E.01177
G1 X138.876 Y145.028 F12000
G1 F2100
G1 X139.009 Y144.66 E.01064
G1 X129.563 Y154.106 E.36331
G1 X128.757 Y154.294 E.02251
G1 E-.64
;WIPE_START
G1 F9600
G1 X129.507 Y154.119 E-.16
;WIPE_END
G1 X130.215 Y153.824 Z6.413 F12000
G1 Z6.4 F720
G1 E.8 F1500
G1 F2100
G1 X130.876 Y153.539 E.01958
G1 X138.587 Y145.828 E.29658
G1 X138.454 Y146.195 E.01062
G1 X138.377 Y146.407 F12000
G1 F2100
G1 X137.799 Y147.36 E.03031
G1 X132.189 Y152.971 E.21579
G1 X131.528 Y153.257 E.01959
G1 E-.64
;WIPE_START
G1 F9600
G1 X132.189 Y152.971 E-.14967
G1 X132.224 Y152.936 E-.01033
;WIPE_END
G1 X133.382 Y152.148 Z6.424 F12000
G1 Z6.4 F720
G1 E.8 F1500
G1 F2100
G2 X135.068 Y150.837 I-4.495 J-7.521 E.05823
G1 X136.785 Y149.011 E.06817
G1 X137.21 Y148.32 E.02206
G1 E-.64
;WIPE_START
G1 F9600
G1 X136.807 Y148.976 E-.16
;WIPE_END
G1 X129.28 Y142.838 Z6.57 F12000
G1 Z6.4 F720
G1 E.8 F1500
G1 F2100
G1 X129.67 Y142.073 E.02335
G1 X138.249 Y133.494 E.32997
G1 X137.998 Y132.999 E.01509
G1 X130.009 Y140.988 E.30727
G1 X130.138 Y140.113 E.02405
M73 Q80 S6
G1 X137.747 Y132.505 E.29264
G1 X137.496 Y132.01 E.01509
G1 X130.075 Y139.431 E.28543
G1 X129.973 Y138.788 E.01771
G1 X137.171 Y131.59 E.27685
G1 X136.84 Y131.176 E.01442
G1 X129.811 Y138.204 E.27033
G1 X129.559 Y137.711 E.01506
G1 X136.509 Y130.761 E.26731
G1 X136.178 Y130.346 E.01444
M73 P80 R6
G1 X129.308 Y137.217 E.26425
G1 X128.997 Y136.782 E.01454
G1 X135.848 Y129.932 E.26348
G1 X135.515 Y129.519 E.01443
G1 X128.625 Y136.409 E.265
G1 X128.252 Y136.037 E.01433
G1 X135.175 Y129.113 E.26629
G1 X134.835 Y128.708 E.01438
G1 X127.828 Y135.715 E.2695
G1 X127.334 Y135.463 E.01508
G1 X134.495 Y128.302 E.27543
G1 X134.155 Y127.897 E.01438
G1 X126.84 Y135.212 E.28135
G1 X126.271 Y135.036 E.0162
G1 X133.815 Y127.491 E.29018
G1 X133.494 Y127.068 E.01444
G1 X125.628 Y134.934 E.30254
G1 X124.955 Y134.862 E.01841
G1 X133.208 Y126.608 E.31745
G1 X132.921 Y126.149 E.01472
G1 X124.092 Y134.978 E.33958
G1 X123.646 Y135.049 E.01228
G1 X122.3 Y135.65 F12000
G1 F2100
G1 X123.066 Y135.26 E.02338
G1 X132.635 Y125.69 E.36806
G1 X132.349 Y125.231 E.01471
G1 X111.503 Y146.077 E.80178
G1 X111.305 Y145.529 E.01585
G1 X132.084 Y124.751 E.79918
G1 X131.841 Y124.248 E.01519
G1 X111.107 Y144.982 E.79747
G1 X110.91 Y144.434 E.01584
G1 X131.607 Y123.737 E.79605
G1 X131.375 Y123.223 E.01534
M73 P80 R5
M73 Q80 S5
G1 X110.712 Y143.887 E.79476
G1 X110.563 Y143.29 E.01673
G1 X131.177 Y122.676 E.79286
G1 X130.972 Y122.135 E.01573
G1 X110.469 Y142.638 E.78859
G1 X110.375 Y141.987 E.01789
G1 X130.779 Y121.583 E.78478
G1 X130.612 Y121.005 E.01636
G1 X110.282 Y141.335 E.78193
G1 X110.188 Y140.683 E.01792
G1 X130.47 Y120.401 E.78009
G1 X130.319 Y119.807 E.01667
G1 X110.219 Y139.906 E.77307
G1 X110.268 Y139.112 E.02164
G1 X129.692 Y119.689 E.74707
G1 X128.946 Y119.689 E.02029
G1 X110.317 Y138.318 E.71651
G1 X110.384 Y137.505 E.02219
G1 X128.201 Y119.689 E.68526
G1 X127.456 Y119.689 E.02026
G1 X110.662 Y136.482 E.64591
G1 X110.94 Y135.459 E.02883
M73 Q81 S5
G1 X126.71 Y119.689 E.60655
G1 X125.965 Y119.689 E.02026
G1 X111.332 Y134.321 E.5628
G1 X111.153 Y134.674 E.01076
M73 P81 R5
G1 X111.712 Y133.571 F12000
G1 F2100
G1 X112.098 Y132.81 E.02321
G1 X125.219 Y119.689 E.50466
G1 X124.474 Y119.689 E.02026
G1 X113.842 Y130.32 E.40891
G1 E-.64
;WIPE_START
G1 F9600
G1 X114.386 Y129.776 E-.16
;WIPE_END
G1 X115.58 Y128.212 Z6.434 F12000
G1 Z6.4 F720
G1 E.8 F1500
G1 F2100
G2 X116.765 Y126.652 I-6.187 J-5.929 E.0534
G1 X123.729 Y119.689 E.26783
G1 X122.983 Y119.689 E.02029
G1 X117.911 Y124.76 E.19506
G1 X117.722 Y125.117 E.01099
G1 X118.248 Y124.054 F12000
G1 F2100
G1 X118.561 Y123.365 E.02058
G1 X122.238 Y119.689 E.14141
G1 X121.492 Y119.689 E.02029
G1 X119.019 Y122.162 E.09512
G1 X119.151 Y121.785 E.01086
G1 X119.218 Y121.594 F12000
G1 F2100
G1 X119.376 Y121.06 E.01515
G1 X120.747 Y119.689 E.05273
G1 X120.002 Y119.689 E.02026
G1 X119.619 Y120.071 E.01471
G1 X119.709 Y119.689 E.01067
G1 X119.838 Y119.689 E.00351
G1 E-.64
;WIPE_START
G1 F9600
G1 X119.709 Y119.689 E-.02681
G1 X119.619 Y120.071 E-.08156
G1 X119.795 Y119.895 E-.05163
;WIPE_END
G1 X129.792 Y117.17 Z6.581 F12000
G1 Z6.4 F720
G1 E.8 F1500
;TYPE:Overhang perimeter
;WIDTH:0.571627
G1 F900
G1 X129.8 Y117.17 E.00035
G1 X129.855 Y117.699 E.02338
G1 X120.152 Y117.699 E.42656
;WIDTH:0.571522
G1 X120.214 Y117.17 E.02341
G1 X120.453 Y117.17 E.0105
;WIDTH:0.571627
G1 X129.732 Y117.17 E.40792
;LAYER_CHANGE
;Z:6.6
;HEIGHT:0.2
;BEFORE_LAYER_CHANGE
G92 E0.0
;6.6


G1 E-.64 F2100
;WIPE_START
G1 F9600
G1 X129.792 Y117.17 E-.01247
G1 X129.8 Y117.17 E-.00166
;WIPE_END
G1 E-.14587 F2100
G1 X129.8 Y117.17 Z6.4 F12000
G1 X127.7 Y135.65 Z6.725
;AFTER_LAYER_CHANGE
;6.6
M486 S-1
M486 S0
G1 Z6.6 F720
G1 E.8 F1500
;TYPE:Support material interface
;WIDTH:0.37
G1 F2100
G1 X126.934 Y135.26 E.02338
G1 X117.365 Y125.69 E.36806
G1 X117.079 Y126.149 E.01471
G1 X125.908 Y134.978 E.33958
G1 X125.045 Y134.862 E.02368
G1 X116.792 Y126.608 E.31745
G1 X116.506 Y127.068 E.01473
G1 X124.372 Y134.934 E.30254
G1 X123.729 Y135.036 E.01771
G1 X116.185 Y127.491 E.29018
G1 X115.845 Y127.897 E.0144
G1 X123.16 Y135.212 E.28135
G1 X122.666 Y135.463 E.01507
G1 X115.505 Y128.302 E.27543
G1 X115.165 Y128.708 E.0144
G1 X122.172 Y135.715 E.2695
G1 X121.748 Y136.037 E.01448
G1 X114.825 Y129.113 E.26629
G1 X114.485 Y129.519 E.0144
G1 X121.375 Y136.409 E.265
G1 X121.003 Y136.782 E.01433
G1 X114.152 Y129.932 E.26348
G1 X113.822 Y130.346 E.0144
G1 X120.692 Y137.217 E.26425
G1 X120.441 Y137.711 E.01507
G1 X113.491 Y130.761 E.26731
G1 X113.16 Y131.176 E.01444
G1 X120.189 Y138.204 E.27033
G1 X120.027 Y138.788 E.01648
G1 X112.829 Y131.59 E.27685
G1 X112.504 Y132.01 E.01444
G1 X119.925 Y139.431 E.28543
G1 X119.862 Y140.113 E.01863
G1 X112.253 Y132.505 E.29264
G1 X112.002 Y132.999 E.01507
G1 X119.991 Y140.988 E.30727
G1 X120.064 Y141.436 E.01234
G1 E-.64
;WIPE_START
G1 F9600
G1 X119.991 Y140.988 E-.09433
G1 X119.768 Y140.765 E-.06567
;WIPE_END
G1 X120.72 Y142.838 Z6.64 F12000
G1 Z6.6 F720
G1 E.8 F1500
G1 F2100
G1 X120.33 Y142.073 E.02335
G1 X111.751 Y133.494 E.32997
G1 X111.501 Y133.989 E.01508
G1 X130.998 Y153.486 E.74989
G1 X130.477 Y153.711 E.01543
G1 X111.25 Y134.483 E.73953
G1 X111.055 Y135.034 E.0159
G1 X129.957 Y153.936 E.72701
G1 X129.43 Y154.155 E.01552
G1 X110.896 Y135.62 E.71288
G1 X110.737 Y136.207 E.01654
G1 X128.813 Y154.282 E.69522
G1 X128.195 Y154.41 E.01716
G1 X110.578 Y136.793 E.67759
G1 X110.419 Y137.379 E.01651
G1 X127.578 Y154.538 E.65997
G1 X126.96 Y154.666 E.01716
M73 Q82 S5
G1 X110.334 Y138.04 E.63947
G1 X110.291 Y138.742 E.01913
G1 X126.307 Y154.759 E.61603
G1 X125.562 Y154.759 E.02026
M73 P82 R5
G1 X110.248 Y139.444 E.58903
G1 X110.205 Y140.147 E.01916
G1 X124.817 Y154.759 E.56201
G1 X124.071 Y154.759 E.02029
G1 X110.22 Y140.907 E.53276
G1 X110.345 Y141.778 E.02393
G1 X123.283 Y154.716 E.49762
G1 X122.343 Y154.522 E.0261
G1 X110.47 Y142.649 E.45666
G1 X110.596 Y143.519 E.02391
G1 X121.404 Y154.327 E.4157
G1 X120.437 Y154.106 E.02698
G1 X110.991 Y144.66 E.36331
G1 X111.124 Y145.028 E.01064
G1 E-.64
;WIPE_START
G1 F9600
G1 X110.991 Y144.66 E-.08132
G1 X111.259 Y144.928 E-.07868
;WIPE_END
G1 X112.79 Y148.32 Z6.665 F12000
G1 Z6.6 F720
G1 E.8 F1500
G1 F2100
G1 X113.215 Y149.011 E.02206
G1 X114.932 Y150.837 E.06817
G2 X116.618 Y152.148 I6.181 J-6.21 E.05823
G1 E-.64
;WIPE_START
G1 F9600
G3 X115.975 Y151.725 I4.495 J-7.521 E-.16
;WIPE_END
G1 X118.472 Y153.257 Z6.651 F12000
G1 Z6.6 F720
G1 E.8 F1500
G1 F2100
G1 X117.811 Y152.971 E.01959
G1 X112.201 Y147.36 E.21579
G1 X111.623 Y146.407 E.03031
G1 X111.546 Y146.195 F12000
G1 F2100
G1 X111.413 Y145.828 E.01062
G1 X119.124 Y153.539 E.29658
G1 X119.785 Y153.824 E.01958
G1 E-.64
;WIPE_START
G1 F9600
G1 X119.124 Y153.539 E-.14959
G1 X119.089 Y153.504 E-.01041
;WIPE_END
G1 X122.162 Y144.28 Z6.77 F12000
G1 Z6.6 F720
G1 E.8 F1500
G1 F2100
G1 X122.927 Y144.67 E.02335
G1 X131.518 Y153.261 E.33043
G1 X132.039 Y153.036 E.01543
G1 X124.012 Y145.009 E.30873
G1 X124.887 Y145.138 E.02405
G1 X132.509 Y152.761 E.29318
G1 X132.947 Y152.453 E.01456
G1 X125.569 Y145.075 E.28377
G1 X126.212 Y144.973 E.01771
G1 X133.385 Y152.146 E.27589
G1 X133.823 Y151.838 E.01456
G1 X126.796 Y144.811 E.27027
G1 X127.289 Y144.559 E.01506
G1 X134.261 Y151.531 E.26816
G1 X134.699 Y151.224 E.01455
G1 X127.783 Y144.308 E.266
G1 X128.218 Y143.997 E.01454
G1 X135.063 Y150.842 E.26327
G1 X135.424 Y150.458 E.01433
G1 X128.591 Y143.625 E.26281
G1 X128.963 Y143.252 E.01433
G1 X135.786 Y150.074 E.26241
G1 X136.147 Y149.69 E.01433
G1 X129.285 Y142.828 E.26393
G1 X129.537 Y142.334 E.01508
G1 X136.508 Y149.306 E.26814
G1 X136.785 Y149.011 E.01101
G1 X136.851 Y148.904 E.00342
G1 X129.788 Y141.84 E.27168
G1 X129.964 Y141.271 E.0162
G1 X137.135 Y148.442 E.27581
G1 X137.419 Y147.98 E.01475
G1 X130.066 Y140.628 E.28279
G1 X130.138 Y139.955 E.01841
G1 X137.702 Y147.518 E.29091
G1 X137.986 Y147.057 E.01473
G1 X130.022 Y139.092 E.30633
G1 X129.951 Y138.646 E.01228
G1 X129.35 Y137.3 F12000
G1 F2100
G1 X129.74 Y138.066 E.02338
G1 X138.27 Y146.595 E.32806
G1 X138.497 Y146.077 E.01538
G1 X117.651 Y125.231 E.80178
G1 X117.916 Y124.751 E.01491
G1 X138.695 Y145.529 E.79918
G1 X138.893 Y144.982 E.01582
G1 X118.159 Y124.248 E.79747
G1 X118.393 Y123.737 E.01529
G1 X139.09 Y144.434 E.79605
G1 X139.288 Y143.887 E.01582
G1 X118.625 Y123.223 E.79476
G1 X118.823 Y122.676 E.01582
M73 Q83 S5
G1 X139.437 Y143.29 E.79286
G1 X139.531 Y142.638 E.01792
G1 X119.028 Y122.136 E.78857
G1 X119.221 Y121.583 E.01593
M73 P83 R5
G1 X139.625 Y141.987 E.78478
G1 X139.718 Y141.335 E.01791
G1 X119.497 Y121.114 E.77774
G1 X120.243 Y121.114 E.02029
G1 X139.812 Y140.683 E.75266
G1 X139.781 Y139.906 E.02115
G1 X120.988 Y121.114 E.7228
G1 X121.734 Y121.114 E.02029
G1 X139.732 Y139.112 E.69224
G1 X139.683 Y138.318 E.02164
G1 X122.479 Y121.114 E.6617
G1 X123.225 Y121.115 E.02029
G1 X139.616 Y137.505 E.63041
G1 X139.338 Y136.482 E.02883
G1 X123.97 Y121.115 E.59107
G1 X124.716 Y121.115 E.02029
G1 X139.06 Y135.459 E.5517
G2 X138.668 Y134.321 I-3.87 J.697 E.03286
G1 X125.462 Y121.115 E.50793
G1 X126.044 Y121.115 E.01583
G1 E-.64
;WIPE_START
G1 F9600
G1 X125.462 Y121.115 E-.12095
G1 X125.595 Y121.248 E-.03905
;WIPE_END
G1 X130.098 Y121.116 Z6.679 F12000
G1 Z6.6 F720
G1 E.8 F1500
G1 F2100
G1 X130.638 Y121.116 E.01469
G1 X130.782 Y121.594 E.01358
G1 X131.208 Y122.765 F12000
G1 F2100
G1 X130.982 Y122.163 E.01749
G1 X129.935 Y121.116 E.04027
G1 X129.189 Y121.116 E.02029
G1 X131.439 Y123.365 E.08652
G1 X131.752 Y124.054 E.02058
G1 E-.64
;WIPE_START
G1 F9600
G1 X131.439 Y123.365 E-.15726
G1 X131.43 Y123.356 E-.00274
;WIPE_END
G1 X132.622 Y125.669 Z6.645 F12000
G1 Z6.6 F720
G1 E.8 F1500
G1 F2100
G1 X132.089 Y124.76 E.02866
G1 X128.444 Y121.116 E.14017
G1 X127.698 Y121.116 E.02029
G1 X133.235 Y126.652 E.21295
G2 X134.42 Y128.212 I7.372 J-4.369 E.0534
G1 X134.594 Y128.42 E.00738
G1 E-.64
;WIPE_START
G1 F9600
G1 X134.42 Y128.212 E-.05636
;WIPE_END
G1 E-.10364 F2100
G1 X137.521 Y132.059 Z6.686 F12000
G1 Z6.6 F720
G1 E.8 F1500
G1 F2100
G1 X136.158 Y130.32 E.06009
G1 X126.953 Y121.115 E.35404
G1 X126.207 Y121.115 E.02029
G1 X137.902 Y132.81 E.44981
G1 X138.288 Y133.571 E.02321
G1 E-.64
;WIPE_START
G1 F9600
G1 X137.939 Y132.884 E-.16
;WIPE_END
G1 X129.633 Y118.56 Z6.889 F12000
G1 Z6.6 F720
G1 E.8 F1500
;TYPE:Overhang perimeter
;WIDTH:0.396938
G1 F900
G1 X120.358 Y118.56 E.27303
G1 X120.034 Y118.179 F12000
M204 P700
;TYPE:External perimeter
;WIDTH:0.449999
G1 F900
G1 X129.966 Y118.179 E.33619
G1 X129.966 Y118.185 E.0002
M204 P1000
;TYPE:Overhang perimeter
G1 X130.071 Y118.94 E.0258
G1 X119.915 Y118.94 E.34377
G1 X120.022 Y118.235 E.02414
M73 P83 R4
M73 Q83 S4
G1 E-.64 F2100
;WIPE_START
G1 F9600
G1 X120.034 Y118.179 E-.0119
G1 X120.747 Y118.179 E-.1481
;WIPE_END
M486 S-1
M486 S1
G1 X127.7 Y135.65 Z6.928 F12000
G1 Z6.6 F720
G1 E.8 F1500
;TYPE:Support material interface
;WIDTH:0.37
G1 F2100
G1 X126.934 Y135.26 E.02338
G1 X117.365 Y125.69 E.36806
G1 X117.079 Y126.149 E.01471
G1 X125.908 Y134.978 E.33958
G1 X125.045 Y134.862 E.02368
G1 X116.792 Y126.608 E.31745
G1 X116.506 Y127.068 E.01473
G1 X124.372 Y134.934 E.30254
G1 X123.729 Y135.036 E.01771
G1 X116.185 Y127.491 E.29018
G1 X115.845 Y127.897 E.0144
G1 X123.16 Y135.212 E.28135
G1 X122.666 Y135.463 E.01507
G1 X115.505 Y128.302 E.27543
G1 X115.165 Y128.708 E.0144
G1 X122.172 Y135.715 E.2695
G1 X121.748 Y136.037 E.01448
G1 X114.825 Y129.113 E.26629
G1 X114.485 Y129.519 E.0144
G1 X121.375 Y136.409 E.265
G1 X121.003 Y136.782 E.01433
G1 X114.152 Y129.932 E.26348
G1 X113.822 Y130.346 E.0144
M73 Q84 S4
G1 X120.692 Y137.217 E.26425
G1 X120.441 Y137.711 E.01507
G1 X113.491 Y130.761 E.26731
G1 X113.16 Y131.176 E.01444
G1 X120.189 Y138.204 E.27033
G1 X120.027 Y138.788 E.01648
G1 X112.829 Y131.59 E.27685
M73 P84 R4
G1 X112.504 Y132.01 E.01444
G1 X119.925 Y139.431 E.28543
G1 X119.862 Y140.113 E.01863
G1 X112.253 Y132.505 E.29264
G1 X112.002 Y132.999 E.01507
G1 X119.991 Y140.988 E.30727
G1 X120.064 Y141.436 E.01234
G1 E-.64
;WIPE_START
G1 F9600
G1 X119.991 Y140.988 E-.09433
G1 X119.768 Y140.765 E-.06567
;WIPE_END
G1 X120.72 Y142.838 Z6.64 F12000
G1 Z6.6 F720
G1 E.8 F1500
G1 F2100
G1 X120.33 Y142.073 E.02335
G1 X111.751 Y133.494 E.32997
G1 X111.501 Y133.989 E.01508
G1 X130.998 Y153.486 E.74989
G1 X130.477 Y153.711 E.01543
G1 X111.25 Y134.483 E.73953
G1 X111.055 Y135.034 E.0159
G1 X129.957 Y153.936 E.72701
G1 X129.43 Y154.155 E.01552
G1 X110.896 Y135.62 E.71288
G1 X110.737 Y136.207 E.01654
G1 X128.813 Y154.282 E.69522
G1 X128.195 Y154.41 E.01716
G1 X110.578 Y136.793 E.67759
G1 X110.419 Y137.379 E.01651
G1 X127.578 Y154.538 E.65997
G1 X126.96 Y154.666 E.01716
G1 X110.334 Y138.04 E.63947
G1 X110.291 Y138.742 E.01913
G1 X126.307 Y154.759 E.61603
G1 X125.562 Y154.759 E.02026
G1 X110.248 Y139.444 E.58903
G1 X110.205 Y140.147 E.01916
G1 X124.817 Y154.759 E.56201
G1 X124.071 Y154.759 E.02029
G1 X110.22 Y140.907 E.53276
G1 X110.345 Y141.778 E.02393
G1 X123.283 Y154.716 E.49762
G1 X122.343 Y154.522 E.0261
G1 X110.47 Y142.649 E.45666
G1 X110.596 Y143.519 E.02391
G1 X121.404 Y154.327 E.4157
G1 X120.437 Y154.106 E.02698
G1 X110.991 Y144.66 E.36331
G1 X111.124 Y145.028 E.01064
G1 E-.64
;WIPE_START
G1 F9600
G1 X110.991 Y144.66 E-.08132
G1 X111.259 Y144.928 E-.07868
;WIPE_END
G1 X112.79 Y148.32 Z6.665 F12000
G1 Z6.6 F720
G1 E.8 F1500
G1 F2100
G1 X113.215 Y149.011 E.02206
G1 X114.932 Y150.837 E.06817
G2 X116.618 Y152.148 I6.181 J-6.21 E.05823
G1 E-.64
;WIPE_START
G1 F9600
G3 X115.975 Y151.725 I4.495 J-7.521 E-.16
;WIPE_END
G1 X118.472 Y153.257 Z6.651 F12000
G1 Z6.6 F720
G1 E.8 F1500
G1 F2100
G1 X117.811 Y152.971 E.01959
G1 X112.201 Y147.36 E.21579
G1 X111.623 Y146.407 E.03031
G1 X111.546 Y146.195 F12000
G1 F2100
G1 X111.413 Y145.828 E.01062
G1 X119.124 Y153.539 E.29658
G1 X119.785 Y153.824 E.01958
G1 E-.64
;WIPE_START
G1 F9600
G1 X119.124 Y153.539 E-.14959
G1 X119.089 Y153.504 E-.01041
;WIPE_END
G1 X122.162 Y144.28 Z6.77 F12000
G1 Z6.6 F720
G1 E.8 F1500
G1 F2100
G1 X122.927 Y144.67 E.02335
G1 X131.518 Y153.261 E.33043
G1 X132.039 Y153.036 E.01543
G1 X124.012 Y145.009 E.30873
G1 X124.887 Y145.138 E.02405
G1 X132.509 Y152.761 E.29318
G1 X132.947 Y152.453 E.01456
G1 X125.569 Y145.075 E.28377
G1 X126.212 Y144.973 E.01771
G1 X133.385 Y152.146 E.27589
G1 X133.823 Y151.838 E.01456
G1 X126.796 Y144.811 E.27027
G1 X127.289 Y144.559 E.01506
G1 X134.261 Y151.531 E.26816
G1 X134.699 Y151.224 E.01455
G1 X127.783 Y144.308 E.266
G1 X128.218 Y143.997 E.01454
M73 Q85 S4
G1 X135.063 Y150.842 E.26327
G1 X135.424 Y150.458 E.01433
G1 X128.591 Y143.625 E.26281
G1 X128.963 Y143.252 E.01433
G1 X135.786 Y150.074 E.26241
G1 X136.147 Y149.69 E.01433
M73 P85 R4
G1 X129.285 Y142.828 E.26393
G1 X129.537 Y142.334 E.01508
G1 X136.508 Y149.306 E.26814
G1 X136.785 Y149.011 E.01101
G1 X136.851 Y148.904 E.00342
G1 X129.788 Y141.84 E.27168
G1 X129.964 Y141.271 E.0162
G1 X137.135 Y148.442 E.27581
G1 X137.419 Y147.98 E.01475
G1 X130.066 Y140.628 E.28279
G1 X130.138 Y139.955 E.01841
G1 X137.702 Y147.518 E.29091
G1 X137.986 Y147.057 E.01473
G1 X130.022 Y139.092 E.30633
G1 X129.951 Y138.646 E.01228
G1 X129.35 Y137.3 F12000
G1 F2100
G1 X129.74 Y138.066 E.02338
G1 X138.27 Y146.595 E.32806
G1 X138.497 Y146.077 E.01538
G1 X117.651 Y125.231 E.80178
G1 X117.916 Y124.751 E.01491
G1 X138.695 Y145.529 E.79918
G1 X138.893 Y144.982 E.01582
G1 X118.159 Y124.248 E.79747
G1 X118.393 Y123.737 E.01529
G1 X139.09 Y144.434 E.79605
G1 X139.288 Y143.887 E.01582
G1 X118.625 Y123.223 E.79476
G1 X118.823 Y122.676 E.01582
G1 X139.437 Y143.29 E.79286
G1 X139.531 Y142.638 E.01792
G1 X119.028 Y122.136 E.78857
G1 X119.221 Y121.583 E.01593
G1 X139.625 Y141.987 E.78478
G1 X139.718 Y141.335 E.01791
G1 X119.497 Y121.114 E.77774
G1 X120.243 Y121.114 E.02029
G1 X139.812 Y140.683 E.75266
G1 X139.781 Y139.906 E.02115
G1 X120.988 Y121.114 E.7228
G1 X121.734 Y121.114 E.02029
G1 X139.732 Y139.112 E.69224
G1 X139.683 Y138.318 E.02164
G1 X122.479 Y121.114 E.6617
G1 X123.225 Y121.115 E.02029
G1 X139.616 Y137.505 E.63041
G1 X139.338 Y136.482 E.02883
G1 X123.97 Y121.115 E.59107
G1 X124.716 Y121.115 E.02029
G1 X139.06 Y135.459 E.5517
G2 X138.668 Y134.321 I-3.87 J.697 E.03286
G1 X125.462 Y121.115 E.50793
G1 X126.044 Y121.115 E.01583
G1 E-.64
;WIPE_START
G1 F9600
G1 X125.462 Y121.115 E-.12095
G1 X125.595 Y121.248 E-.03905
;WIPE_END
G1 X130.098 Y121.116 Z6.679 F12000
G1 Z6.6 F720
G1 E.8 F1500
G1 F2100
G1 X130.638 Y121.116 E.01469
G1 X130.782 Y121.594 E.01358
G1 X131.208 Y122.765 F12000
G1 F2100
G1 X130.982 Y122.163 E.01749
G1 X129.935 Y121.116 E.04027
G1 X129.189 Y121.116 E.02029
G1 X131.439 Y123.365 E.08652
G1 X131.752 Y124.054 E.02058
G1 E-.64
M73 Q86 S4
;WIPE_START
G1 F9600
G1 X131.439 Y123.365 E-.15726
G1 X131.43 Y123.356 E-.00274
;WIPE_END
G1 X132.622 Y125.669 Z6.645 F12000
G1 Z6.6 F720
G1 E.8 F1500
G1 F2100
G1 X132.089 Y124.76 E.02866
G1 X128.444 Y121.116 E.14017
G1 X127.698 Y121.116 E.02029
G1 X133.235 Y126.652 E.21295
G2 X134.42 Y128.212 I7.372 J-4.369 E.0534
G1 X134.594 Y128.42 E.00738
G1 E-.64
;WIPE_START
G1 F9600
G1 X134.42 Y128.212 E-.05636
;WIPE_END
G1 E-.10364 F2100
G1 X137.521 Y132.059 Z6.686 F12000
G1 Z6.6 F720
G1 E.8 F1500
G1 F2100
G1 X136.158 Y130.32 E.06009
G1 X126.953 Y121.115 E.35404
G1 X126.207 Y121.115 E.02029
M73 P86 R4
G1 X137.902 Y132.81 E.44981
G1 X138.288 Y133.571 E.02321
G1 E-.64
;WIPE_START
G1 F9600
G1 X137.939 Y132.884 E-.16
;WIPE_END
G1 X129.633 Y118.56 Z6.889 F12000
G1 Z6.6 F720
G1 E.8 F1500
;TYPE:Overhang perimeter
;WIDTH:0.396938
G1 F900
G1 X120.358 Y118.56 E.27303
G1 X120.034 Y118.179 F12000
M204 P700
;TYPE:External perimeter
;WIDTH:0.449999
G1 F900
G1 X129.966 Y118.179 E.33619
G1 X129.966 Y118.185 E.0002
M204 P1000
;TYPE:Overhang perimeter
G1 X130.071 Y118.94 E.0258
G1 X119.915 Y118.94 E.34377
G1 X120.022 Y118.235 E.02414
;LAYER_CHANGE
;Z:6.8
;HEIGHT:0.2
;BEFORE_LAYER_CHANGE
G92 E0.0
;6.8


G1 E-.64 F2100
;WIPE_START
G1 F9600
G1 X120.034 Y118.179 E-.0119
G1 X120.747 Y118.179 E-.1481
;WIPE_END
G1 X120.747 Y118.179 Z6.6 F12000
G1 X128.675 Y148.027 Z7.139
G1 X129.273 Y150.276 Z7.173
G1 X130.215 Y153.824 Z7.199
;AFTER_LAYER_CHANGE
;6.8
M486 S-1
M486 S0
G1 Z6.8 F720
G1 E.8 F1500
;TYPE:Support material interface
;WIDTH:0.37
G1 F2100
G1 X130.876 Y153.538 E.01959
G1 X138.587 Y145.828 E.29656
G1 X138.454 Y146.195 E.01062
G1 X138.377 Y146.407 F12000
G1 F2100
G1 X137.799 Y147.361 E.03034
G1 X132.189 Y152.971 E.21577
G1 X131.528 Y153.257 E.01959
G1 E-.64
;WIPE_START
G1 F9600
G1 X132.189 Y152.971 E-.14967
G1 X132.224 Y152.936 E-.01033
;WIPE_END
G1 X133.382 Y152.148 Z6.824 F12000
G1 Z6.8 F720
G1 E.8 F1500
G1 F2100
G2 X135.065 Y150.84 I-4.497 J-7.525 E.05811
G1 X136.785 Y149.011 E.06828
G1 X137.21 Y148.32 E.02206
G1 E-.64
;WIPE_START
G1 F9600
G1 X136.807 Y148.976 E-.16
;WIPE_END
G1 X138.876 Y145.028 Z6.878 F12000
G1 Z6.8 F720
G1 E.8 F1500
G1 F2100
G1 X139.008 Y144.661 E.01061
G1 X129.563 Y154.106 E.36327
G1 X128.597 Y154.327 E.02695
G1 X139.404 Y143.519 E.41568
G1 X139.529 Y142.649 E.0239
G1 X127.657 Y154.521 E.45662
G1 X126.717 Y154.716 E.02611
G1 X139.655 Y141.778 E.49762
G1 X139.78 Y140.908 E.0239
G1 X125.929 Y154.759 E.53274
G1 X125.183 Y154.759 E.02029
G1 X139.795 Y140.147 E.56201
G1 X139.752 Y139.444 E.01916
G1 X124.438 Y154.759 E.58903
G1 X123.693 Y154.759 E.02026
G1 X139.709 Y138.742 E.61603
G1 X139.666 Y138.04 E.01913
G1 X123.04 Y154.666 E.63947
G1 X122.423 Y154.538 E.01714
G1 X139.581 Y137.379 E.65995
G1 X139.422 Y136.793 E.01651
G1 X121.805 Y154.41 E.67759
G1 X121.187 Y154.282 E.01716
G1 X139.263 Y136.207 E.69522
G1 X139.104 Y135.62 E.01654
G1 X120.57 Y154.154 E.71286
G1 X120.043 Y153.936 E.01551
G1 X138.944 Y135.034 E.72699
G1 X138.75 Y134.483 E.01589
G1 X119.523 Y153.711 E.73953
G1 X119.152 Y153.551 E.01099
G1 E-.64
;WIPE_START
G1 F9600
G1 X119.523 Y153.711 E-.08396
G1 X119.782 Y153.452 E-.07604
;WIPE_END
G1 X111.816 Y146.734 Z6.982 F12000
G1 Z6.8 F720
G1 E.8 F1500
G1 F2100
G1 X112.014 Y147.057 E.0103
G1 X119.978 Y139.093 E.30631
G1 X119.861 Y139.955 E.02366
G1 X112.298 Y147.518 E.29089
G1 X112.581 Y147.98 E.01473
G1 X119.934 Y140.628 E.28279
G1 X120.036 Y141.271 E.01771
G1 X112.865 Y148.442 E.27581
G1 X113.149 Y148.904 E.01475
G1 X120.212 Y141.841 E.27166
G1 X120.463 Y142.334 E.01505
G1 X113.492 Y149.306 E.26814
G1 X113.853 Y149.69 E.01433
M73 P86 R3
M73 Q87 S4
G1 X120.715 Y142.828 E.26393
M73 Q87 S3
G1 X121.037 Y143.252 E.01448
G1 X114.214 Y150.074 E.26241
G1 X114.576 Y150.458 E.01435
G1 X121.409 Y143.625 E.26281
G1 X121.782 Y143.997 E.01433
M73 P87 R3
G1 X114.937 Y150.842 E.26327
G1 X115.301 Y151.224 E.01435
G1 X122.217 Y144.308 E.266
G1 X122.711 Y144.56 E.01508
G1 X115.739 Y151.531 E.26814
G1 X116.177 Y151.838 E.01455
G1 X123.204 Y144.811 E.27027
G1 X123.787 Y144.974 E.01646
G1 X116.615 Y152.146 E.27585
G1 X117.053 Y152.453 E.01455
G1 X124.431 Y145.075 E.28377
G1 X125.113 Y145.139 E.01863
G1 X117.491 Y152.761 E.29316
G1 X117.961 Y153.036 E.01481
G1 X125.988 Y145.009 E.30873
G1 X126.436 Y144.936 E.01234
G1 E-.64
;WIPE_START
G1 F9600
G1 X125.988 Y145.009 E-.09433
G1 X125.765 Y145.232 E-.06567
;WIPE_END
G1 X127.838 Y144.28 Z6.84 F12000
G1 Z6.8 F720
G1 E.8 F1500
G1 F2100
G1 X127.072 Y144.67 E.02338
G1 X118.482 Y153.261 E.33041
G1 X119.002 Y153.486 E.01541
G1 X138.499 Y133.989 E.74989
G1 X138.248 Y133.494 E.01509
G1 X129.67 Y142.072 E.32993
G1 X129.28 Y142.838 E.02338
G1 E-.64
;WIPE_START
G1 F9600
G1 X129.629 Y142.152 E-.16
;WIPE_END
G1 X129.936 Y141.436 Z6.814 F12000
G1 Z6.8 F720
G1 E.8 F1500
G1 F2100
G1 X130.009 Y140.988 E.01234
G1 X137.998 Y132.999 E.30727
G1 X137.747 Y132.505 E.01507
G1 X130.139 Y140.113 E.29262
G1 X130.075 Y139.431 E.01863
G1 X137.496 Y132.01 E.28543
G1 X137.17 Y131.59 E.01446
G1 X129.974 Y138.787 E.27679
G1 X129.811 Y138.204 E.01646
G1 X136.84 Y131.176 E.27033
G1 X136.509 Y130.761 E.01444
G1 X129.56 Y137.711 E.26729
G1 X129.308 Y137.217 E.01508
G1 X136.178 Y130.346 E.26425
G1 X135.848 Y129.932 E.0144
G1 X128.997 Y136.782 E.26348
G1 X128.625 Y136.409 E.01433
G1 X135.515 Y129.519 E.265
G1 X135.175 Y129.113 E.0144
G1 X128.252 Y136.037 E.26629
G1 X127.828 Y135.715 E.01448
G1 X134.835 Y128.708 E.2695
G1 X134.495 Y128.303 E.01438
G1 X127.334 Y135.463 E.27541
G1 X126.841 Y135.212 E.01505
G1 X134.155 Y127.897 E.28133
G1 X133.815 Y127.492 E.01438
G1 X126.271 Y135.036 E.29016
G1 X125.628 Y134.934 E.01771
G1 X133.494 Y127.068 E.30254
G1 X133.208 Y126.609 E.01471
G1 X124.955 Y134.861 E.31741
G1 X124.093 Y134.978 E.02366
G1 X132.921 Y126.149 E.33956
G1 X132.635 Y125.69 E.01471
G1 X123.066 Y135.259 E.36804
G1 X122.301 Y135.649 E.02335
G1 E-.64
;WIPE_START
G1 F9600
G1 X122.987 Y135.3 E-.16
;WIPE_END
G1 X120.649 Y137.301 Z6.854 F12000
G1 Z6.8 F720
G1 E.8 F1500
G1 F2100
G1 X120.259 Y138.066 E.02335
G1 X111.731 Y146.595 E.32802
G1 X111.503 Y146.077 E.01539
G1 X132.349 Y125.231 E.80178
G1 X132.084 Y124.751 E.01491
G1 X111.305 Y145.529 E.79918
G1 X111.108 Y144.982 E.01581
G1 X131.841 Y124.248 E.79745
G1 X131.607 Y123.737 E.01529
G1 X110.91 Y144.434 E.79605
G1 X110.712 Y143.886 E.01585
G1 X131.375 Y123.224 E.79472
G1 X131.315 Y123.07 E.00449
G1 X130.783 Y123.07 E.01447
G1 X110.563 Y143.29 E.7777
G1 X110.469 Y142.638 E.01792
G1 X130.038 Y123.07 E.75264
G1 X129.292 Y123.07 E.02029
M73 Q88 S3
G1 X110.375 Y141.987 E.72759
G1 X110.282 Y141.335 E.01791
M73 P88 R3
G1 X128.547 Y123.07 E.70251
G1 X127.802 Y123.07 E.02026
G1 X110.188 Y140.683 E.67745
G1 X110.22 Y139.906 E.02115
G1 X127.056 Y123.07 E.64755
G1 X126.311 Y123.07 E.02026
G1 X110.268 Y139.112 E.61703
G1 X110.317 Y138.318 E.02164
G1 X125.565 Y123.07 E.58647
G1 X124.82 Y123.07 E.02026
G1 X110.384 Y137.505 E.55522
G1 X110.662 Y136.482 E.02883
G1 X124.075 Y123.07 E.51587
G1 X123.329 Y123.07 E.02029
G1 X110.94 Y135.459 E.47651
G3 X111.332 Y134.321 I3.869 J.697 E.03286
G1 X122.584 Y123.07 E.43276
G1 X121.838 Y123.07 E.02029
G1 X112.099 Y132.809 E.37458
G1 X112.479 Y132.059 F12000
G1 F2100
G1 X113.843 Y130.32 E.06011
G1 X121.079 Y123.084 E.27831
G1 X120.319 Y123.099 E.02067
G1 X116.766 Y126.652 E.13666
G1 X116.36 Y127.283 E.02041
G1 E-.64
;WIPE_START
G1 F9600
G1 X116.766 Y126.652 E-.15593
G1 X116.78 Y126.638 E-.00407
;WIPE_END
G1 X117.378 Y125.669 Z6.82 F12000
G1 Z6.8 F720
G1 E.8 F1500
G1 F2100
G1 X117.912 Y124.76 E.02867
G1 X119.586 Y123.085 E.0644
G1 X118.854 Y123.072 E.01991
G2 X118.441 Y123.631 I.721 J.965 E.01918
G1 E-.64
;WIPE_START
G1 F9600
G3 X118.854 Y123.072 I1.134 J.405 E-.14652
G1 X118.919 Y123.073 E-.01348
;WIPE_END
G1 X129.749 Y119.859 Z6.997 F12000
G1 Z6.8 F720
G1 E.8 F1500
;TYPE:Overhang perimeter
;WIDTH:0.652772
G1 F900
G1 X120.25 Y119.858 E.48169
G1 X119.853 Y119.351 F12000
M204 P700
;TYPE:External perimeter
;WIDTH:0.449999
G1 F900
G1 X130.152 Y119.351 E.34861
G1 X130.156 Y119.365 E.00049
M204 P1000
;TYPE:Overhang perimeter
G1 X130.389 Y120.368 E.03485
G1 X128.286 Y120.367 E.07118
G1 X121.713 Y120.366 E.22249
G1 X119.611 Y120.366 E.07115
G1 X119.834 Y119.403 E.03346
G1 E-.64 F2100
;WIPE_START
G1 F9600
G1 X119.853 Y119.351 E-.01151
G1 X120.568 Y119.351 E-.14849
;WIPE_END
G1 X128.891 Y149.091 Z7.339 F12000
G1 X129.518 Y151.333 Z7.373
M486 S-1
M486 S1
G1 X130.215 Y153.824 Z7.395
G1 Z6.8 F720
G1 E.8 F1500
;TYPE:Support material interface
;WIDTH:0.37
G1 F2100
G1 X130.876 Y153.538 E.01959
G1 X138.587 Y145.828 E.29656
G1 X138.454 Y146.195 E.01062
G1 X138.377 Y146.407 F12000
G1 F2100
G1 X137.799 Y147.361 E.03034
G1 X132.189 Y152.971 E.21577
G1 X131.528 Y153.257 E.01959
G1 E-.64
;WIPE_START
G1 F9600
G1 X132.189 Y152.971 E-.14967
G1 X132.224 Y152.936 E-.01033
;WIPE_END
G1 X133.382 Y152.148 Z6.824 F12000
G1 Z6.8 F720
G1 E.8 F1500
G1 F2100
G2 X135.065 Y150.84 I-4.497 J-7.525 E.05811
G1 X136.785 Y149.011 E.06828
G1 X137.21 Y148.32 E.02206
G1 E-.64
;WIPE_START
G1 F9600
G1 X136.807 Y148.976 E-.16
;WIPE_END
G1 X138.876 Y145.028 Z6.878 F12000
G1 Z6.8 F720
G1 E.8 F1500
G1 F2100
G1 X139.008 Y144.661 E.01061
G1 X129.563 Y154.106 E.36327
G1 X128.597 Y154.327 E.02695
G1 X139.404 Y143.519 E.41568
G1 X139.529 Y142.649 E.0239
G1 X127.657 Y154.521 E.45662
G1 X126.717 Y154.716 E.02611
G1 X139.655 Y141.778 E.49762
G1 X139.78 Y140.908 E.0239
G1 X125.929 Y154.759 E.53274
G1 X125.183 Y154.759 E.02029
G1 X139.795 Y140.147 E.56201
G1 X139.752 Y139.444 E.01916
G1 X124.438 Y154.759 E.58903
G1 X123.693 Y154.759 E.02026
G1 X139.709 Y138.742 E.61603
G1 X139.666 Y138.04 E.01913
G1 X123.04 Y154.666 E.63947
G1 X122.423 Y154.538 E.01714
M73 Q89 S3
G1 X139.581 Y137.379 E.65995
G1 X139.422 Y136.793 E.01651
G1 X121.805 Y154.41 E.67759
G1 X121.187 Y154.282 E.01716
M73 P89 R3
G1 X139.263 Y136.207 E.69522
G1 X139.104 Y135.62 E.01654
G1 X120.57 Y154.154 E.71286
G1 X120.043 Y153.936 E.01551
G1 X138.944 Y135.034 E.72699
G1 X138.75 Y134.483 E.01589
G1 X119.523 Y153.711 E.73953
G1 X119.152 Y153.551 E.01099
G1 E-.64
;WIPE_START
G1 F9600
G1 X119.523 Y153.711 E-.08396
G1 X119.782 Y153.452 E-.07604
;WIPE_END
G1 X111.816 Y146.734 Z6.982 F12000
G1 Z6.8 F720
G1 E.8 F1500
G1 F2100
G1 X112.014 Y147.057 E.0103
G1 X119.978 Y139.093 E.30631
G1 X119.861 Y139.955 E.02366
G1 X112.298 Y147.518 E.29089
G1 X112.581 Y147.98 E.01473
G1 X119.934 Y140.628 E.28279
G1 X120.036 Y141.271 E.01771
G1 X112.865 Y148.442 E.27581
G1 X113.149 Y148.904 E.01475
G1 X120.212 Y141.841 E.27166
G1 X120.463 Y142.334 E.01505
G1 X113.492 Y149.306 E.26814
G1 X113.853 Y149.69 E.01433
G1 X120.715 Y142.828 E.26393
G1 X121.037 Y143.252 E.01448
G1 X114.214 Y150.074 E.26241
G1 X114.576 Y150.458 E.01435
G1 X121.409 Y143.625 E.26281
G1 X121.782 Y143.997 E.01433
G1 X114.937 Y150.842 E.26327
G1 X115.301 Y151.224 E.01435
G1 X122.217 Y144.308 E.266
G1 X122.711 Y144.56 E.01508
G1 X115.739 Y151.531 E.26814
G1 X116.177 Y151.838 E.01455
G1 X123.204 Y144.811 E.27027
G1 X123.787 Y144.974 E.01646
G1 X116.615 Y152.146 E.27585
G1 X117.053 Y152.453 E.01455
G1 X124.431 Y145.075 E.28377
G1 X125.113 Y145.139 E.01863
G1 X117.491 Y152.761 E.29316
G1 X117.961 Y153.036 E.01481
G1 X125.988 Y145.009 E.30873
G1 X126.436 Y144.936 E.01234
G1 E-.64
;WIPE_START
G1 F9600
G1 X125.988 Y145.009 E-.09433
G1 X125.765 Y145.232 E-.06567
;WIPE_END
G1 X127.838 Y144.28 Z6.84 F12000
G1 Z6.8 F720
G1 E.8 F1500
G1 F2100
G1 X127.072 Y144.67 E.02338
G1 X118.482 Y153.261 E.33041
G1 X119.002 Y153.486 E.01541
G1 X138.499 Y133.989 E.74989
G1 X138.248 Y133.494 E.01509
G1 X129.67 Y142.072 E.32993
G1 X129.28 Y142.838 E.02338
G1 E-.64
;WIPE_START
G1 F9600
G1 X129.629 Y142.152 E-.16
;WIPE_END
G1 X129.936 Y141.436 Z6.814 F12000
G1 Z6.8 F720
G1 E.8 F1500
G1 F2100
G1 X130.009 Y140.988 E.01234
G1 X137.998 Y132.999 E.30727
G1 X137.747 Y132.505 E.01507
G1 X130.139 Y140.113 E.29262
G1 X130.075 Y139.431 E.01863
G1 X137.496 Y132.01 E.28543
G1 X137.17 Y131.59 E.01446
G1 X129.974 Y138.787 E.27679
G1 X129.811 Y138.204 E.01646
G1 X136.84 Y131.176 E.27033
G1 X136.509 Y130.761 E.01444
G1 X129.56 Y137.711 E.26729
G1 X129.308 Y137.217 E.01508
G1 X136.178 Y130.346 E.26425
G1 X135.848 Y129.932 E.0144
G1 X128.997 Y136.782 E.26348
G1 X128.625 Y136.409 E.01433
G1 X135.515 Y129.519 E.265
G1 X135.175 Y129.113 E.0144
G1 X128.252 Y136.037 E.26629
G1 X127.828 Y135.715 E.01448
G1 X134.835 Y128.708 E.2695
G1 X134.495 Y128.303 E.01438
G1 X127.334 Y135.463 E.27541
G1 X126.841 Y135.212 E.01505
G1 X134.155 Y127.897 E.28133
G1 X133.815 Y127.492 E.01438
G1 X126.271 Y135.036 E.29016
G1 X125.628 Y134.934 E.01771
G1 X133.494 Y127.068 E.30254
G1 X133.208 Y126.609 E.01471
G1 X124.955 Y134.861 E.31741
G1 X124.093 Y134.978 E.02366
M73 Q90 S3
G1 X132.921 Y126.149 E.33956
G1 X132.635 Y125.69 E.01471
G1 X123.066 Y135.259 E.36804
G1 X122.301 Y135.649 E.02335
M73 P90 R3
G1 E-.64
;WIPE_START
G1 F9600
G1 X122.987 Y135.3 E-.16
;WIPE_END
G1 X120.649 Y137.301 Z6.854 F12000
G1 Z6.8 F720
G1 E.8 F1500
G1 F2100
G1 X120.259 Y138.066 E.02335
G1 X111.731 Y146.595 E.32802
G1 X111.503 Y146.077 E.01539
G1 X132.349 Y125.231 E.80178
G1 X132.084 Y124.751 E.01491
G1 X111.305 Y145.529 E.79918
G1 X111.108 Y144.982 E.01581
G1 X131.841 Y124.248 E.79745
G1 X131.607 Y123.737 E.01529
G1 X110.91 Y144.434 E.79605
G1 X110.712 Y143.886 E.01585
M73 P90 R2
M73 Q90 S2
G1 X131.375 Y123.224 E.79472
G1 X131.315 Y123.07 E.00449
G1 X130.783 Y123.07 E.01447
G1 X110.563 Y143.29 E.7777
G1 X110.469 Y142.638 E.01792
G1 X130.038 Y123.07 E.75264
G1 X129.292 Y123.07 E.02029
G1 X110.375 Y141.987 E.72759
G1 X110.282 Y141.335 E.01791
G1 X128.547 Y123.07 E.70251
G1 X127.802 Y123.07 E.02026
G1 X110.188 Y140.683 E.67745
G1 X110.22 Y139.906 E.02115
G1 X127.056 Y123.07 E.64755
G1 X126.311 Y123.07 E.02026
G1 X110.268 Y139.112 E.61703
G1 X110.317 Y138.318 E.02164
G1 X125.565 Y123.07 E.58647
G1 X124.82 Y123.07 E.02026
G1 X110.384 Y137.505 E.55522
G1 X110.662 Y136.482 E.02883
G1 X124.075 Y123.07 E.51587
G1 X123.329 Y123.07 E.02029
G1 X110.94 Y135.459 E.47651
G3 X111.332 Y134.321 I3.869 J.697 E.03286
G1 X122.584 Y123.07 E.43276
G1 X121.838 Y123.07 E.02029
G1 X112.099 Y132.809 E.37458
G1 X112.479 Y132.059 F12000
G1 F2100
G1 X113.843 Y130.32 E.06011
G1 X121.079 Y123.084 E.27831
G1 X120.319 Y123.099 E.02067
G1 X116.766 Y126.652 E.13666
G1 X116.36 Y127.283 E.02041
G1 E-.64
;WIPE_START
G1 F9600
G1 X116.766 Y126.652 E-.15593
G1 X116.78 Y126.638 E-.00407
;WIPE_END
G1 X117.378 Y125.669 Z6.82 F12000
G1 Z6.8 F720
G1 E.8 F1500
G1 F2100
G1 X117.912 Y124.76 E.02867
G1 X119.586 Y123.085 E.0644
G1 X118.854 Y123.072 E.01991
G2 X118.441 Y123.631 I.721 J.965 E.01918
G1 E-.64
;WIPE_START
G1 F9600
G3 X118.854 Y123.072 I1.134 J.405 E-.14652
G1 X118.919 Y123.073 E-.01348
;WIPE_END
G1 X129.749 Y119.859 Z6.997 F12000
G1 Z6.8 F720
G1 E.8 F1500
;TYPE:Overhang perimeter
;WIDTH:0.652772
G1 F900
G1 X120.25 Y119.858 E.48169
G1 X119.853 Y119.351 F12000
M204 P700
;TYPE:External perimeter
;WIDTH:0.449999
G1 F900
G1 X130.152 Y119.351 E.34861
G1 X130.156 Y119.365 E.00049
M204 P1000
;TYPE:Overhang perimeter
G1 X130.389 Y120.368 E.03485
G1 X128.286 Y120.367 E.07118
G1 X121.713 Y120.366 E.22249
G1 X119.611 Y120.366 E.07115
G1 X119.834 Y119.403 E.03346
;LAYER_CHANGE
;Z:7
;HEIGHT:0.2
;BEFORE_LAYER_CHANGE
G92 E0.0
;7


G1 E-.64 F2100
;WIPE_START
G1 F9600
G1 X119.853 Y119.351 E-.01151
G1 X120.568 Y119.351 E-.14849
;WIPE_END
G1 X120.568 Y119.351 Z6.8 F12000
M73 Q91 S2
G1 X119.697 Y121.86 Z7 F9586.856
;AFTER_LAYER_CHANGE
;7
M486 S-1
M486 S0
G1 X119.697 Y121.86 F12000
G1 Z7 F720
G1 E.8 F1500
;WIDTH:0.593903
G1 F900
G1 X119.858 Y121.315 E.02604
;WIDTH:0.596648
G1 X120.379 Y121.317 E.02399
G1 X121.683 Y121.309 E.06004
;WIDTH:0.581919
G1 X128.217 Y121.31 E.29284
G1 X130.098 Y121.31 E.0843
;WIDTH:0.581609
G1 X130.143 Y121.343 E.0025
M73 P91 R2
G1 X130.305 Y121.848 E.02376
G1 X129.933 Y121.848 E.01666
;WIDTH:0.581797
G1 X127.514 Y121.848 E.10839
G1 X121.685 Y121.848 E.26118
;WIDTH:0.596648
G1 X120.38 Y121.87 E.06009
G1 X119.757 Y121.861 E.02869
G1 X119.026 Y122.327 F12000
;WIDTH:0.449999
G1 F900
G1 X119.315 Y121.5 E.02965
G1 X119.487 Y120.836 E.02322
G1 X129.365 Y120.837 E.33436
G1 X130.509 Y120.837 E.03872
G1 X130.69 Y121.516 E.02379
G1 X130.972 Y122.321 E.02887
G1 X129.933 Y122.321 E.03517
G1 X127.305 Y122.321 E.08895
G1 X124.322 Y122.321 E.10097
G1 X121.691 Y122.321 E.08906
G1 X120.381 Y122.351 E.04435
G1 X119.086 Y122.328 E.04384
M486 S-1
M486 S1
G1 X119.697 Y121.86 F12000
;WIDTH:0.593903
G1 F900
G1 X119.858 Y121.315 E.02604
;WIDTH:0.596648
G1 X120.379 Y121.317 E.02399
G1 X121.683 Y121.309 E.06004
;WIDTH:0.581919
G1 X128.217 Y121.31 E.29284
G1 X130.098 Y121.31 E.0843
;WIDTH:0.581609
G1 X130.143 Y121.343 E.0025
G1 X130.305 Y121.848 E.02376
G1 X129.933 Y121.848 E.01666
;WIDTH:0.581797
G1 X127.514 Y121.848 E.10839
G1 X121.685 Y121.848 E.26118
;WIDTH:0.596648
G1 X120.38 Y121.87 E.06009
G1 X119.757 Y121.861 E.02869
G1 X119.026 Y122.327 F12000
;WIDTH:0.449999
G1 F900
G1 X119.315 Y121.5 E.02965
G1 X119.487 Y120.836 E.02322
G1 X129.365 Y120.837 E.33436
G1 X130.509 Y120.837 E.03872
G1 X130.69 Y121.516 E.02379
G1 X130.972 Y122.321 E.02887
G1 X129.933 Y122.321 E.03517
G1 X127.305 Y122.321 E.08895
G1 X124.322 Y122.321 E.10097
G1 X121.691 Y122.321 E.08906
G1 X120.381 Y122.351 E.04435
G1 X119.086 Y122.328 E.04384
;LAYER_CHANGE
;Z:7.2
;HEIGHT:0.2
;BEFORE_LAYER_CHANGE
G92 E0.0
;7.2


G1 E-.64 F2100
;WIPE_START
G1 F9600
G1 X119.026 Y122.327 E-.01247
G1 X119.26 Y121.657 E-.14753
;WIPE_END
G1 X119.26 Y121.657 Z7 F12000
G1 X125 Y134.375 Z7.244
;AFTER_LAYER_CHANGE
;7.2
M486 S-1
M486 S0
G1 Z7.2 F720
G1 E.8 F1500
G1 F900
G1 X125.096 Y134.375 E.00325
G1 X126.647 Y134.621 E.05316
G1 X127.343 Y134.942 E.02594
G1 X128.229 Y135.393 E.03365
G1 X128.691 Y135.813 E.02113
G1 X129.494 Y136.617 E.03846
G1 X129.607 Y136.771 E.00647
G1 X130.321 Y138.172 E.05323
G1 X130.379 Y138.353 E.00643
G1 X130.625 Y139.904 E.05316
G1 X130.625 Y140.096 E.0065
G1 X130.379 Y141.647 E.05316
G1 X130.065 Y142.33 E.02544
G1 X129.607 Y143.229 E.03415
G1 X129.494 Y143.383 E.00647
G1 X128.383 Y144.494 E.05318
G1 X127.873 Y144.788 E.01993
G1 X126.829 Y145.32 E.03966
G1 X126.647 Y145.379 E.00648
G1 X125.096 Y145.625 E.05316
G1 X124.67 Y145.588 E.01447
G1 X123.353 Y145.379 E.04514
G1 X123.171 Y145.32 E.00648
G1 X121.771 Y144.607 E.05318
G1 X121.564 Y144.442 E.00896
G1 X120.506 Y143.383 E.05067
G1 X120.393 Y143.229 E.00647
G1 X119.68 Y141.829 E.05318
G1 X119.621 Y141.647 E.00648
G1 X119.375 Y140.096 E.05316
G1 X119.508 Y139.068 E.03509
G1 X119.621 Y138.353 E.0245
G1 X119.68 Y138.171 E.00648
G1 X120.393 Y136.771 E.05318
G1 X120.506 Y136.617 E.00647
G1 X121.617 Y135.506 E.05318
G1 X121.771 Y135.393 E.00647
G1 X123.171 Y134.68 E.05318
G1 X123.499 Y134.598 E.01144
G1 X124.904 Y134.375 E.04815
G1 X124.94 Y134.375 E.00122
G1 X125 Y134.772 F12000
G1 F900
G1 X126.438 Y135 E.04928
G1 X126.644 Y135.043 E.00712
G1 X128.073 Y135.771 E.05429
G1 X129.229 Y136.927 E.05534
G1 X129.957 Y138.356 E.05429
G1 X130.09 Y139.132 E.02665
G1 X130.228 Y140 E.02975
G1 X129.977 Y141.584 E.05429
G1 X129.702 Y142.145 E.02115
G1 X129.229 Y143.073 E.03526
G1 X128.148 Y144.154 E.05175
G1 X128.044 Y144.244 E.00466
G1 X126.615 Y144.972 E.05429
G1 X125.266 Y145.186 E.04623
G1 X124.968 Y145.223 E.01016
G1 X123.385 Y144.972 E.05425
G1 X122.312 Y144.425 E.04077
G1 X121.904 Y144.207 E.01566
G1 X120.771 Y143.073 E.05426
G1 X120.298 Y142.145 E.03526
G1 X120.028 Y141.615 E.02013
G1 X119.777 Y140.032 E.05425
G1 X119.91 Y139.132 E.03079
G1 X120.028 Y138.385 E.0256
G1 X120.771 Y136.927 E.05539
G1 X121.597 Y136.101 E.03954
G1 X121.956 Y135.756 E.01685
G1 X123.385 Y135.028 E.05429
G1 X124.941 Y134.782 E.05332
G1 E-.64 F2100
;WIPE_START
G1 F9600
G1 X125 Y134.772 E-.01244
G1 X125.701 Y134.883 E-.14756
;WIPE_END
G1 X119.125 Y123.256 Z7.433 F12000
G1 Z7.2 F720
G1 E.8 F1500
G1 F900
G1 X119.127 Y123.251 E.00018
G1 X120.724 Y123.251 E.05406
G1 X130.882 Y123.252 E.34384
G1 X130.925 Y123.365 E.00409
G1 X131.556 Y124.753 E.05161
G1 X131.861 Y125.334 E.02221
G1 X132.753 Y126.765 E.05708
G1 X133.239 Y127.533 E.03076
G1 X135.225 Y129.902 E.10464
G1 X137.084 Y132.234 E.10095
G1 X138.407 Y134.843 E.09902
G1 X139.174 Y137.666 E.09902
G1 X139.353 Y140.586 E.09902
G1 X138.936 Y143.481 E.099
G1 X137.942 Y146.233 E.09904
G1 X136.411 Y148.725 E.099
G1 X134.407 Y150.856 E.09902
G1 X132.012 Y152.537 E.09904
G1 X129.327 Y153.697 E.099
G1 X126.463 Y154.29 E.099
G1 X123.537 Y154.29 E.09904
G1 X120.673 Y153.697 E.099
G1 X117.988 Y152.537 E.099
G1 X115.593 Y150.856 E.09904
G1 X113.589 Y148.725 E.09902
G1 X112.058 Y146.233 E.099
G1 X111.064 Y143.481 E.09904
G1 X110.647 Y140.586 E.099
G1 X110.826 Y137.666 E.09902
G1 X111.593 Y134.843 E.09902
G1 X112.916 Y132.234 E.09902
G1 X114.775 Y129.902 E.10095
G1 X116.122 Y128.295 E.07098
G1 X116.811 Y127.464 E.03654
G1 X117.761 Y125.94 E.06079
G1 X118.163 Y125.293 E.02578
G1 X118.451 Y124.738 E.02116
G1 X119.1 Y123.311 E.05306
G1 X118.83 Y122.843 F12000
G1 F900
G1 X120.025 Y122.844 E.04045
G1 X131.171 Y122.845 E.37728
G1 X131.295 Y123.197 E.01263
M73 Q92 S2
G1 X131.922 Y124.574 E.05121
G1 X132.206 Y125.118 E.02077
M73 P92 R2
G1 X133.098 Y126.549 E.05708
G1 X133.551 Y127.272 E.02888
G1 X135.54 Y129.645 E.10481
G1 X137.429 Y132.013 E.10253
G1 X138.789 Y134.696 E.10182
G1 X139.578 Y137.6 E.10186
G1 X139.762 Y140.603 E.10184
G1 X139.333 Y143.581 E.10184
G1 X138.311 Y146.41 E.10182
G1 X136.736 Y148.974 E.10185
G1 X134.675 Y151.165 E.10182
G1 X132.212 Y152.894 E.10186
G1 X129.451 Y154.088 E.10182
G1 X126.504 Y154.697 E.10186
G1 X123.496 Y154.697 E.10182
G1 X120.549 Y154.088 E.10186
G1 X117.788 Y152.894 E.10182
G1 X115.325 Y151.165 E.10186
G1 X113.264 Y148.974 E.10182
G1 X111.689 Y146.41 E.10185
G1 X110.667 Y143.581 E.10182
G1 X110.238 Y140.603 E.10184
G1 X110.422 Y137.6 E.10184
G1 X111.211 Y134.696 E.10186
G1 X112.571 Y132.013 E.10182
G1 X114.46 Y129.645 E.10253
G1 X115.81 Y128.034 E.07115
G1 X116.466 Y127.249 E.03463
G1 X117.416 Y125.724 E.06082
G1 X117.802 Y125.105 E.02469
G1 X118.08 Y124.569 E.02044
G1 X118.707 Y123.191 E.05124
G1 X118.81 Y122.9 E.01045
G1 E-.64 F2100
;WIPE_START
G1 F9600
G1 X118.83 Y122.843 E-.01255
G1 X119.539 Y122.843 E-.14745
;WIPE_END
G1 X138.467 Y144.302 Z7.699 F12000
G1 Z7.2 F720
G1 E.8 F1500
;TYPE:Bridge infill
;WIDTH:0.45402
G1 X139.005 Y140.562 E.12916
G1 X138.88 Y138.536 E.06939
G1 X137.906 Y145.315 E.23411
G1 X137.629 Y146.082 E.02788
G1 X137.304 Y146.61 E.02119
G1 X138.668 Y137.124 E.3276
G1 X138.397 Y136.124 E.03542
G1 X136.762 Y147.493 E.39263
G1 X136.22 Y148.376 E.03542
G1 X138.125 Y135.125 E.45762
G1 X138.082 Y134.968 E.00556
G1 X137.81 Y134.43 E.02061
G1 X135.721 Y148.954 E.50158
G1 X135.231 Y149.475 E.02445
G1 X137.486 Y133.791 E.54164
G1 X137.162 Y133.153 E.02446
G1 X134.741 Y149.996 E.58166
G1 X134.25 Y150.517 E.02447
G1 X136.839 Y132.515 E.6217
G1 X136.792 Y132.422 E.00356
G1 X136.491 Y132.045 E.01649
G1 X133.784 Y150.87 E.65012
G1 X133.322 Y151.194 E.01929
G1 X136.139 Y131.604 E.67653
G1 X135.787 Y131.163 E.01929
G1 X132.86 Y151.519 E.70299
G1 X132.399 Y151.843 E.01926
G1 X135.435 Y130.721 E.72944
G1 X135.084 Y130.28 E.01927
G1 X131.937 Y152.167 E.75586
G3 X131.49 Y152.386 I-1.073 J-1.627 E.01706
G1 X134.73 Y129.85 E.77827
G1 X134.376 Y129.426 E.01888
G1 X131.047 Y152.577 E.79951
G1 X130.604 Y152.768 E.01649
G1 X134.021 Y129.002 E.82075
G1 X133.667 Y128.578 E.01888
M73 Q93 S2
G1 X130.161 Y152.96 E.84202
G1 X129.718 Y153.151 E.01649
M73 P93 R2
G1 X133.313 Y128.154 E.86327
G1 X132.958 Y127.73 E.0189
G1 X129.276 Y153.343 E.88453
G1 X129.223 Y153.366 E.00197
G1 X128.846 Y153.444 E.01316
G1 X130.44 Y142.356 E.38292
G1 X130.631 Y141.981 E.01439
G2 X130.72 Y141.707 I-1.011 J-.48 E.00988
G1 X130.968 Y140.142 E.05416
G1 X130.977 Y139.943 E.00681
G1 X130.878 Y139.308 E.02197
G1 X132.619 Y127.202 E.41808
G1 X132.281 Y126.66 E.02183
G1 X130.644 Y138.05 E.39335
G1 X130.32 Y137.41 E.02452
G1 X131.944 Y126.118 E.38997
G1 X131.607 Y125.576 E.02182
G1 X129.997 Y136.774 E.38672
G2 X129.65 Y136.292 I-1.205 J.501 E.02048
G1 X131.279 Y124.967 E.39111
G1 X130.962 Y124.282 E.0258
G1 X129.288 Y135.926 E.40212
G1 X128.925 Y135.56 E.01762
G1 X130.645 Y123.598 E.4131
G1 X130.23 Y123.598 E.01419
G1 X128.561 Y135.203 E.40078
G2 X128.178 Y134.979 I-1.078 J1.403 E.01521
G1 X129.814 Y123.598 E.39304
G1 X129.399 Y123.598 E.01419
G1 X127.791 Y134.782 E.38624
G1 X127.404 Y134.585 E.01484
G1 X128.984 Y123.598 E.37943
G1 X128.568 Y123.598 E.01422
M73 P93 R1
M73 Q93 S1
G1 X127.017 Y134.387 E.37259
G2 X126.618 Y134.273 I-.478 J.912 E.01428
G1 X128.153 Y123.598 E.36866
G1 X127.738 Y123.598 E.01419
G1 X126.212 Y134.207 E.36638
G1 X125.807 Y134.14 E.01403
G1 X127.322 Y123.598 E.36406
G1 X126.907 Y123.598 E.01419
G1 X125.401 Y134.074 E.36178
G2 X124.993 Y134.022 I-.564 J2.768 E.01407
G1 X126.492 Y123.598 E.35999
G1 X126.077 Y123.597 E.01419
G1 X124.569 Y134.079 E.362
G1 X124.144 Y134.148 E.01472
G1 X125.661 Y123.597 E.36437
G1 X125.246 Y123.597 E.01419
G1 X123.719 Y134.218 E.36679
G1 X123.294 Y134.287 E.01472
G1 X124.831 Y123.597 E.36918
G1 X124.415 Y123.597 E.01422
G1 X122.854 Y134.453 E.37491
G1 X122.406 Y134.681 E.01718
G1 X124 Y123.597 E.38278
G1 X123.585 Y123.597 E.01419
G1 X121.958 Y134.91 E.39069
G1 X121.508 Y135.149 E.01742
G1 X123.169 Y123.597 E.39894
G1 X122.754 Y123.597 E.01419
G1 X121.027 Y135.609 E.41483
G1 X120.541 Y136.099 E.02359
G1 X122.339 Y123.597 E.43175
G1 X121.923 Y123.597 E.01422
G1 X119.958 Y137.267 E.47209
G1 E-.64 F2100
;WIPE_START
G1 F9600
G1 X120.068 Y136.505 E-.16
;WIPE_END
G1 X129.942 Y142.929 Z7.406 F12000
G1 Z7.2 F720
G1 E.8 F1500
G1 X128.418 Y153.532 E.36617
G1 X127.99 Y153.621 E.01494
M73 Q94 S1
G1 X129.374 Y143.993 E.3325
G1 X128.889 Y144.478 E.02345
M73 P94 R1
G1 X127.562 Y153.709 E.31879
G1 X127.134 Y153.798 E.01494
G1 X128.413 Y144.899 E.30732
G1 X127.964 Y145.13 E.01726
G1 X126.705 Y153.886 E.30239
G3 X126.282 Y153.944 I-.395 J-1.321 E.01465
G1 X127.516 Y145.358 E.29651
G1 X127.068 Y145.587 E.0172
G1 X125.867 Y153.944 E.2886
G1 X125.451 Y153.944 E.01422
G1 X126.632 Y145.732 E.2836
G1 X126.207 Y145.799 E.01471
G1 X125.036 Y153.944 E.28128
G1 X124.621 Y153.944 E.01419
G1 X125.782 Y145.866 E.27897
G1 X125.357 Y145.934 E.01471
G1 X124.205 Y153.944 E.27662
G1 X123.79 Y153.944 E.01419
G1 X124.936 Y145.974 E.27524
G1 X124.529 Y145.916 E.01405
G1 X123.38 Y153.904 E.27586
G1 X122.977 Y153.821 E.01406
G1 X124.123 Y145.851 E.27524
G1 X123.717 Y145.787 E.01405
G1 X122.574 Y153.737 E.27455
G1 X122.17 Y153.654 E.0141
G1 X123.311 Y145.723 E.2739
G3 X122.916 Y145.578 I.216 J-1.204 E.01446
G1 X121.767 Y153.57 E.276
G1 X121.364 Y153.487 E.01406
G1 X122.529 Y145.381 E.27994
G1 X122.142 Y145.184 E.01484
G1 X120.96 Y153.403 E.28384
G3 X120.564 Y153.273 I.189 J-1.243 E.01431
G1 X121.755 Y144.987 E.28615
G3 X121.375 Y144.742 I.546 J-1.265 E.01553
G1 X120.173 Y153.104 E.28878
G1 X119.782 Y152.935 E.01456
G1 X121.012 Y144.379 E.29548
G1 X120.649 Y144.016 E.01755
G1 X119.391 Y152.766 E.30218
G1 X119 Y152.597 E.01456
G1 X120.286 Y143.653 E.30888
G3 X119.947 Y143.116 I1.283 J-1.184 E.02183
G1 X118.609 Y152.428 E.32158
G1 X118.218 Y152.259 E.01456
G1 X119.624 Y142.48 E.33771
G3 X119.316 Y141.855 I7.328 J-3.988 E.02382
G1 X119.305 Y141.808 E.00165
G1 X117.838 Y152.009 E.35229
G1 X117.461 Y151.744 E.01575
G1 X121.508 Y123.597 E.97205
G1 X121.093 Y123.597 E.01419
G1 X117.084 Y151.479 E.96289
G1 X116.706 Y151.215 E.01576
G1 X120.677 Y123.597 E.95378
G1 X120.262 Y123.597 E.01419
G1 X116.329 Y150.95 E.94463
G1 X115.952 Y150.685 E.01575
G1 X119.847 Y123.597 E.93548
G1 X119.431 Y123.597 E.01422
G1 X115.586 Y150.343 E.92366
G1 X115.225 Y149.96 E.01799
G1 X118.862 Y124.669 E.87342
G3 X118.293 Y125.737 I-7.459 J-3.288 E.0414
G1 X114.865 Y149.577 E.82331
G1 X114.505 Y149.194 E.01797
M73 P95 R1
M73 Q95 S1
G1 X117.753 Y126.605 E.7801
G1 X117.213 Y127.473 E.03494
G1 X114.145 Y148.811 E.7369
G3 X113.79 Y148.391 I1.333 J-1.487 E.01886
G1 X116.702 Y128.137 E.69946
G1 X116.2 Y128.737 E.02674
G1 X113.453 Y147.843 E.65982
G1 X113.117 Y147.295 E.02197
G1 X115.699 Y129.337 E.62017
G1 X115.197 Y129.937 E.02674
G1 X112.78 Y146.747 E.58053
G1 X112.444 Y146.199 E.02197
G1 X114.692 Y130.561 E.54005
G1 X114.185 Y131.197 E.0278
G1 X112.138 Y145.436 E.49174
G1 X111.841 Y144.614 E.02988
G1 X113.679 Y131.832 E.44142
G1 X113.208 Y132.422 E.02581
G1 X113.167 Y132.504 E.00313
G1 X111.544 Y143.792 E.38983
G1 X111.401 Y143.397 E.01436
G1 X111.293 Y142.646 E.02594
G1 X112.587 Y133.648 E.31074
G1 X112.007 Y134.791 E.04381
G1 X111.085 Y141.202 E.2214
G1 X110.995 Y140.572 E.02175
G1 X111.169 Y137.734 E.09719
G1 X111.385 Y136.23 E.05194
G1 E-.64 F2100
;WIPE_START
G1 F9600
G1 X111.275 Y136.992 E-.16
;WIPE_END
M486 S-1
M486 S1
G1 X125 Y134.375 Z7.444 F12000
G1 Z7.2 F720
G1 E.8 F1500
;TYPE:Overhang perimeter
;WIDTH:0.449999
G1 F900
G1 X125.096 Y134.375 E.00325
G1 X126.647 Y134.621 E.05316
G1 X127.343 Y134.942 E.02594
G1 X128.229 Y135.393 E.03365
G1 X128.691 Y135.813 E.02113
G1 X129.494 Y136.617 E.03846
G1 X129.607 Y136.771 E.00647
G1 X130.321 Y138.172 E.05323
G1 X130.379 Y138.353 E.00643
G1 X130.625 Y139.904 E.05316
G1 X130.625 Y140.096 E.0065
G1 X130.379 Y141.647 E.05316
G1 X130.065 Y142.33 E.02544
G1 X129.607 Y143.229 E.03415
G1 X129.494 Y143.383 E.00647
G1 X128.383 Y144.494 E.05318
G1 X127.873 Y144.788 E.01993
G1 X126.829 Y145.32 E.03966
G1 X126.647 Y145.379 E.00648
G1 X125.096 Y145.625 E.05316
G1 X124.67 Y145.588 E.01447
G1 X123.353 Y145.379 E.04514
G1 X123.171 Y145.32 E.00648
G1 X121.771 Y144.607 E.05318
G1 X121.564 Y144.442 E.00896
G1 X120.506 Y143.383 E.05067
G1 X120.393 Y143.229 E.00647
G1 X119.68 Y141.829 E.05318
G1 X119.621 Y141.647 E.00648
G1 X119.375 Y140.096 E.05316
G1 X119.508 Y139.068 E.03509
G1 X119.621 Y138.353 E.0245
G1 X119.68 Y138.171 E.00648
G1 X120.393 Y136.771 E.05318
G1 X120.506 Y136.617 E.00647
G1 X121.617 Y135.506 E.05318
G1 X121.771 Y135.393 E.00647
G1 X123.171 Y134.68 E.05318
G1 X123.499 Y134.598 E.01144
G1 X124.904 Y134.375 E.04815
G1 X124.94 Y134.375 E.00122
G1 X125 Y134.772 F12000
G1 F900
G1 X126.438 Y135 E.04928
G1 X126.644 Y135.043 E.00712
G1 X128.073 Y135.771 E.05429
G1 X129.229 Y136.927 E.05534
G1 X129.957 Y138.356 E.05429
G1 X130.09 Y139.132 E.02665
G1 X130.228 Y140 E.02975
G1 X129.977 Y141.584 E.05429
G1 X129.702 Y142.145 E.02115
G1 X129.229 Y143.073 E.03526
G1 X128.148 Y144.154 E.05175
G1 X128.044 Y144.244 E.00466
G1 X126.615 Y144.972 E.05429
G1 X125.266 Y145.186 E.04623
G1 X124.968 Y145.223 E.01016
G1 X123.385 Y144.972 E.05425
G1 X122.312 Y144.425 E.04077
G1 X121.904 Y144.207 E.01566
G1 X120.771 Y143.073 E.05426
G1 X120.298 Y142.145 E.03526
G1 X120.028 Y141.615 E.02013
G1 X119.777 Y140.032 E.05425
G1 X119.91 Y139.132 E.03079
G1 X120.028 Y138.385 E.0256
G1 X120.771 Y136.927 E.05539
G1 X121.597 Y136.101 E.03954
G1 X121.956 Y135.756 E.01685
G1 X123.385 Y135.028 E.05429
G1 X124.941 Y134.782 E.05332
G1 E-.64 F2100
;WIPE_START
G1 F9600
G1 X125 Y134.772 E-.01244
G1 X125.701 Y134.883 E-.14756
;WIPE_END
G1 X119.125 Y123.256 Z7.433 F12000
G1 Z7.2 F720
G1 E.8 F1500
G1 F900
G1 X119.127 Y123.251 E.00018
G1 X120.724 Y123.251 E.05406
G1 X130.882 Y123.252 E.34384
G1 X130.925 Y123.365 E.00409
G1 X131.556 Y124.753 E.05161
G1 X131.861 Y125.334 E.02221
G1 X132.753 Y126.765 E.05708
G1 X133.239 Y127.533 E.03076
G1 X135.225 Y129.902 E.10464
G1 X137.084 Y132.234 E.10095
G1 X138.407 Y134.843 E.09902
G1 X139.174 Y137.666 E.09902
G1 X139.353 Y140.586 E.09902
G1 X138.936 Y143.481 E.099
G1 X137.942 Y146.233 E.09904
G1 X136.411 Y148.725 E.099
G1 X134.407 Y150.856 E.09902
G1 X132.012 Y152.537 E.09904
G1 X129.327 Y153.697 E.099
G1 X126.463 Y154.29 E.099
G1 X123.537 Y154.29 E.09904
G1 X120.673 Y153.697 E.099
G1 X117.988 Y152.537 E.099
G1 X115.593 Y150.856 E.09904
G1 X113.589 Y148.725 E.09902
M73 Q96 S1
G1 X112.058 Y146.233 E.099
G1 X111.064 Y143.481 E.09904
M73 P96 R1
G1 X110.647 Y140.586 E.099
G1 X110.826 Y137.666 E.09902
G1 X111.593 Y134.843 E.09902
G1 X112.916 Y132.234 E.09902
G1 X114.775 Y129.902 E.10095
G1 X116.122 Y128.295 E.07098
G1 X116.811 Y127.464 E.03654
G1 X117.761 Y125.94 E.06079
G1 X118.163 Y125.293 E.02578
G1 X118.451 Y124.738 E.02116
G1 X119.1 Y123.311 E.05306
G1 X118.83 Y122.843 F12000
G1 F900
G1 X120.025 Y122.844 E.04045
G1 X131.171 Y122.845 E.37728
G1 X131.295 Y123.197 E.01263
G1 X131.922 Y124.574 E.05121
G1 X132.206 Y125.118 E.02077
G1 X133.098 Y126.549 E.05708
G1 X133.551 Y127.272 E.02888
G1 X135.54 Y129.645 E.10481
G1 X137.429 Y132.013 E.10253
G1 X138.789 Y134.696 E.10182
G1 X139.578 Y137.6 E.10186
G1 X139.762 Y140.603 E.10184
G1 X139.333 Y143.581 E.10184
G1 X138.311 Y146.41 E.10182
G1 X136.736 Y148.974 E.10185
G1 X134.675 Y151.165 E.10182
G1 X132.212 Y152.894 E.10186
G1 X129.451 Y154.088 E.10182
G1 X126.504 Y154.697 E.10186
G1 X123.496 Y154.697 E.10182
G1 X120.549 Y154.088 E.10186
G1 X117.788 Y152.894 E.10182
G1 X115.325 Y151.165 E.10186
G1 X113.264 Y148.974 E.10182
G1 X111.689 Y146.41 E.10185
G1 X110.667 Y143.581 E.10182
G1 X110.238 Y140.603 E.10184
G1 X110.422 Y137.6 E.10184
G1 X111.211 Y134.696 E.10186
G1 X112.571 Y132.013 E.10182
G1 X114.46 Y129.645 E.10253
G1 X115.81 Y128.034 E.07115
G1 X116.466 Y127.249 E.03463
G1 X117.416 Y125.724 E.06082
G1 X117.802 Y125.105 E.02469
G1 X118.08 Y124.569 E.02044
G1 X118.707 Y123.191 E.05124
G1 X118.81 Y122.9 E.01045
G1 E-.64 F2100
;WIPE_START
G1 F9600
G1 X118.83 Y122.843 E-.01255
G1 X119.539 Y122.843 E-.14745
;WIPE_END
G1 X138.467 Y144.302 Z7.699 F12000
G1 Z7.2 F720
G1 E.8 F1500
;TYPE:Bridge infill
;WIDTH:0.45402
G1 X139.005 Y140.562 E.12916
G1 X138.88 Y138.536 E.06939
G1 X137.906 Y145.315 E.23411
G1 X137.629 Y146.082 E.02788
G1 X137.304 Y146.61 E.02119
G1 X138.668 Y137.124 E.3276
G1 X138.397 Y136.124 E.03542
G1 X136.762 Y147.493 E.39263
G1 X136.22 Y148.376 E.03542
G1 X138.125 Y135.125 E.45762
G1 X138.082 Y134.968 E.00556
G1 X137.81 Y134.43 E.02061
G1 X135.721 Y148.954 E.50158
G1 X135.231 Y149.475 E.02445
G1 X137.486 Y133.791 E.54164
G1 X137.162 Y133.153 E.02446
G1 X134.741 Y149.996 E.58166
G1 X134.25 Y150.517 E.02447
G1 X136.839 Y132.515 E.6217
G1 X136.792 Y132.422 E.00356
G1 X136.491 Y132.045 E.01649
G1 X133.784 Y150.87 E.65012
G1 X133.322 Y151.194 E.01929
M73 P96 R0
M73 Q96 S0
G1 X136.139 Y131.604 E.67653
G1 X135.787 Y131.163 E.01929
G1 X132.86 Y151.519 E.70299
G1 X132.399 Y151.843 E.01926
G1 X135.435 Y130.721 E.72944
G1 X135.084 Y130.28 E.01927
G1 X131.937 Y152.167 E.75586
G3 X131.49 Y152.386 I-1.073 J-1.627 E.01706
G1 X134.73 Y129.85 E.77827
G1 X134.376 Y129.426 E.01888
M73 P97 R0
M73 Q97 S0
G1 X131.047 Y152.577 E.79951
G1 X130.604 Y152.768 E.01649
G1 X134.021 Y129.002 E.82075
G1 X133.667 Y128.578 E.01888
G1 X130.161 Y152.96 E.84202
G1 X129.718 Y153.151 E.01649
G1 X133.313 Y128.154 E.86327
G1 X132.958 Y127.73 E.0189
G1 X129.276 Y153.343 E.88453
G1 X129.223 Y153.366 E.00197
G1 X128.846 Y153.444 E.01316
G1 X130.44 Y142.356 E.38292
G1 X130.631 Y141.981 E.01439
G2 X130.72 Y141.707 I-1.011 J-.48 E.00988
G1 X130.968 Y140.142 E.05416
G1 X130.977 Y139.943 E.00681
G1 X130.878 Y139.308 E.02197
G1 X132.619 Y127.202 E.41808
G1 X132.281 Y126.66 E.02183
G1 X130.644 Y138.05 E.39335
G1 X130.32 Y137.41 E.02452
G1 X131.944 Y126.118 E.38997
G1 X131.607 Y125.576 E.02182
G1 X129.997 Y136.774 E.38672
G2 X129.65 Y136.292 I-1.205 J.501 E.02048
G1 X131.279 Y124.967 E.39111
G1 X130.962 Y124.282 E.0258
G1 X129.288 Y135.926 E.40212
G1 X128.925 Y135.56 E.01762
G1 X130.645 Y123.598 E.4131
G1 X130.23 Y123.598 E.01419
G1 X128.561 Y135.203 E.40078
G2 X128.178 Y134.979 I-1.078 J1.403 E.01521
G1 X129.814 Y123.598 E.39304
G1 X129.399 Y123.598 E.01419
G1 X127.791 Y134.782 E.38624
G1 X127.404 Y134.585 E.01484
G1 X128.984 Y123.598 E.37943
G1 X128.568 Y123.598 E.01422
G1 X127.017 Y134.387 E.37259
G2 X126.618 Y134.273 I-.478 J.912 E.01428
G1 X128.153 Y123.598 E.36866
G1 X127.738 Y123.598 E.01419
G1 X126.212 Y134.207 E.36638
G1 X125.807 Y134.14 E.01403
G1 X127.322 Y123.598 E.36406
G1 X126.907 Y123.598 E.01419
G1 X125.401 Y134.074 E.36178
G2 X124.993 Y134.022 I-.564 J2.768 E.01407
G1 X126.492 Y123.598 E.35999
G1 X126.077 Y123.597 E.01419
G1 X124.569 Y134.079 E.362
G1 X124.144 Y134.148 E.01472
G1 X125.661 Y123.597 E.36437
G1 X125.246 Y123.597 E.01419
G1 X123.719 Y134.218 E.36679
G1 X123.294 Y134.287 E.01472
G1 X124.831 Y123.597 E.36918
G1 X124.415 Y123.597 E.01422
G1 X122.854 Y134.453 E.37491
G1 X122.406 Y134.681 E.01718
G1 X124 Y123.597 E.38278
G1 X123.585 Y123.597 E.01419
G1 X121.958 Y134.91 E.39069
G1 X121.508 Y135.149 E.01742
G1 X123.169 Y123.597 E.39894
G1 X122.754 Y123.597 E.01419
M73 P98 R0
M73 Q98 S0
G1 X121.027 Y135.609 E.41483
G1 X120.541 Y136.099 E.02359
G1 X122.339 Y123.597 E.43175
G1 X121.923 Y123.597 E.01422
G1 X119.958 Y137.267 E.47209
G1 E-.64 F2100
;WIPE_START
G1 F9600
G1 X120.068 Y136.505 E-.16
;WIPE_END
G1 X129.942 Y142.929 Z7.406 F12000
G1 Z7.2 F720
G1 E.8 F1500
G1 X128.418 Y153.532 E.36617
G1 X127.99 Y153.621 E.01494
G1 X129.374 Y143.993 E.3325
G1 X128.889 Y144.478 E.02345
G1 X127.562 Y153.709 E.31879
G1 X127.134 Y153.798 E.01494
G1 X128.413 Y144.899 E.30732
G1 X127.964 Y145.13 E.01726
G1 X126.705 Y153.886 E.30239
G3 X126.282 Y153.944 I-.395 J-1.321 E.01465
G1 X127.516 Y145.358 E.29651
G1 X127.068 Y145.587 E.0172
G1 X125.867 Y153.944 E.2886
G1 X125.451 Y153.944 E.01422
G1 X126.632 Y145.732 E.2836
G1 X126.207 Y145.799 E.01471
G1 X125.036 Y153.944 E.28128
G1 X124.621 Y153.944 E.01419
G1 X125.782 Y145.866 E.27897
G1 X125.357 Y145.934 E.01471
G1 X124.205 Y153.944 E.27662
G1 X123.79 Y153.944 E.01419
G1 X124.936 Y145.974 E.27524
G1 X124.529 Y145.916 E.01405
G1 X123.38 Y153.904 E.27586
G1 X122.977 Y153.821 E.01406
G1 X124.123 Y145.851 E.27524
G1 X123.717 Y145.787 E.01405
G1 X122.574 Y153.737 E.27455
G1 X122.17 Y153.654 E.0141
G1 X123.311 Y145.723 E.2739
G3 X122.916 Y145.578 I.216 J-1.204 E.01446
G1 X121.767 Y153.57 E.276
G1 X121.364 Y153.487 E.01406
G1 X122.529 Y145.381 E.27994
G1 X122.142 Y145.184 E.01484
G1 X120.96 Y153.403 E.28384
G3 X120.564 Y153.273 I.189 J-1.243 E.01431
G1 X121.755 Y144.987 E.28615
G3 X121.375 Y144.742 I.546 J-1.265 E.01553
G1 X120.173 Y153.104 E.28878
G1 X119.782 Y152.935 E.01456
G1 X121.012 Y144.379 E.29548
G1 X120.649 Y144.016 E.01755
G1 X119.391 Y152.766 E.30218
G1 X119 Y152.597 E.01456
G1 X120.286 Y143.653 E.30888
G3 X119.947 Y143.116 I1.283 J-1.184 E.02183
G1 X118.609 Y152.428 E.32158
G1 X118.218 Y152.259 E.01456
G1 X119.624 Y142.48 E.33771
G3 X119.316 Y141.855 I7.328 J-3.988 E.02382
G1 X119.305 Y141.808 E.00165
G1 X117.838 Y152.009 E.35229
G1 X117.461 Y151.744 E.01575
G1 X121.508 Y123.597 E.97205
G1 X121.093 Y123.597 E.01419
G1 X117.084 Y151.479 E.96289
G1 X116.706 Y151.215 E.01576
G1 X120.677 Y123.597 E.95378
G1 X120.262 Y123.597 E.01419
G1 X116.329 Y150.95 E.94463
G1 X115.952 Y150.685 E.01575
G1 X119.847 Y123.597 E.93548
G1 X119.431 Y123.597 E.01422
M73 Q99 S0
G1 X115.586 Y150.343 E.92366
G1 X115.225 Y149.96 E.01799
M73 P99 R0
G1 X118.862 Y124.669 E.87342
G3 X118.293 Y125.737 I-7.459 J-3.288 E.0414
G1 X114.865 Y149.577 E.82331
G1 X114.505 Y149.194 E.01797
G1 X117.753 Y126.605 E.7801
G1 X117.213 Y127.473 E.03494
G1 X114.145 Y148.811 E.7369
G3 X113.79 Y148.391 I1.333 J-1.487 E.01886
G1 X116.702 Y128.137 E.69946
G1 X116.2 Y128.737 E.02674
G1 X113.453 Y147.843 E.65982
G1 X113.117 Y147.295 E.02197
G1 X115.699 Y129.337 E.62017
G1 X115.197 Y129.937 E.02674
G1 X112.78 Y146.747 E.58053
G1 X112.444 Y146.199 E.02197
G1 X114.692 Y130.561 E.54005
G1 X114.185 Y131.197 E.0278
G1 X112.138 Y145.436 E.49174
G1 X111.841 Y144.614 E.02988
G1 X113.679 Y131.832 E.44142
G1 X113.208 Y132.422 E.02581
G1 X113.167 Y132.504 E.00313
G1 X111.544 Y143.792 E.38983
G1 X111.401 Y143.397 E.01436
G1 X111.293 Y142.646 E.02594
G1 X112.587 Y133.648 E.31074
G1 X112.007 Y134.791 E.04381
G1 X111.085 Y141.202 E.2214
G1 X110.995 Y140.572 E.02175
G1 X111.169 Y137.734 E.09719
G1 X111.385 Y136.23 E.05194
M486 S-1
G1 E-.64 F2100
;WIPE_START
G1 F9600;_WIPE
G1 X111.275 Y136.992 E-.16
;WIPE_END
M107
;TYPE:Custom
; Filament-specific end gcode
G1 Z8.2 F720 ; Move print head up
M104 S0 ; turn off temperature
M140 S0 ; turn off heatbed
M107 ; turn off fan
G1 X241 Y170 F3600 ; park
G1 Z30.2 F300 ; Move print head up
G4 ; wait
M900 K0 ; reset LA
M142 S36 ; reset heatbreak target temp
M84 X Y E ; disable motors
; max_layer_z = 7.2
M73 P100 R0
M73 Q100 S0
; objects_info = {"objects":[{"name":"Part for support structure.stl","polygon":[[129.519,55.697],[132.323,56.909],[134.823,58.664],[136.916,60.889],[138.515,63.492],[139.553,66.365],[139.988,69.388],[139.801,72.437],[139.000,75.385],[137.619,78.110],[133.724,82.872],[132.398,85.000],[131.529,86.848],[130.949,88.412],[130.511,90.096],[130.153,92.137],[130.000,94.495],[130.000,115.505],[130.074,117.219],[130.307,118.979],[130.868,121.323],[131.475,123.025],[132.398,125.000],[133.724,127.128],[137.619,131.890],[139.000,134.615],[139.801,137.563],[139.988,140.612],[139.553,143.635],[138.515,146.508],[136.916,149.111],[134.823,151.336],[132.323,153.091],[129.519,154.303],[126.527,154.922],[123.473,154.922],[120.481,154.303],[117.677,153.091],[115.177,151.336],[113.084,149.111],[111.485,146.508],[110.447,143.635],[110.012,140.612],[110.199,137.563],[111.000,134.615],[112.381,131.890],[116.276,127.128],[117.602,125.000],[118.527,123.020],[119.131,121.325],[119.693,118.981],[119.926,117.221],[120.000,115.505],[120.000,94.495],[119.760,91.407],[119.033,88.360],[118.469,86.843],[117.602,85.000],[116.276,82.872],[112.381,78.110],[111.000,75.385],[110.199,72.437],[110.012,69.388],[110.447,66.365],[111.485,63.492],[113.084,60.889],[115.177,58.664],[117.677,56.909],[120.481,55.697],[123.473,55.078],[126.527,55.078]]},{"name":"Part for support structure_1.stl","polygon":[[129.519,55.697],[132.323,56.909],[134.823,58.664],[136.916,60.889],[138.515,63.492],[139.553,66.365],[139.988,69.388],[139.801,72.437],[139.000,75.385],[137.619,78.110],[133.724,82.872],[132.398,85.000],[131.529,86.848],[130.949,88.412],[130.511,90.096],[130.153,92.137],[130.000,94.495],[130.000,115.505],[130.074,117.219],[130.307,118.979],[130.868,121.323],[131.475,123.025],[132.398,125.000],[133.724,127.128],[137.619,131.890],[139.000,134.615],[139.801,137.563],[139.988,140.612],[139.553,143.635],[138.515,146.508],[136.916,149.111],[134.823,151.336],[132.323,153.091],[129.519,154.303],[126.527,154.922],[123.473,154.922],[120.481,154.303],[117.677,153.091],[115.177,151.336],[113.084,149.111],[111.485,146.508],[110.447,143.635],[110.012,140.612],[110.199,137.563],[111.000,134.615],[112.381,131.890],[116.276,127.128],[117.602,125.000],[118.527,123.020],[119.131,121.325],[119.693,118.981],[119.926,117.221],[120.000,115.505],[120.000,94.495],[119.760,91.407],[119.033,88.360],[118.469,86.843],[117.602,85.000],[116.276,82.872],[112.381,78.110],[111.000,75.385],[110.199,72.437],[110.012,69.388],[110.447,66.365],[111.485,63.492],[113.084,60.889],[115.177,58.664],[117.677,56.909],[120.481,55.697],[123.473,55.078],[126.527,55.078]]}]}
; filament used [mm] = 1546.64
; filament used [cm3] = 3.72
; filament used [g] = 4.61
; filament cost = 0.13
; total filament used [g] = 4.61
; total filament cost = 0.13
; total filament used for wipe tower [g] = 0.00
; estimated printing time (normal mode) = 30m 36s
; estimated printing time (silent mode) = 30m 44s
; estimated first layer printing time (normal mode) = 7m 49s
; estimated first layer printing time (silent mode) = 7m 50s

; prusaslicer_config = begin
; arc_fitting = emit_center
; autoemit_temperature_commands = 1
; automatic_extrusion_widths = 0
; automatic_infill_combination = 0
; automatic_infill_combination_max_layer_height = 100%
; avoid_crossing_curled_overhangs = 0
; avoid_crossing_perimeters = 0
; avoid_crossing_perimeters_max_detour = 0
; bed_custom_model = 
; bed_custom_texture = 
; bed_shape = 0x0,250x0,250x210,0x210
; bed_temperature = 60
; bed_temperature_extruder = 0
; before_layer_gcode = ;BEFORE_LAYER_CHANGE\nG92 E0.0\n;[layer_z]\n\n
; between_objects_gcode = 
; binary_gcode = 0
; bottom_fill_pattern = monotonic
; bottom_solid_layers = 4
; bottom_solid_min_thickness = 0.5
; bridge_acceleration = 1000
; bridge_angle = 0
; bridge_fan_speed = 100
; bridge_flow_ratio = 1
; bridge_speed = 25
; brim_separation = 0.1
; brim_type = outer_only
; brim_width = 0
; chamber_minimal_temperature = 0
; chamber_temperature = 0
; color_change_gcode = M600\nG1 E0.3 F1500 ; prime after color change
; colorprint_heights = 
; compatible_printers_condition_cummulative = "printer_model==\"MK4\" and nozzle_diameter[0]==0.4";"printer_model==\"MK4\" and printer_notes!~/.*MK4IS.*/ and nozzle_diameter[0]!=0.8 and nozzle_diameter[0]!=0.6"
; complete_objects = 0
; cooling = 1
; cooling_perimeter_transition_distance = 10
; cooling_slowdown_logic = consistent_surface
; cooling_tube_length = 5
; cooling_tube_retraction = 91.5
; custom_parameters_filament = ""
; custom_parameters_print = 
; custom_parameters_printer = 
; default_acceleration = 1000
; default_filament_profile = "Prusament PLA @PG"
; default_print_profile = 0.20mm QUALITY @MK4 0.4
; deretract_speed = 25
; disable_fan_first_layers = 1
; dont_support_bridges = 0
; draft_shield = disabled
; duplicate_distance = 6
; elefant_foot_compensation = 0.2
; enable_dynamic_fan_speeds = 0
; enable_dynamic_overhang_speeds = 1
; end_filament_gcode = "; Filament-specific end gcode"
; end_gcode = {if layer_z < max_print_height}G1 Z{z_offset+min(max_layer_z+1, max_print_height)} F720 ; Move print head up{endif}\nM104 S0 ; turn off temperature\nM140 S0 ; turn off heatbed\nM107 ; turn off fan\nG1 X241 Y170 F3600 ; park\n{if layer_z < max_print_height}G1 Z{z_offset+min(max_layer_z+23, max_print_height)} F300 ; Move print head up{endif}\nG4 ; wait\nM900 K0 ; reset LA\nM142 S36 ; reset heatbreak target temp\nM84 X Y E ; disable motors\n; max_layer_z = [max_layer_z]
; ensure_vertical_shell_thickness = enabled
; external_perimeter_acceleration = 700
; external_perimeter_extrusion_width = 0.45
; external_perimeter_speed = 25
; external_perimeters_first = 0
; extra_loading_move = -2
; extra_perimeters = 0
; extra_perimeters_on_overhangs = 0
; extruder_clearance_height = 13
; extruder_clearance_radius = 45
; extruder_colour = ""
; extruder_offset = 0x0
; extrusion_axis = E
; extrusion_multiplier = 1
; extrusion_width = 0.45
; fan_always_on = 1
; fan_below_layer_time = 100
; filament_abrasive = 0
; filament_colour = #FF8000
; filament_cooling_final_speed = 3.5
; filament_cooling_initial_speed = 10
; filament_cooling_moves = 2
; filament_cost = 27.99
; filament_density = 1.24
; filament_deretract_speed = nil
; filament_diameter = 1.75
; filament_flush_speed = 0
; filament_flush_volume = 0
; filament_infill_max_crossing_speed = 0
; filament_infill_max_speed = 0
; filament_load_time = 10.5
; filament_loading_speed = 10
; filament_loading_speed_start = 50
; filament_max_volumetric_speed = 15
; filament_minimal_purge_on_wipe_tower = 15
; filament_multitool_ramming = 0
; filament_multitool_ramming_flow = 10
; filament_multitool_ramming_volume = 10
; filament_notes = ""
; filament_purge_multiplier = 81.25%
; filament_ramming_parameters = "250 100 40.1613 40.3548 40.4516 40.3548 40.2581| 0.05 40.1483 0.45 40.3419 0.95 40.3419 1.45 40.3419 1.95 40.3419 2.45 40.3419 2.95 40.3419 3.45 40.3419 3.95 40.3419 4.45 40.3419 4.95 40.3419"
; filament_retract_before_travel = nil
; filament_retract_before_wipe = nil
; filament_retract_layer_change = nil
; filament_retract_length = nil
; filament_retract_length_toolchange = nil
; filament_retract_lift = nil
; filament_retract_lift_above = nil
; filament_retract_lift_below = nil
; filament_retract_restart_extra = nil
; filament_retract_restart_extra_toolchange = nil
; filament_retract_speed = nil
; filament_seam_gap_distance = nil
; filament_settings_id = "Prusament PLA @PG"
; filament_shrinkage_compensation_xy = 0%
; filament_shrinkage_compensation_z = 0%
; filament_soluble = 0
; filament_spool_weight = 278
; filament_stamping_distance = 45
; filament_stamping_loading_speed = 29
; filament_toolchange_delay = 0
; filament_travel_lift_before_obstacle = nil
; filament_travel_max_lift = 0.6
; filament_travel_ramping_lift = 1
; filament_travel_slope = 1
; filament_type = PLA
; filament_unload_time = 8.5
; filament_unloading_speed = 40
; filament_unloading_speed_start = 30
; filament_vendor = Prusa Polymers
; filament_wipe = nil
; fill_angle = 45
; fill_density = 15%
; fill_pattern = grid
; first_layer_acceleration = 600
; first_layer_acceleration_over_raft = 0
; first_layer_bed_temperature = 60
; first_layer_extrusion_width = 0.5
; first_layer_height = 0.2
; first_layer_infill_speed = 0
; first_layer_speed = 20
; first_layer_speed_over_raft = 30
; first_layer_temperature = 215
; full_fan_speed_layer = 3
; fuzzy_skin = none
; fuzzy_skin_point_dist = 0.8
; fuzzy_skin_thickness = 0.3
; gap_fill_enabled = 1
; gap_fill_speed = 40
; gcode_comments = 0
; gcode_flavor = marlin2
; gcode_label_objects = firmware
; gcode_resolution = 0.008
; gcode_substitutions = 
; high_current_on_filament_swap = 0
; host_type = prusalink
; idle_temperature = 70
; infill_acceleration = 2000
; infill_anchor = 2
; infill_anchor_max = 12
; infill_every_layers = 1
; infill_extruder = 1
; infill_extrusion_width = 0.45
; infill_first = 0
; infill_overlap = 15%
; infill_speed = 120
; interface_shells = 0
; interlocking_beam = 0
; interlocking_beam_layer_count = 2
; interlocking_beam_width = 0.8
; interlocking_boundary_avoidance = 2
; interlocking_depth = 2
; interlocking_orientation = 22.5
; ironing = 0
; ironing_flowrate = 15%
; ironing_spacing = 0.1
; ironing_speed = 15
; ironing_type = top
; layer_gcode = ;AFTER_LAYER_CHANGE\n;[layer_z]
; layer_height = 0.2
; machine_limits_usage = emit_to_gcode
; machine_max_acceleration_e = 2500,2500
; machine_max_acceleration_extruding = 2000,2000
; machine_max_acceleration_retracting = 1200,1200
; machine_max_acceleration_travel = 2000,2000
; machine_max_acceleration_x = 2500,2500
; machine_max_acceleration_y = 2500,2500
; machine_max_acceleration_z = 200,200
; machine_max_feedrate_e = 100,100
; machine_max_feedrate_x = 200,160
; machine_max_feedrate_y = 200,160
; machine_max_feedrate_z = 40,40
; machine_max_jerk_e = 10,10
; machine_max_jerk_x = 8,8
; machine_max_jerk_y = 8,8
; machine_max_jerk_z = 2,2
; machine_max_junction_deviation = 0,0
; machine_min_extruding_rate = 0
; machine_min_travel_rate = 0
; max_fan_speed = 100
; max_layer_height = 0.3
; max_print_height = 220
; max_print_speed = 200
; max_volumetric_extrusion_rate_slope_negative = 0
; max_volumetric_extrusion_rate_slope_positive = 0
; max_volumetric_speed = 0
; min_bead_width = 85%
; min_fan_speed = 100
; min_feature_size = 25%
; min_layer_height = 0.07
; min_print_speed = 15
; min_skirt_length = 4
; mmu_segmented_region_interlocking_depth = 0
; mmu_segmented_region_max_width = 0
; multimaterial_purging = 140
; notes = 
; nozzle_diameter = 0.4
; nozzle_high_flow = 0
; only_one_perimeter_first_layer = 0
; only_retract_when_crossing_perimeters = 0
; ooze_prevention = 0
; output_filename_format = {input_filename_base}_0.4n_{layer_height}mm_{printing_filament_types}_{printer_model}_{print_time}.gcode
; over_bridge_speed = 0
; overhang_fan_speed_0 = 0
; overhang_fan_speed_1 = 0
; overhang_fan_speed_2 = 0
; overhang_fan_speed_3 = 0
; overhang_speed_0 = 15
; overhang_speed_1 = 15
; overhang_speed_2 = 20
; overhang_speed_3 = 25
; overhangs = 1
; parking_pos_retraction = 92
; pause_print_gcode = M601
; perimeter_acceleration = 900
; perimeter_extruder = 1
; perimeter_extrusion_width = 0.45
; perimeter_generator = arachne
; perimeter_speed = 45
; perimeters = 2
; physical_printer_settings_id = 
; post_process = 
; prefer_clockwise_movements = 0
; print_settings_id = 0.20mm QUALITY @MK4 0.4
; printer_model = MK4
; printer_notes = Do not remove the keywords below.\nPRINTER_VENDOR_PRUSA3D\nPRINTER_MODEL_MK4\nPG
; printer_settings_id = Original Prusa MK4 0.4 nozzle
; printer_technology = FFF
; printer_variant = 0.4
; printer_vendor = 
; profile_vendor = Prusa Research
; profile_version = 2.5.1
; raft_contact_distance = 0.2
; raft_expansion = 1.5
; raft_first_layer_density = 90%
; raft_first_layer_expansion = 3
; raft_layers = 0
; remaining_times = 1
; resolution = 0
; retract_before_travel = 1.5
; retract_before_wipe = 80%
; retract_layer_change = 1
; retract_length = 0.8
; retract_length_toolchange = 0
; retract_lift = 0.2
; retract_lift_above = 0
; retract_lift_below = 219
; retract_restart_extra = 0
; retract_restart_extra_toolchange = 0
; retract_speed = 35
; scarf_seam_entire_loop = 0
; scarf_seam_length = 20
; scarf_seam_max_segment_length = 1
; scarf_seam_on_inner_perimeters = 0
; scarf_seam_only_on_smooth = 1
; scarf_seam_placement = nowhere
; scarf_seam_start_height = 0%
; seam_gap_distance = 15%
; seam_position = aligned
; silent_mode = 1
; single_extruder_multi_material = 0
; single_extruder_multi_material_priming = 0
; skirt_distance = 2
; skirt_height = 3
; skirts = 0
; slice_closing_radius = 0.049
; slicing_mode = regular
; slowdown_below_layer_time = 8
; small_perimeter_speed = 25
; solid_infill_acceleration = 1500
; solid_infill_below_area = 0
; solid_infill_every_layers = 0
; solid_infill_extruder = 1
; solid_infill_extrusion_width = 0.45
; solid_infill_speed = 90
; spiral_vase = 0
; staggered_inner_seams = 0
; standby_temperature_delta = -5
; start_filament_gcode = "{if printer_notes!~/.*(MK4IS|XLIS|MK4S|MK3.9S|COREONE).*/}\nM900 K{if nozzle_diameter[filament_extruder_id]==0.4}0.05{elsif nozzle_diameter[filament_extruder_id]==0.25}0.14{elsif nozzle_diameter[filament_extruder_id]==0.3}0.07{elsif nozzle_diameter[filament_extruder_id]==0.35}0.06{elsif nozzle_diameter[filament_extruder_id]==0.6}0.03{elsif nozzle_diameter[filament_extruder_id]==0.5}0.035{elsif nozzle_diameter[filament_extruder_id]==0.8}0.015{else}0{endif} ; Legacy LA\n{else}\nM572 S{if nozzle_diameter[filament_extruder_id]==0.4}0.036{elsif nozzle_diameter[filament_extruder_id]==0.5}0.025{elsif nozzle_diameter[filament_extruder_id]==0.6}0.022{elsif nozzle_diameter[filament_extruder_id]==0.8}0.014{elsif nozzle_diameter[filament_extruder_id]==0.25}0.12{elsif nozzle_diameter[filament_extruder_id]==0.3}0.08{else}0{endif} ; Pressure advance\n{endif}\n\nM142 S36 ; set heatbreak target temp"
; start_gcode = M17 ; enable steppers\nM862.3 P "[printer_model]" ; printer model check\nM862.1 P[nozzle_diameter] A{(filament_abrasive[0] ? 1 : 0)} F{(nozzle_high_flow[0] ? 1 : 0)} ; nozzle check\nM115 U6.5.7+12836\nM555 X{(min(print_bed_max[0], first_layer_print_min[0] + 32) - 32)} Y{(max(0, first_layer_print_min[1]) - 4)} W{((min(print_bed_max[0], max(first_layer_print_min[0] + 32, first_layer_print_max[0])))) - ((min(print_bed_max[0], first_layer_print_min[0] + 32) - 32))} H{((first_layer_print_max[1])) - ((max(0, first_layer_print_min[1]) - 4))}\n\nG90 ; use absolute coordinates\nM83 ; extruder relative mode\n\nM140 S[first_layer_bed_temperature] ; set bed temp\nM104 T0 S{((filament_notes[0]=~/.*MBL160.*/) ? 160 : (filament_notes[0]=~/.*HT_MBL10.*/) ? (first_layer_temperature[0] - 10) : (filament_type[0] == "PC" or filament_type[0] == "PA") ? (first_layer_temperature[0] - 25) : (filament_type[0] == "FLEX") ? 210 : (filament_type[0]=~/.*PET.*/) ? 175 : 170)} ; set extruder temp for bed leveling\nM109 T0 R{((filament_notes[0]=~/.*MBL160.*/) ? 160 : (filament_notes[0]=~/.*HT_MBL10.*/) ? (first_layer_temperature[0] - 10) : (filament_type[0] == "PC" or filament_type[0] == "PA") ? (first_layer_temperature[0] - 25) : (filament_type[0] == "FLEX") ? 210 : (filament_type[0]=~/.*PET.*/) ? 175 : 170)} ; wait for temp\n\nM84 E ; turn off E motor\n\nG28 ; home all without mesh bed level\n\nG1 X42 Y-4 Z5 F4800\n\nM302 S155 ; lower cold extrusion limit to 155C\n\n{if filament_type[initial_tool]=="FLEX"}\nG1 E-4 F2400 ; retraction\n{else}\nG1 E-2 F2400 ; retraction\n{endif}\n\nM84 E ; turn off E motor\n\nG29 P9 X10 Y-4 W32 H4\n\n{if first_layer_bed_temperature[initial_tool]<=60}M106 S100{endif}\n\nG0 Z40 F10000\n\nM190 S[first_layer_bed_temperature] ; wait for bed temp\n\nM107\n\n;\n; MBL\n;\nM84 E ; turn off E motor\nG29 P1 ; invalidate mbl & probe print area\nG29 P1 X0 Y0 W50 H20 C ; probe near purge place\nG29 P3.2 ; interpolate mbl probes\nG29 P3.13 ; extrapolate mbl outside probe area\nG29 A ; activate mbl\n\n; prepare for purge\nM104 S{first_layer_temperature[0]}\nG0 X0 Y-4 Z15 F4800 ; move away and ready for the purge\nM109 S{first_layer_temperature[0]}\n\nG92 E0\nM569 S0 E ; set spreadcycle mode for extruder\n\n;\n; Extrude purge line\n;\nG92 E0 ; reset extruder position\nG1 E{(filament_type[0] == "FLEX" ? 4 : 2)} F2400 ; deretraction after the initial one before nozzle cleaning\nG0 E7 X15 Z0.2 F500 ; purge\nG0 X25 E4 F500 ; purge\nG0 X35 E4 F650 ; purge\nG0 X45 E4 F800 ; purge\nG0 X48 Z0.05 F8000 ; wipe, move close to the bed\nG0 X51 Z0.2 F8000 ; wipe, move quickly away from the bed\n\nG92 E0\nM221 S100 ; set flow to 100%
; support_material = 1
; support_material_angle = 0
; support_material_auto = 1
; support_material_bottom_contact_distance = 0
; support_material_bottom_interface_layers = 0
; support_material_buildplate_only = 1
; support_material_closing_radius = 2
; support_material_contact_distance = 0.2
; support_material_enforce_layers = 0
; support_material_extruder = 0
; support_material_extrusion_width = 0.37
; support_material_interface_contact_loops = 0
; support_material_interface_extruder = 0
; support_material_interface_layers = 3
; support_material_interface_pattern = rectilinear
; support_material_interface_spacing = 0.2
; support_material_interface_speed = 70%
; support_material_pattern = rectilinear
; support_material_spacing = 2
; support_material_speed = 50
; support_material_style = snug
; support_material_synchronize_layers = 0
; support_material_threshold = 45
; support_material_with_sheath = 0
; support_material_xy_spacing = 80%
; support_tree_angle = 40
; support_tree_angle_slow = 30
; support_tree_branch_diameter = 2
; support_tree_branch_diameter_angle = 3
; support_tree_branch_diameter_double_wall = 3
; support_tree_branch_distance = 1
; support_tree_tip_diameter = 0.8
; support_tree_top_rate = 30%
; temperature = 215
; template_custom_gcode = 
; thick_bridges = 0
; thin_walls = 0
; thumbnails = 16x16/QOI, 313x173/QOI, 480x240/QOI, 380x285/PNG
; thumbnails_format = PNG
; toolchange_gcode = 
; toolchange_ordering = optimized
; top_fill_pattern = monotoniclines
; top_infill_extrusion_width = 0.4
; top_one_perimeter_type = none
; top_solid_infill_acceleration = 800
; top_solid_infill_speed = 40
; top_solid_layers = 5
; top_solid_min_thickness = 0.7
; travel_acceleration = 0
; travel_lift_before_obstacle = 0
; travel_max_lift = 1.5
; travel_ramping_lift = 1
; travel_short_distance_acceleration = 0
; travel_slope = 1
; travel_speed = 200
; travel_speed_z = 12
; use_firmware_retraction = 0
; use_relative_e_distances = 1
; use_volumetric_e = 0
; variable_layer_height = 1
; wall_distribution_count = 1
; wall_transition_angle = 10
; wall_transition_filter_deviation = 25%
; wall_transition_length = 100%
; wipe = 1
; wipe_into_infill = 0
; wipe_into_objects = 0
; wipe_tower = 1
; wipe_tower_acceleration = 0
; wipe_tower_bridging = 10
; wipe_tower_brim_width = 2
; wipe_tower_cone_angle = 0
; wipe_tower_extra_flow = 100%
; wipe_tower_extra_spacing = 100%
; wipe_tower_extruder = 0
; wipe_tower_no_sparse_layers = 0
; wipe_tower_width = 60
; wiping_volumes_matrix = 0
; wiping_volumes_use_custom_matrix = 0
; xy_size_compensation = 0
; z_offset = 0
; prusaslicer_config = end
